grant_id,title,abstract,funder,status,amount_gbp,start_date,end_date,source_url
00082994-6774-4061-A06F-00EC3C928876,Quantum Algorithms for Nonlinear Differential Equations - QuANDiE,"Abstracts are not currently available in GtR for all funded research. This is normally because the abstract was not required at the time of proposal submission, but may be because it included sensitive information such as personal details.",Research Grant,Closed,0,,,https://gtr.ukri.org/projects?ref=00082994-6774-4061-A06F-00EC3C928876
03E282E3-DFF0-4794-ADE0-00B1A7BA0ED8,Wittos - Mobile Internet Analytics &amp; Predictive Content Over WiFi,"The increasing availability and uptake of smart mobile devices offering broadband
connectivity has raised demand for a smarter in-store experience, specifically a means for
bricks and mortar retailers to connect to and engage with their customers. Whilst analytics of
traditional Internet user behaviour has matured, and a myriad of solutions offering insight and
engagement have evolved, no comparable solutions exist to offer retailers insight into a
customer's online behaviour whilst within their premises.
Wittos has developed a breakthrough new solution that offers real-time actionable intelligence
and awareness of the customer's in-store intentions. This technology forms the core of the
Wittos platform which builds upon a traditional Wireless hotspot offering Internet
connectivity. Wittos combines data gathered from the user's online activity, their physical
location and path through a venue and uses this to match their actions to a behavioural profile
(companion or shopper). This profile can then be matched with products of interest (their
online focus) and acted upon to serve the most relevant content to user or improving their instore
experience by providing real-time intelligence to staff on the floor. This reactive
intelligence offers the retailer a means to increase the customer’s dwell time and increase the
chance that an in-store customer transacts.
This technology will offer traditional retailers a competitive advantage as relevant alternatives
to their purely electronic competitors, a greatly improved in-store customer experience and the
ability to match demand and supply in real-time.",GRD Proof of Concept,Closed,0,,,https://gtr.ukri.org/projects?ref=03E282E3-DFF0-4794-ADE0-00B1A7BA0ED8
07828D21-A20E-4368-9D88-015A30686E6F,Role of avian dendritic cells,"Abstracts are not currently available in GtR for all funded research. This is normally because the abstract was not required at the time of proposal submission, but may be because it included sensitive information such as personal details.",Institute Project,Closed,0,,,https://gtr.ukri.org/projects?ref=07828D21-A20E-4368-9D88-015A30686E6F
007662E8-5AFF-497A-A1FD-00246571593F,Probing the structure and function of a super-rogue photosystem II complex involved in chlorophyll f synthesis,"There is an urgent need to develop new strategies to improve crop yield to feed the ever-growing global population. Crop plants grow because they use the energy of sunlight to drive the conversion of atmospheric carbon dioxide into biomass. This process of photosynthesis is relatively inefficient with much less than 1% of the incident solar energy converted into stored chemical energy. One straightforward way to improve photosynthetic efficiency is to capture more of the sunlight in the first place. Plants rely on chlorophyll pigments (as well as some accessory pigments) to absorb light to drive photosynthesis. The chemical nature of the chlorophyll pigments found in plants necessarily means that photosynthesis is restricted to the visible region of the solar spectrum. In recent years, however, several strains of cyanobacteria, which perform plant-like photosynthesis, have been discovered that make modified forms of chlorophyll that absorb light in the far-red region of the spectrum. If these far-red chlorophylls could be made in plants and assembled correctly in the photosynthetic apparatus, the number of photons of light that could be used to drive photosynthesis could be increased by up to 19%, a considerable increase in efficiency. One of the far-red absorbing chlorophylls is chlorophyll f (Chl f). In order to make Chl f in plants, an important first step is to identify and characterise the cyanobacterial enzyme that synthesises Chl f. In a recent breakthrough, Don Bryant and colleagues in the USA showed that Chl f synthesis was dependent on the ChlF protein subunit which, somewhat surprisingly, was found to be related to one of the proteins present in the well-studied photosystem II complex which catalyses the light-driven oxidation of water to oxygen characteristic of plant photosynthesis. In follow-up work, we have discovered that ChlF does not act alone, as was originally thought, but is part of a new type of PSII complex, which we term the super-rogue PSII complex. The super-rogue PSII complex shows clear similarities to regular PSII but has evolved to make Chl f rather than split water into oxygen. Chl f is made from the Chl a pigment through an oxidation reaction involving molecular oxygen; but the chemistry involved in this process is currently unknown. In this application, we propose to study the structure and mechanism of the newly identified super-rogue PSII complex in unprecedented detail. We aim to investigate whether the super-rogue complex is photochemically active and will test the hypothesis that the super-rogue PSII complex activates molecular oxygen into a reactive form that oxidises a Chl a molecule bound to a specific site in the super-rogue PSII complex. The project involves a team of scientists with skills in microbiology, molecular biology, biochemistry and spectroscopy. Our experimental approaches are diverse and involve working on biochemically pure protein complexes as well studying cyanobacterial mutants expressing Chl f. Ultimately our studies will provide important new knowledge on a new type of photosystem II complex that will underpin future work producing Chl f in crop plants.",Research Grant,Closed,0,,,https://gtr.ukri.org/projects?ref=007662E8-5AFF-497A-A1FD-00246571593F
07832667-2BC4-4857-A4FF-019CD66E6D4F,A CELL ATLAS OF THE DEVELOPING HUMAN SENSORY NERVOUS SYSTEM: INVESTIGATING DEVELOPMENT TO UNDERSTAND DISEASE,"Context of the research:
Pain is the main reason that diseases of the muscles and joints lead to disability. In particular, for the tens of millions of individuals who suffer from Osteoarthritis (OA) , pain can be debilitating at end stages and be present even at rest, preventing the use of joints in the hand, hip and knees. Around the world, this tremendous societal and monetary burden is set to rise alongside an aging population. Currently, there is no cure for osteoarthritis and end stage disease is treated with joint replacement, a costly and major operation. Importantly, we lack effective pain-relief medications for OA.

Until recently, it was thought that wear-and-tear of the protective lining of the joint, and increased bone-to-bone contact is what leads to pain in disease. Interestingly, recent studies from various research groups have shown that new nerves sprout into the joint surface as part of the disease process of OA. These nerves appear to be present in individuals with painful OA, but is absent in those with less painful OA. In adulthood, nerves normally have limited capacity to grow, so this leads us to think that disease nerves are driven by processes similar to those that are active when we our nervous system begins to develop while an embryo in the womb. 

The objective of this project is therefore to apply cutting edge technology to investigate the development of the human sensory nervous, comparing it to what happens in disease, with the aim of identifying novel ways of interfering with it, in order to treat pain.

Aims and objectives:
First, we aim to understand how the sensory nervous system forms in the developing human. To achieve this, we will use single-cell sequencing technologies. This will allow us to detect what drives different types of developing nerves, one by one. We aim to form a classification system for these nerves, sorting them by their function, for example, some nerves may sense touch and others may sense pain, and they might be driven by different signals to grow.
Secondly, we will map the distribution of these developing nerves in space, using a type of technology known as spatial transcriptomics. This will form an atlas of the nerves throughout the body and allow us to understand how nerves are queued to grow towards their destination during development. 

Then, we will map nerves in the diseased human osteoarthritic knee joint in adulthood. We will apply innovative technologies to first identify areas where nerves are present, and then sequence the genes activated within these areas. This will allow us to understand whether nerves growing in disease are similar or different to nerves that grow during development.Lastly, we will use computational programs to compare developmental nerves to disease-nerves. This will allow us to decide how to target the disease-nerves.

Potential applications and benefits:
We will be the first group to perform single-cell sequencing on the developing nervous system in human. This will allow discovery of new cell-types, and create an atlas for them throughout the human body. 
These findings will further our understanding of all painful conditions. In the case of osteoarthritis, it may allow us to identify targets that can be exploited to allow depletion of the pain-associated nerves described above. We aim to disseminate our findings to allow public access by the research community. This will lead to improved understanding of other diseases, such as in cancer, where nerves can also sprout during the disease process.

In the long term, our findings can also be applied to help improve models of nerves grown in the laboratory, and potentially also inform ways of promoting nerves to regenerate in the body.",Fellowship,Closed,0,,,https://gtr.ukri.org/projects?ref=07832667-2BC4-4857-A4FF-019CD66E6D4F
03E55638-AD33-4353-BE3E-00A85A5C6DF8,Post-Translational Modifications Orchestrate Organ Symmetry,"A major challenge during morphogenesis includes the establishment of symmetry types, such as radial and bilateral symmetry: a developmental commitment which greatly impacts on organ function. In humans, defects in organ-symmetry establishment leads to malformation and diseases, but despite its importance, our knowledge about symmetry foundation in multicellular organisms is very limited. Less intuitively, organ symmetry establishment is fundamental for plant survival too.

Therefore, the aim of this project is to shed light on a new mechanism regulating radial and bilateral symmetry establishment during plant organogenesis, using A.thaliana as a model; investigating how a specific post-translational modifications underpins direct protein interactions between key regulators of plant organ symmetry, which in turn switches on and off gene expression, precisely and quickly, during organ development.",Studentship,Closed,0,,,https://gtr.ukri.org/projects?ref=03E55638-AD33-4353-BE3E-00A85A5C6DF8
0096EA78-5A08-49FA-9F1F-003344C4FA97,Investigating the Regulation and Replication of R-loops at Telomeres,"Eukaryotic chromosomes are capped at each end by specialised nucleoprotein structures called telomeres, which are mutated or altered in essentially all incidences of cancer. Telomeres are transcribed into a non-coding RNA called TERRA, which forms a three-stranded R-loop structure in which the RNA remains bound to the template. R-loops are particularly prevalent at telomeres in ALT-type cancer cells, where they are thought to prevent efficient replication of the chromosome end. This project will identify novel R-loop regulating factors at telomeres and examine how TERRA-based R-loops regulate and influence the telomere replication process.",Studentship,Active,0,,,https://gtr.ukri.org/projects?ref=0096EA78-5A08-49FA-9F1F-003344C4FA97
040C2814-53E6-488F-BDA9-01B1A0F63777,Random metrics on the CLE carpet,"Conformal loop ensembles (CLE) are random collections of loops defined in simply connected domains. They exhibit a fractal structure and arise as conjectured and proved scaling limits of a number of lattice models from Statistical Physics.
Since their introduction, connections between CLE, Schramm-Loewner evolution (SLE) curves, and the Gaussian Free Field (GFF) have been shown and categorized. In this project we consider natural random metrics defined on the set of points not surrounded by CLE loops (the CLE carpet) and investigate their properties. A first goal is to build on the relationship between CLE, SLE, and the GFF to show that geodesics in a natural CLE metric are singular with respect to SLE. This disproves a conjecture from 2014 that was based on empirical results.",Studentship,Closed,0,,,https://gtr.ukri.org/projects?ref=040C2814-53E6-488F-BDA9-01B1A0F63777
045FB772-28BF-4EE1-B494-005C814D548E,Cuba: Application of 'omics in the metabolic study of high cell density continuous cell cultures of recombinant NS0 myeloma cell lines,"Abstracts are not currently available in GtR for all funded research. This is normally because the abstract was not required at the time of proposal submission, but may be because it included sensitive information such as personal details.",Research Grant,Closed,0,,,https://gtr.ukri.org/projects?ref=045FB772-28BF-4EE1-B494-005C814D548E
048A023D-A750-4833-A8EB-01CBEB81050C,The evolution of parasitic sex ratio distortion,"Host-parasite interactions are pervasive throughout the natural world, forming a critical component of plant and animal communities. Among them, parasites that distort host sex ratios are widespread in invertebrates. The effect of sex ratio distorters can have a powerful effect on biodiversity; they can cause populations to become extinct and change the composition of animals in the community. Additionally as they can affect harmful as well as beneficial hosts, there is currently a great deal of interest in the use of such parasites for biological control. Sex ratio distortion has evolved in diverse parasites (eukaryotes and bacteria) and affects diverse hosts. Why distort sex ratio? These parasites are passed from mother to offspring in the eggs and are only transmitted by females. These parasites have evolved a number of strategies to increase the relative frequency of female hosts (so increasing the spread of the parasite). Feminisation is induced by the bacterium Wolbachia and by microsporidia (eukaryotic parasites) in Crustacea. In contrast Wolbachia causes male killing in insects. Discovering the mechanisms of male killing and feminisation is key to understanding host-parasite coevolution. We propose that these intracellular parasites are most likely to act by secreting molecules into the host cell which will then influence host molecular pathways, they may modify the response to external hormonal signals or even induce programmed cell death (apoptosis). Such changes could disrupt patterns of sexual development or lead to sex-specific embryo mortality. AIMS: We will investigate the evolution of sex ratio distortion in distantly related parasites by testing the hypotheses that - Similar mechanisms lead to contrasting strategies of sexual manipulation by Wolbachia (male killing in insect hosts, feminisation in crustacean hosts) - Parallel mechanisms of feminisation have evolved in distantly related parasites (Wolbachia and microsporidia) OBJECTIVES I. WE WILL INVESTIGATE THE MOLECULAR BASIS OF WOLBACHIA INDUCED MALE KILLING AND FEMINISATION. We will use state of the art techniques (proteomics) to identify molecules secreted into the host cytoplasm that cause feminisation or male killing, and to follow the changes they induce in the host. We will study this initially in the Drosophila (fruit fly)/Wolbachia male killing system. The genome of both these organisms is known and will help us to identify proteins and their function. We will then go on to study feminising Wolbachia in the crustacean Armadillidium vulgare (woodlouse). II. WE WILL INVESTIGATE THE CELLULAR BASIS OF WOLBACHIA AND MICROSPORIDIA INDUCED FEMINISATION BY TESTING FOR MANIPULATION OF THE PATTERN OF CELL DEATH IN THE DEVELOPING HOST Parasites cause feminisation in Crustacea by inhibiting development of the androgenic gland (the gland that controls male sexual differentiation). To pinpoint the site of action, we will map the distribution of feminising microsporidia and Wolbachia during sexual differentiation of their crustacean hosts. We have recently observed an association between male killing in Drosophila bifasciata by Wolbachia and apoptosis (programmed cell death). We will test whether feminising parasites also induce apoptosis in the androgenic gland in order to feminise the host.",Research Grant,Closed,0,,,https://gtr.ukri.org/projects?ref=048A023D-A750-4833-A8EB-01CBEB81050C
00985EBB-E6BE-41BC-BF76-003FE42B0869,Exploiting natural product assembly line genomics and synthetic biology for discovery and optimisation of novel agrochemicals,"Microorganisms including bacteria and fungi are everywhere in the environment. Although a few microorganisms have roles in causing disease, most microorganisms are harmless, and many of them actually produce medicines and chemicals useful to man. A good example is penicillin which is produced by a fungus and used as an effective antibiotic in human and animal medicine. Other compounds include anticancer drugs, drugs which allow organ transplants by suppressing the immune system and anticholesterol drugs. Many microbes also produce compounds of huge importance in agriculture which can be used as insecticides, herbicides and fungicides. It is estimated that around 40% of current world food productivity would be lost without these. As the world population grows and as climate change takes hold efficient food production and food security will become more important and the roles of these naturally occurring compounds will increase yet further.
 Penicillins came into use during the 1940s, and for around half a century research provided a steady stream of newly discovered natural products. However, traditional approaches began to fail as more and more compounds were discovered because the available methods kept finding the same known compounds. This led companies to try other avenues to provide new compounds for use as medicines and agrochemicals - however fully synthetic compounds have not proven as successful as natural products.
 Over the past decade academic research, much funded in the UK by BBSRC, but also an international effort, has led to the understanding that most microbes have the capacity to produce very many more compounds than observed - perhaps only 10% of a given organism's potential has been collected to-date. Genome sequencing has revealed that the biosynthetic potential of known organisms is huge - and new organisms are continually being found. If the 90% of unused genes in just the known organisms could be activated there could be a strong flow of new compounds for testing as medicines and agrochemicals - this flow could be increased to a flood if a generic technology could exploit all the as-yet undiscovered microbes.
 In parallel with the genome sequencing efforts huge progress has also been made in understanding the genes, enzymes and chemistry involved in the microbial synthesis of secondary metabolites. This now allows the pathways responsible for the synthesis of secondary metabolites in microbes to be engineered to produce yet more compounds. The confluence of cheap whole genome sequencing and the ability to engineer microbial pathways underpins this research proposal.
 The project will be a collaboration between 6 partners: the Challis group at Warwick, expert in microbial genome analysis; the Leadlay group at Cambridge, expert in bacterial polyketide biosynthesis; the Micklefield group in Manchester, expert in bacterial peptide production; the Cox group in Bristol expert in fungal biosynthesis; and Syngenta and Biotica, UK companies with major interest in secondary metabolites. We will obtain the genome sequences of bacteria and fungi known to produce agrochemically useful compounds. We will find the genes responsible for their production and recombine and engineer them to make higher amounts of these compounds, and then libraries of related compounds for testing. We will work with partners in the international agrochemical company Syngenta to develop these as new herbicides, insecticides and fungicides, while partners at the Biotechnology company Biotica will focus on compounds with use in human medicine. Overall we aim to develop a platform technology which can exploit the potential of microbes for the production of useful compounds for use in agriculture and medicine. We will also disseminate our results widely and undertake outreach activities to increase public awareness of industrial biotechnology and the role of genetic engineering and microbiology in ensuring future food security.",Research Grant,Closed,0,,,https://gtr.ukri.org/projects?ref=00985EBB-E6BE-41BC-BF76-003FE42B0869
00A9E48C-4629-44EF-B21A-00C8EFB2709C,EGOR: Environmental Guidelines: Opportunities and Risks,"This research cluster will bring together a team of key professionals, academic researchers representing AHRC/EPSRC disciplines as well as heritage practitioners to appraise the costs and risks of current environmental guidelines for cultural heritage in response to a changing climate. This theme has a national and international dimension since climate change, energy consumption, visitation and pressures for greater access to collections will continue to make considerable demand on cultural heritage in the 21st century globally. The scale and pace of these changes are posing unique challenges to managing the long-term preservation of material culture and are the focus of discussion amongst professional communities both nationally and internationally.This research cluster will inform this debate.\n\nCurrent environmental parameters and tolerances set out in national and international guidelines and standards as well as Governmental Sustainable Development Targets play a critical role in shaping practices in the cultural heritage sector such as building construction, and environmental management. This includes the control of temperature, moisture, light and pollution - the main factors affecting the conservation of material culture. Environmental guidelines impact significantly on how collections are stored, accessed, loaned and displayed. \n\nEqually, the cultural heritage sector is not immune from the challenges posed by global responsibility: reducing reliance on fossil fuels, changing behaviours in favour of re-use and alternative energy sources, for example. It is within this context the appropriateness of current environmental guidelines designed to meet an agreed standard for managing material culture change, enable visitors to access and experience collections to a seasonal standard of comfort, and provide access to collections both locally and internationally is being questioned as the 'costs' of this are being realised. Unfortunately, there are no easy or headline-grabbing answers to this problem: the risks need to be identified, the costs understood, the options appraised. \n\nEGOR will provide the necessary framework to develop thinking in this area in order to realise an intellectual step change in understanding the risks and uncertainties of current environmental guidelines, standards and targets in a changing climate. Consideration will be largely focused on indoor environments, collections and the people who engage with and work in the cultural heritage arena, and will build on foundations established by other research projects e.g. Noah's Ark (EU), Engineering our Futures (EPSRC), Living with Environmental Change (NERC) largely focused on climate impacts outdoors. This will be achieved through 5 sequential activities: \n1. An inaugural meeting of the steering group which includes professional leaders, and named investigators to shape thinking and initiate cross fertilisation of ideas and perspectives;\n2. 3 working group meetings comprising specialists in art history, engineering, material science and conservation for coherent discussion, and lively debate to understand the implication for current environmental guidelines in a changing climate for people, their values and history, buildings housing collections (often historic structures themselves) and collections. The implications will be considered against a background of global responsibility.\n3. A two-day residential event will conclude this investigative process; the three working groups will present their findings, areas of convergence and divergence will be further debated to determine the risks and uncertainties surrounding environmental guidelines and standards in a changing climate, and the outstanding research needed to fully inform this debate.\n\nA summary of the challenges and user-led research emerging within this theme will be reached at the end of the meeting and presented at the Programme conference in July 2009.",Research Grant,Closed,0,,,https://gtr.ukri.org/projects?ref=00A9E48C-4629-44EF-B21A-00C8EFB2709C
07EA8DEB-ED66-4495-944A-01F7A59DFFB6,REPOXYBLE: Depolymerizable bio-based multifunctional closed loop recyclable epoxy systems for energy efficient structures,"Materials, especially advanced materials, are the backbone and source of prosperity of an industrial society” (Materials 2030 Manifesto). The Green Deal and the Digital Decade establish high-priority policies for Europe, where 70% of all technical innovations are directly or indirectly attributed to advanced materials. Lightweight and high-strength materials have consistently played a key role in the construction of fuel-efficient and high-performing transportation structures. Lightweight materials such as glass and carbon fibres composites are commonly used due to their intrinsic properties such as high mechanical performance. However, the poor recyclability and recovery aspect poses a significant challenge. The end-of-life aspect of these materials is crucial, as when landfilled they release toxic substances into the environment. Moreover, minimising resource use, energy of manufacturing processes and optimising waste disposal of future advanced materials can help mitigate cost and product’s end-to-end footprint acrossits global lifecycle, thereby significantly improving its overall environmental performance. REPOXYBLE will create a new class of high-performance materials -bio-based epoxy composites targeting cost and energy effectiveness, recyclability and sustainability. REPOXYBLE assumes an upstream approach more efficient and effective than having to address deficiencies at the end of the product development process. This approach integrates product performance, multifunctionality, sustainability, safety and potential legal concerns, while there is still time to act, on the monomers’ synthesis, the resin formulation and the future composite design. REPOXYBLE is driven by two complementary market applications in the aerospace and automotive sectors.",EU-Funded,Active,0,,,https://gtr.ukri.org/projects?ref=07EA8DEB-ED66-4495-944A-01F7A59DFFB6
08985353-1E14-4F3D-9480-0020ACFD7CC2,The Multimodal Translation of Intangible Cultural Heritage,"Motivation
Intangible Cultural Heritage (ICH) represents the dynamic tapestry of human civilization, encapsulating our collective traditions and cultures. As highlighted by the 2003 UNESCO Convention on the Safeguarding of the ICH, preserving these diverse cultural manifestations is crucial. In the digital era, technological advancements such as transmedia, VR, AR, and 3D modeling allowed diverse forms of information to be digitally transformed and presented in increasingly vivid and comprehensive digital formats (Alivizatou-Baeakou, 2017; Rossau et al., 2019). While these innovations offer unique opportunities to enhance the representation of ICH, they also pose challenges in representing its dynamic, multimodal nature. Furthermore, current digitalisation methods tend to be technocentric and often overlook the cultural contexts and holistic nature of ICH, potentially leading to a loss of its evolving, living character (Carboni &amp; de Luca, 2016).
Addressing these challenges necessitates interdisciplinary solutions. There is increasing recognition of the need for a comprehensive digitalisation theory that integrates semiotics with new media technologies (Nantke, 2017), aiming to enrich the digital representation of ICH (Berlanga-Fern&aacute;ndez, 2022). As Olteanu &amp; Ciula(2022) argue, &quot;digitalisation-when dealing with conversion across media-are forms of intermedial translation, hence of relevance to translation studies that found its theoretical grounding in semiotics&quot;. Building upon this, this research aims to contribute to bridging these gaps by developing a theoretical and practical framework based on multimodal translation theory. This framework, tailored for cross-contextual applications, will bridge traditional understandings with the digital realm. It will focus on digitally preserving and representing the intangible attributes, living nature, and multimodal characteristics of ICH. 

Aim and Objectives: The overarching research aim of this project is to craft a viable digitalisation pathway for the digital preservation and representation of multimodal ICH content that addresses both challenges and opportunities. The focus is on ensuring long-term development while respecting diverse and multivocal cultural contexts. The objectives are as follows:
1: Apply interdisciplinary multimodal analysis to decode the diverse characteristics of ICH, reflecting its multifaceted nature and significance in socio-cultural contexts. 
2: Explore translation strategies for transferring ICH from traditional to digital formats, ensuring the preservation of its intrinsic meaning across different modalities and contexts. 
3: Develop a flexible theoretically informed and practically-oriented framework for multimodal translation of ICH, enhancing its digital access and relevance in a rapidly evolving digital world.

Contribution: This research introduces multimodal translation from an interdisciplinary viewpoint and aims to provide a theoretically-informed and practically-oriented framework for effectively preserving ICH in today's digital landscape. Academically, it forges a link between systemic functional linguistics and design theory, developing an innovative digital translation system that offers a richer and more culturally attuned representation of ICH. On the application level, the research enhances preservation and dissemination processes, employing advanced digital techniques for efficient data management and broader accessibility. This approach enriches ICH propagation, supports its systematic inheritance, and promotes cultural exchange through a shift towards more dynamic ICH engagement.",Studentship,Active,0,,,https://gtr.ukri.org/projects?ref=08985353-1E14-4F3D-9480-0020ACFD7CC2
0C15BC4F-A128-4F7E-ADAB-013E262DD5CF,Microbial Interactions Within Denture Biofilms,"Most microorganisms naturally grow within biofilms in both environmental and industrial systems. Biofilms on denture surfaces are widely acknowledged and arise in cases of poor oral/denture hygiene and where dentures are not removed whilst sleeping.

Key microorganisms in denture biofilms include fungi of the genus Candida as well as bacteria that can originate from other oral sites or from exogenous sources. The majority of denture biofilm studies have targeted Candida as these fungi are highly adept at adhering to denture acrylic and can induce the infection, denture associated stomatitis. Denture biofilms are, however, ideal for investigating microbial interactions since they are readily accessible, polymicrobial and variable in their microbial composition and can be modelled in vitro.

Furthermore, difference in conditioning of the denture surface may also lead to differential species colonisation and biofilm behaviour. Preliminary studies in our School of Dentistry have highlighted the effect that bacterial species may have on denture biofilm composition and behaviour of Candida albicans.

We have found that Candida growth can be inhibited in biofilms by Pseudomonas aeruginosa, whilst other bacteria, such as certain streptococcal species can influence the morphologyof C. albicans. The reasons for these effects remain unclear, but could be due to specific associations between species, or a feature of a wider community effect on the biofilm.

Project aims
The aims of this PhD are therefore to explore the types and mechanism(s) of microbial interactions that occur in biofilms, using denture biofilms as model systems.",Studentship,Closed,0,,,https://gtr.ukri.org/projects?ref=0C15BC4F-A128-4F7E-ADAB-013E262DD5CF
0C552636-8921-4940-9DAB-01530F14011A,Safe and Sound - secure and sustainable Cloud3D services,Safe and Sound will enable Hao2.eu to research and develop good practise standards and approaches to deliver secure and sustainable Cloud3D services which proactively anticipate and support the needs of vulnerable groups such as people with autism and learning disabilities.,Vouchers,Closed,0,,,https://gtr.ukri.org/projects?ref=0C552636-8921-4940-9DAB-01530F14011A
0C60F5D3-E107-48CC-B301-001DF513DA5E,Doctoral Training Grant (DTG) to provide funding for 3 PhD studentships.,"Doctoral Training Partnerships: a range of postgraduate training is funded by the Research Councils. For information on current funding routes, see the common terminology at https://www.ukri.org/apply-for-funding/how-we-fund-studentships/. Training grants may be to one organisation or to a consortia of research organisations. This portal will show the lead organisation only.",Training Grant,Closed,0,,,https://gtr.ukri.org/projects?ref=0C60F5D3-E107-48CC-B301-001DF513DA5E
0C7B57E9-2B50-4E12-863B-01EFA021D066,Undestanding microbial communities through in situ environmental 'omic data synthesis,"The purpose of this research is to integrate different sources of 'omics data in environmental science for microbial community analysis. The computational based comparative analysis of DNA sequences may provide information about genome structure, gene function, metabolic and regulatory pathways and how microbial genomes evolve. However, to fully delineate microbial activity and its response to environmental factors, it is necessary to include all levels of gene products, mRNA, protein, metabolites, as well as their interactions. I propose to use large-scale whole genome metagenomic sequencing for assessment of taxonomic and functional diversity of microbial communities. The data generated by metagenomic experiments are both enormous and inherently noisy, containing fragmented DNA sequences representing as many as thousands of microbial species. After using pre-filtering steps, including removal of redundant, low quality sequences, the short DNA sequences are assembled together into longer contigs of overlapping reads, and these contigs may then be scaffolded into full genomes in a bottom-up approach. Having obtained the assembled contigs, the obvious next step is to use publically available databases to annotate the coding regions in these contigs. This will tell us WHAT functionality is available and provide information on WHO is there, the metagenomic sequences are binned, i.e., by associating a particular sequence with an organism. This can be done by either searching for phylogenetic markers or by looking for similar sequences in existing public databases. The end result is the community profile of different samples in terms of organismal abundances within each sample. Whilst metagenomic analysis gives a profile of the microbial community at a specific place or time, and their potential functional, it does not reveal which genes are actually being transcribed. I thus propose to integrate sequencing-based metatranscriptomics in which total RNA (a proxy for gene activity) is extracted from microbial community, converted to cDNA and sequenced without the need for cloning. This will provide information on the regulation and expression profiles of complex communities by enabling quantitative measurements of dynamic expression of RNA molecules and their variation between different states reflecting the genes that are being actively expressed at any given time. However, the story is still far from complete, as we do not have direct evidence of the metabolism within a cell. To give a more complete picture of living organisms, I will integrate metabolomics which will provide unique chemical fingerprints that are a function of specific cellular activity. In particular, the focus will be on identifying habitat-specific endogenous and exogenous metabolites along distinct geochemical conditions. These metabolites will be detected using two-dimensional gas chromatography coupled with mass spectrometry. They will be related to the expression levels from transcriptomes using information on metabolic pathways readily available from annotating metagenomic sequences. In this way we will integrate all three sources of information, mapping the metatranscriptome onto the assembled annotated metagenomes and reconciling the reconstructed metabolic pathways with observations on metabolite concentrations and fluxes. From this we will be able to predict the metabolic function of the entire community not simply who is there.",Fellowship,Closed,0,,,https://gtr.ukri.org/projects?ref=0C7B57E9-2B50-4E12-863B-01EFA021D066
0C8BB41D-B4B5-4A91-B6AA-00D48582C5AE,Real-time prediction of cellular states in 3D lattice light sheet microscopy,"Programme overview:
This MRC-funded doctoral training partnership (DTP) brings together cutting-edge molecular and analytical sciences with innovative computational approaches in data analysis to enable students to address hypothesis-led biomedical research questions. This is a 4-year programme whose first year involves a series of taught modules and two laboratory-based research projects that lead to an MSc in Interdisciplinary Biomedical Research. The first two terms consist of a selection of taught modules that allow students to gain a solid grounding in multidisciplinary science. Students also attend a series of masterclasses led by academic and industry experts in areas of molecular, cellular and tissue dynamics, microbiology and infection, applied biomedical technologies and artificial intelligence and data science. During the third and summer terms students conduct two eleven-week research projects in labs of their choice. 
 
Project overview: 
Lattice light sheet microscopy (LLSM) is a new technology to visualise fast cellular processes at the time scale of 1 second, in 3D. LLSM is very low through-put however, limiting its use for studying rare events, such as cell divisions. In close collaboration with industrial partner Intelligent Imaging Innovations Ltd. (3i), suppliers of LLSM, we will develop an integrated imaging pipeline to classify and anticipate physiologically meaningful events during the cell cycle using state of the art machine learning. 

The main goal is to 1) enable automated control of the image acquisition and increase its throughput, and 2) make it possible to analyse statistically significant numbers of well-defined cellular events and their progression from an early stage, which often go unnoticed by even the most expert human experimenter. Enabling detailed spatio-temporal analysis of the 3D imaging data will help to better understand the timing and control of different stages of cell division and recognise more subtle defects in cell division which can affect development or diseases such as cancer where divisions occur uncontrolled. 

This is an interdisciplinary project at the interface of cell biology, computer science and engineering, enabling fundamental science to improve human health through world-class biomedical research. Health focus is enabling biological research into genetic risk and disease mechanisms, aiming at new strategies for early diagnosis and treatment. 

The specific training the student will receive is geared towards quantitative and interdisciplinary skills and understanding of whole organism physiology in addition to that of single cells in the main project. The training in advanced machine learning and computing addresses the demand for team scientists and technology specialists and will help to build new software technologies and imaging instruments that will become available to the biomedical community in the future.",Studentship,Closed,0,,,https://gtr.ukri.org/projects?ref=0C8BB41D-B4B5-4A91-B6AA-00D48582C5AE
0EDDF001-CABE-4AEF-9D15-00891F828005,MOLTEN: Mathematics Of Large Technological Evolving Networks,"Connections are important. In studying nature, technology, commerce and the social sciences it often makes sense to focus on the pattern of interactions between individual components. Within the UK's Digital Economy activities, for example, large, complex networks arisein energy: connecting power suppliers and users,in telecommunications: connecting mobile phone users,in transport: connecting train stations, airports or ports,in the World Wide Web: connecting web pages,in one-line social networking connecting cyberfriends, in retail trade: connecting sales of different products to the same customer.Improvements in computing power have made it possible to gather, store and analyze large data sets, especially in the areas of fast moving consumer goods (who bought what), telecommunications (who phoned who), mobile devices (who travelled where) , on-line social networks (who Twittered to who) and energy (who switched on when). The interdisciplinary field of Network Science has emerged as a means to understand and quantify these large networks and to extract useful information. By focussing on the underlying connectivity, mathematical techniques can be used to address common questions:Can we discover clusters of strongly connected individuals? This would allow us to break the network down into meaningful subunits.Do the network properties change when links are added or removed? This determines robustness/efficiency to attack/disease/malfunction and stability under evolution.Are some individuals or links especially important? `Hubs' are individuals with high-quality connections (e.g. web pages highly ranked by Google), `short-cuts' are links that join distinct subnetworks and `bottlenecks' are specific links that may become overloaded.Can we develop mathematical models that reproduce the features of a complex network?Given observed output (such as queuing times in a dynamic communication network) can we discover underlying, hidden, connectivity in a complex system?This proposal aims to add value to this important area by addressing an important feature that has fo far received very little attention from the mathematical community. Technological networks vary over time, and this dynamic element has important consequences. For example, if A phones B today and B phones C tomorrow, then a message may pass from A to C, but not from C to A. So there is an immediate lack of symmetry that makes much of the existing theory obsolete. .Moreover, the patterns of connectivity that we see today may be different tomorrow. So there is built-in uncertainty about the future. In this proposal we will develop new mathematical techniques to study the type of dynamically evolving networks that are relevant in the Digital Economy, allowing researchers to discover the important players, quantify the efficiency of a network and predict future behaviour. These ideas offer immediate benefits outside academia, allowing us to tackle questions such as: who are the important broadcasters or receivers of information? who should we target our advertising campaign at? what will the network look like next week or next year? is there any suspicious activity today? which networks users appear to be underage? which customers are likely to change brand loyalty? how quickly will a rumour or virus spread? what would be the effect of changing the way that customers are charged for network usage? Our objectives are to develop to practical, quantitative solutions to these issues by developing a new, underpinning mathematical framework that leads directly to useful computer software. In order to make sure that the results will have immediate benefit, we have put together a team of non-academic experts who use large technological networks in their businesses. These people will provide realistic data sets, pose specific challenges and provide regular feedback and advice throughout the project.",Research Grant,Closed,0,,,https://gtr.ukri.org/projects?ref=0EDDF001-CABE-4AEF-9D15-00891F828005
0F034CA5-3F91-413D-AC76-01A853C0D890,"Collaborative Doctoral 2010 Grant - The Development of Private Housing in London since 1870: Markets, Innovation and Lifestyles","Doctoral Training Partnerships: a range of postgraduate training is funded by the Research Councils. For information on current funding routes, see the common terminology at https://www.ukri.org/apply-for-funding/how-we-fund-studentships/. Training grants may be to one organisation or to a consortia of research organisations. This portal will show the lead organisation only.",Training Grant,Closed,0,,,https://gtr.ukri.org/projects?ref=0F034CA5-3F91-413D-AC76-01A853C0D890
0525139E-02B2-4AEB-A8FF-00A621E82482,Designing and exploring new quantum materials based on Fermi surface topological transitions,"Abstracts are not currently available in GtR for all funded research. This is normally because the abstract was not required at the time of proposal submission, but may be because it included sensitive information such as personal details.",Research Grant,Closed,0,,,https://gtr.ukri.org/projects?ref=0525139E-02B2-4AEB-A8FF-00A621E82482
054F6276-968F-45C5-AF49-0181DE4F2F6F,Research and Training to create assets in the form of new companies to develop a new model to generate innovative therapies,"Cancer Research UK has partnered with Deep Science Ventures to create an opportunity for early career stage researchers to build ventures that target the complexity of biology. This partnership brings together the world's largest independent funder of cancer research with the unique venture design process of Deep Science Ventures to create a programme that is exhaustive in the search for the best approach from both technical and commercial perspectives, and positioned for new venture growth from day one. Their aim is to identify and bring together entrepreneurial scientists, academic advisors and investors to design and build new companies in oncology.

In this project, the research goal is to develop therapies by leveraging the wealth of data of this new era to identify ways to kill cancer cells so that can escape from treatments. 

My role will be to start as a Founder Analyst within DeepScienceVentures under their unique framework for venture creation. It's a part-time role working mainly involving research. In order to make this research successful, I will apply my skills sets of machine learning/artificial intelligence, understanding heterogeneity, developing patient-based biomarkers and hands-on experience in preclinical trials. This also provides opportunity to get trained in market analysis, and customer development together with the DSV team before incorporating our own start-up.",Research Grant,Closed,0,,,https://gtr.ukri.org/projects?ref=054F6276-968F-45C5-AF49-0181DE4F2F6F
059C2C14-4452-4CCB-BBE1-0080A54F0866,CULTUral heritage in RurAL remote areas for creative tourism and sustainabilITY,"The main objective of the project is to contribute to the promotion of cultural and creative tourism activities, considering the different capacities, resources, and specificities (material, creative, human...) of the territories, as a mean to help with the sustainable development of peripheral rural areas, favoring job creation and population settlement. For this, the potential of its cultural heritage will be researched, taking into account both the artisan material culture (techniques, materials, patterns and decorative elements), as well as the intangible culture (music, oral knowledge and culinary traditions) as a resource. To promote non-seasonal tourism as a form of sustainable development with a stable population settlement we are going to research the crafts linked to the territory and their implications, but we will also carry out a documentation of the productive processes. First and foremost, we are going to cater to the necessities of the local communities and pay attention to aspects related to societal groups at risk of exclusion, such as women, the elderly and the youth. All this will be developed from a multidisciplinary perspective, for which we will count on the various teams —most of them linked to different countries— that will be part of the consortium. Each of these partners will contribute to the development, as well as to the final result of the project through input directly related to their area of expertise: for example, among the collaborators we have intellectual teams specialized in the digitalization of heritage, research, or communication and dissemination, as well as as various institutions that will act as a testing ground for the more practical parts of the proposal. However, if something will characterize our work, it will be the constant collaboration between all parties, as well as the exchange of advice and experiences that will help to enrich collective knowledge and guarantee optimal results.",EU-Funded,Active,0,,,https://gtr.ukri.org/projects?ref=059C2C14-4452-4CCB-BBE1-0080A54F0866
114DBE51-0DC8-4E2A-AA8F-00801DFBF3C0,Social and Economic Implications of Transport Sharing and Automation,"This study will link the changing nature of jobs due to automation and the platform economy to regional infrastructure planning and transport operations, and the role specifically of transport automation within this context. The patterns and forms of jobs are changing due to many different reasons, leading to non-traditional work schedules and differences in commuting patterns, non-standard work travel patterns, and even elimination of certain jobs and creation of new ones, with significant implications for regional infrastructure planning and transport operations. At the same time, there are enormous changes anticipated in infrastructure and operations, due to large-scale automation in the transport sector (eg autonomous and connected vehicles). 

This project will make estimates of the changing nature of jobs due to these considerations at the regional level towards the goal of deriving the transport and regional infrastructural planning consequences. The project will use labour market survey data as well as privately-held labour market data on jobs, skills and industry to estimate regional variations due to these trends, given regional industry-occupation mix. These changes will be linked to the Spatial Urban Data System (SUDS), which is a UK-wide geospatial data infrastructure under development within UBDC containing transport infrastructural and operational conditions. , and which has been recently used to identify areas of transport poverty throughout the UK and the extent to which and which we will expand through work with the project's industrial partners. 

Using these data sources, we will identify regional automation risks due to unique industry and skill concentrations and derive transport and infrastructure planning implications. Within this context, we will also evaluate the role of autonomous vehicles given potentially different commuting patterns using specialist transport simulation models. We will further develop specialist transport simulation models to ascertain which packages of &quot;last-mile&quot; transport solutions (low-energy station cars, autonomous vehicles, shared transport, active travel and demand-response services) are likely to bring about high-quality, sustainable and socially-equitable forms of transport accessibility in areas at risk of changing nature of jobs. We will then combine the results of our various model scenarios, using ensemble forecasting methods utilising Bayesian Model Averaging or related techniques to ascertain which packages are more likely to bring about high-quality transport accessibility in the selected areas.",Fellowship,Closed,0,,,https://gtr.ukri.org/projects?ref=114DBE51-0DC8-4E2A-AA8F-00801DFBF3C0
00CDCA79-8C71-453A-AA24-0181FDBB9BC6,How do cells shape and interpret PIP3 signals?,"Multi-cellular organisms rely on a large array of different transmitter substances to allow certain cells to control the behavior of others. The more sophisticated the organism the more complex the cell to cell communication. In mammals this language probably involves hundreds of fundamentally different types of transmitter. Clearly such systems need a large collection of specialized receptor molecules that can detect the individual presence of any particular transmitter. Further, these receptors, typically found on the outer surface of the cell's limiting membrane, have to signal their specific stimulation by passing a molecular message into the cells interior, effectively informing the cell that the receptor has been activated. Clearly, if a cell has many different types of receptors on its surface the molecular signal generated inside the cell by each different receptor (often called an intracellular message) must identify and distinguish which specific receptor has been stimulated. Otherwise the cell could not discriminate between the transmitters present on the outside of the cell and could not respond correctly. Hence, mammalian cells have vastly complex intracellular signalling mechanisms continuously informing the cell of what is happening in other parts of the organism or its environment. One such intracellular signalling molecule or 'message' is PIP3. It is a phospholipid molecule found on the inside surface of the cell's limiting membrane. Levels of PIP3 rise rapidly on activation of a large number of receptors. This is surprising given the problems the cell faces in knowing precisely which receptor has been activated when it detects an intracellular signal. This grant application is to understand how it is possible that rises in PIP3 can encode specific messages from so many different receptors. We have performed some experiments that have, in fact, shown that PIP3 in cells is not a single type of molecule. At least four tiny variants of PIP3 can be detected, called molecular species of PIP3. Interestingly, we find that these different molecular species of PIP3 do not respond equivalently to different ways of activating the cells we work with. We and others have also found that the different receptors can make the levels of PIP3 rise for different times and to different maximum levels. We propose that these small differences are very important inside the cell for discriminating whether a certain receptor has been stimulated. This is a 'clever' economy or efficiency on the part of the cell and allows it to use similar mechanisms to perform many different jobs. Although on the surface these might appear trivial details in the business of understanding biology, it has recently been discovered that many different cancers are caused by mutations in genes that regulate PIP3 levels in cells. Mutations that by chance cause the production of PIP3 to be increased without any need for receptor stimulation make cancers much more likely to occur. Mutations that by chance stop the enzymes that normally break down PIP3 from working also make cancer more likely to occur. As a result it is clear that understanding how PIP3 is made and then interpreted by cells is crucial for us to better understand how cancer occurs and how to treat it. Many companies are already trying to design drugs that will reduce PIP3 levels to fight cancer. This work will help us understand how to make better drugs of that type.",Research Grant,Closed,0,,,https://gtr.ukri.org/projects?ref=00CDCA79-8C71-453A-AA24-0181FDBB9BC6
018ACD8A-DE0F-4F6C-82FF-00EFDE30F246,Characterising the performance of low loading electrodes for hydrogen technologies,"This project is associated with deep understanding of the operation and performance of electrodes for electrochemical devices used in electrolysers, flow batteries, and fuel cells. These devices will allow the efficient capture of renewable electricity and storage/interconversion as hydrogen (see Royal Society report &quot;Large-scale electricity storage&quot;). Deployment of electrochemical hydrogen systems is growing at a tremendous pace, but in order to achieve the well defined KPIs we need: a 10-fold reduction in catalyst requirements; significant improvements in performance; and increased longevity. The purpose of this experimental iCASE is the improved performance of these electrodes whilst reducing the catalyst requirements (and thus cost), coupled to improved understanding and ability to model the performance of these systems. Such improvements can only be achieved through a deeper understanding of performance of the electrochemical interface at which reactants, electrons and ions must be efficiently transported to the catalytic interface. These systems are crucial for the UK and world to reach their net-zero aspirations by 2050. The topic cuts across a number of themes in the UKRI including the Energy and decarbonisation theme (Solutions to reach net zero), the Manufacturing the future theme and the Physical Sciences theme. The project is extremely well aligned with the UK's 2022 NMS strategy for which 'the measurement infrastructure needed to support the hydrogen economy as it develops' is a government priority",Studentship,Active,0,,,https://gtr.ukri.org/projects?ref=018ACD8A-DE0F-4F6C-82FF-00EFDE30F246
01E6F588-13F6-461E-AEB0-00B2FCEAAFD5,"MUSHFORM: Transforming Spent Mushroom Substrate into High-Performance, Chemical-Free Pulp Moulded Packaging","Imagine if the containers holding your supermarket mushrooms were made from the waste generated growing those same mushrooms. That circular vision is exactly what MUSHFORM aims to prove.

**The Double Problem We're Solving**

UK mushroom farms produce over 100,000 tonnes of delicious mushrooms annually---but create over 500,000 cubic metres of &quot;spent substrate&quot; waste, costing growers &pound;3-15M annually to manage. Meanwhile, food packaging manufacturers import wood pulp, blast it with harsh chemicals (caustic soda, chlorine bleach), consume massive energy (3,500-4,500 kWh per tonne), then add plastic coatings to create containers that never truly biodegrade.

Two industries. Two problems. One circular UK solution.

**Nature's Hidden Gift**

Here's the breakthrough: mushrooms are nature's master decomposers. As they grow, their fungi release powerful enzymes that break down tough plant materials---essentially doing 70% of the pulping work that paper mills achieve with toxic chemicals. After harvest, the spent substrate has already been biologically &quot;pre-processed.&quot;

Think of mushrooms as unpaid factory workers, preparing packaging material while producing food.

**The Technology**

Led by Yr Ardd Fadarch Eryri Cyf. t/a Madarch Cymru, working with Bangor University's pilot facility (managed by professional project specialists), we'll test whether three types of spent mushroom substrate can be transformed into sturdy food packaging using only mechanical processing---no chemicals, no bleaching, no plastic coatings. Just steam, pressure, and precision engineering.

**The Products**

Picture supermarket eggs in trays made from mushroom waste. Takeaway containers that started life supporting shiitake cultivation. Protective packaging that could literally return to mushroom farms as compost. Products---egg cartons, food trays, corner protectors---are home-compostable in 12 weeks, cost less than imports, eliminate chemicals, and convert growers' disposal costs into revenue, closing the perfect loop: waste from food production becomes food packaging.

**Why This Matters---Supporting UK Communities**

Mushroom growers transform &pound;3-15M annual disposal costs into revenue. Packaging manufacturers access over 500,000m&sup3; of pre-processed, domestic feedstock. By Year 5:35 rural jobs created across UK mushroom-producing regions, &pound;1.2M tax revenue generated, supporting economic development in agricultural communities.

Consumers get packaging with genuine environmental credentials---not &quot;industrially compostable&quot; but actually biodegradable in your garden or back in mushroom production.

This is the circular economy in its purest form: one food sector's waste becomes another's feedstock, processed domestically, used domestically, composted domestically, then returned to UK farms. No imports. No chemicals. No waste.

Welcome to packaging that completes the cycle it began in from soil, through mushrooms, carrying food, then back to soil---or back to mushrooms.",Collaborative R&D,Closed,0,,,https://gtr.ukri.org/projects?ref=01E6F588-13F6-461E-AEB0-00B2FCEAAFD5
02103DD9-A889-4067-B44E-006A617A8BDF,Eye in the Sky,"Abstracts are not currently available in GtR for all funded research. This is normally because the abstract was not required at the time of proposal submission, but may be because it included sensitive information such as personal details.",Collaborative R&D,Closed,0,,,https://gtr.ukri.org/projects?ref=02103DD9-A889-4067-B44E-006A617A8BDF
0248EF3F-DD65-4561-BD94-020C64D6F13D,"VANTAGE - An intelligent payload that enables UAVs to autonomously land on maritime vessels, ultimately addressing Urban Air Mobility requirements.","Abstracts are not currently available in GtR for all funded research. This is normally because the abstract was not required at the time of proposal submission, but may be because it included sensitive information such as personal details.",BEIS-Funded Programmes,Closed,0,,,https://gtr.ukri.org/projects?ref=0248EF3F-DD65-4561-BD94-020C64D6F13D
02563003-C0B6-42B2-BBC9-01F8D289E65E,Development of molecular imprinting with liquid chromatographt-mass,Development of molecular imprinting with liquid chromatography-mass spectrometry HD-SRM for the sensitive and selective detection of proteins,Studentship,Closed,0,,,https://gtr.ukri.org/projects?ref=02563003-C0B6-42B2-BBC9-01F8D289E65E
027CDB72-517A-4A0D-AE08-00FDFAE8F76C,Establishing a test methodology for PFAS-free barrier materials for the hydrogen economy,"This project addresses the technical challenges associated with accurately measuring hydrogen permeation in rubber materials used in key industries such as energy and automotive. As the UK government advances ambitious hydrogen production goals and global hydrogen demand continues to rise, the establishment of reliable, standardised testing methodologies for hydrogen permeation is critical to ensuring safety, performance, and long-term durability in hydrogen applications.

Currently, rubber components in hydrogen systems are evaluated using testing standards from the oil &amp; gas sector, predominantly suited for high-pressure conditions. However, there remains a substantial gap in measurement methodologies where variations in temperature and pressure significantly affect the behaviour of hydrogen permeation and diffusion.

The primary focus of this project is therefore the development of robust and standardised test methods capable of quantifying hydrogen permeation under diverse temperature and pressure gradients. These methods will specifically target existing PFAS-free rubber materials, such as EPDM, HNBR, VMQ, and fluoropolymers developed using non-fluoro surfactant technologies and reinforced with graphene and other 2D nanomaterials.

This methodology development will leverage the extensive expertise and experience of The University of Manchester. Additionally, the collaborative framework provided by the A4I program will facilitate industry-wide adoption and impact, aligning closely with the UK's hydrogen strategy and broader decarbonisation objectives. Ultimately, the project aims to deliver a reliable, standardised permeation testing protocol, significantly enhancing material selection processes and contributing to the advancement of sustainable, high-performance rubber solutions in the transition to a low-carbon economy.",Grant for R&D,Closed,0,,,https://gtr.ukri.org/projects?ref=027CDB72-517A-4A0D-AE08-00FDFAE8F76C
027FCA23-6711-407E-A392-020B8329DDAB,The role of commensal organisms as pro-infectious agents in Staphylococcus aureus infection dynamics.,"Staphylococcus aureus is an important human pathogen that causes significant death and disease around the world. The problem is exacerbated by the spread of antibiotic resistant strains such as Methicillin Resistant S. aureus (MRSA). MRSA is generally a hospital-associated infection but recently community acquired MRSA has increased in the apparent absence of antibiotic selection. Thus there is a constant need to develop new control regimes for S. aureus, as this organism has begun to show resistance even to new antibiotics such as linezolid and no vaccine is available. To win this battle we must not only produce new treatments and preventative measures but also to understand the complexities of how S. aureus causes disease and thus how interventions can be best utilised, to reduce the disease burden and to minimise the development and spread of resistance to antibiotics. How do humans get infected with S. aureus? We have made the astonishing discovery that relatively harmless skin organisms and even their component cell walls are able to cause significant exacerbation of S. aureus infection, allowing disease to occur with a hugely reduced infectious dose. The most common route of human infection is via a wound and of course this will occur with whatever material gets in, including S. aureus. We have named the material that can augment S. aureus infection as &quot;pro-infectious agents&quot;. We have opened a window on natural infection and in doing so provide novel avenues for trying to understand disease and how we may prevent it. The current application takes an interdisciplinary approach to understand how infection is initiated, the nature of material and organisms that can act as pro-infectious agents, how infection progresses and how such knowledge may be utilized to prevent and/or cure disease. Our background work and that proposed necessitates an integrated team led by a microbiologist and a clinician with research expertise in innate immunity. This combined expertise, coupled with important partners around the world, provides a proven network to underpin our ambitious proposal.

Our work is underpinned by the use of animal models of infection, as this complex process cannot be recapitulated in vitro without understanding of what happens in vivo. We have uniquely developed the vertebrate zebrafish embryo as a model of S. aureus systemic disease. This provides a high-throughput, genetically tractable system where host:pathogen interaction can be observed in a living host. The importance of this model is that it has not only provided important insights into pathogenesis but has also informed our use of a mammalian system thus replacing many mouse experiments directly, reducing the numbers of mammals used and refining our approach. We will use a combination of animal models, together with in vitro analysis to determine the breadth of material that can augment S. aureus infection and the cellular and molecular mechanisms underlying this effect. Infection will then be mapped from initiation to endpoint in order to identify bottlenecks as sites for the development on novel intervention strategies. We will use a variety of approaches including state-of-the-art intravital microscopy in all models to determine the pathway of infection.

The application provides an integrated package that will further our understanding of disease mechanisms and how this information may be used to inform clinical practice.",Research Grant,Closed,0,,,https://gtr.ukri.org/projects?ref=027FCA23-6711-407E-A392-020B8329DDAB
02D113B2-C9DC-486E-953C-016B03A07CB9,Evaluation and Demonstration of Gravity Gradiometers,"QinetiQ Ltd, Imperial College and the University of Oxford will jointly investigate the use of novel gravity gradiometers to detect buried objects such as pipes, tunnels and sinkholes. We will model the gravitational field of a range of buried targets, and investigate methods to mitigate noise and clutter. We will determine what type of objects are detectable, at what range, and develop some outline Concepts of Operation. We will investigate the applicability of a range of sensors, both high performance &quot;cold atom fountains&quot; and lower-cost MEMS-based devices, configured as gravity gradiometers, and compare them to the performance of commercially available sensors. We will build a single-axis gravity gradiometer based on two existing gravimeters, and use this to validate our models with through short field trials to demonstrate the detection of a buried object.",Research Grant,Closed,0,,,https://gtr.ukri.org/projects?ref=02D113B2-C9DC-486E-953C-016B03A07CB9
02F3633C-D09A-40F6-A13C-008DE4798432,PATT Linked Grant for observational astrophysics at QUB: 2016 - 2018,"Our proposal seeks to renew the PATT Linked Grant at Queen's University Belfast. This award will cover our travel and subsistence costs to both STFC and non-STFC observing facilities. The major topics of observational astrophysics research to be covered by the PATT Linked Grant include: 


- investigations of supernovae and the end stages of stellar evolution; 

- high temporal, spatial and spectral resolution observations of the solar atmosphere and those of other cool stars; 

- studies of solar system bodies, including comets and asteroids; 

- astrochemistry, including that of interstellar and circumstellar clouds; 

- detection and characterisation of exoplanets.",Research Grant,Closed,0,,,https://gtr.ukri.org/projects?ref=02F3633C-D09A-40F6-A13C-008DE4798432
031FB79F-1911-4B17-B82C-014F3A875912,Does temperature drive enhanced carbon cycling in Holocene lake sediments?,This project will use annually laminated (varved) lake sediments to reconstruct Holocene sub-decadal summer temperature and carbon cycling. These records can evaluate: (a) different driver-response mechanisms at different timescales; (b) new temperature (including seasonal bias) and carbon cycling proxies; (c) whether past warmer periods enhanced carbon cycling in lakes.,Studentship,Active,0,,,https://gtr.ukri.org/projects?ref=031FB79F-1911-4B17-B82C-014F3A875912
0322B241-008E-4216-80DE-01FB05283E23,Assessing the market for a novel infection control wipe (Marker Wipe),"The Nonwovens Innovation &amp; Research Institute Ltd. has been successfully innovating and
developing new textile products and processes since 2005, and the company now has a
number of key patents and applications related to technologies in the textiles industry.
Following consultation with health care professionals, NIRI has identified a potential demand
for a new type of infection control wet wipe.
This project will assess the extent of global market acceptability of the new wipe technology
and determine commercially-realistic cost parameters. Outcomes will be delivered by deskbased
research and interviews targeted at various stakeholder groups, establishment of the
intellectual property position, determination of the best route to market, design
conceptualisation, and the delivery of a draft plan for developing and commercialising the
technology",GRD Proof of Market,Closed,0,,,https://gtr.ukri.org/projects?ref=0322B241-008E-4216-80DE-01FB05283E23
0355D174-E641-4AEC-A421-00DB6DF1D88B,Disruption to the development of maternal sensitivity: the impact of depression and alcohol use during pregnancy on mother-infant interactions.,"Abstracts are not currently available in GtR for all funded research. This is normally because the abstract was not required at the time of proposal submission, but may be because it included sensitive information such as personal details.",Research Grant,Closed,0,,,https://gtr.ukri.org/projects?ref=0355D174-E641-4AEC-A421-00DB6DF1D88B
035A5424-F902-4927-9457-01FCF86F5E46,Development of a modelling and simulation framework to optimize layered bearing architectures,"Plain half shell journal bearings are used in a wide range of turbomachinery shaft applications, including marine, automotive and power generation applications. These bearings have to be conformable and fatigue resistant under quite complex service loading conditions. Complex layered architectures may offer a tuneable approach to optimizing fatigue performance in terms of controlling initiation behavior and growth behavior (sometimes these two effects may play out in opposing ways). Currently a somewhat empirical approach is employed by manufacturers to identify the number, thickness and type of the different layers in the thin overlay coating. Work at Southampton University has now identified a consistent way in which to track the initiation and early stages of fatigue growth (using thermography techniques) and provided a detailed assessment of crack initiation and growth in the various layered constructions provided to date (using FIB and other advanced microscopy techniques). A follow-on PhD is now planned to apply these newly developed and validated techniques (mechanical testing, strain analysis, thermography and advanced microcopy characterization) to a systematic set of variations in overlay coating architecture (spacing, thickness, separation etc of hard and soft layers). These will be produced by the student via electroplating approaches at the sponsor company's new purpose built laboratory and they will then evaluate this systematic set of parametric explorations in terms of how this controls fatigue behavior. An important component of the PhD will be to develop and validate a materials modeling and simulation framework based on these findings to investigate optimization of the layered architecture for fatigue performance.",Studentship,Closed,0,,,https://gtr.ukri.org/projects?ref=035A5424-F902-4927-9457-01FCF86F5E46
0C8EFA4E-C025-4E68-9E67-009F0D44E7B4,Molecular recognition in post-transcriptional regulation 2,"The functioning of the human body and of complex organisms in general requires different proteins to be produced in different types of cells. This cell-type-specific protein production is achieved by precisely regulating the translation of the genetic code into proteins. The two steps in this process of translation are, first, the translation of the DNA-encoded information into RNA and, then, the translation of the RNA code into a protein molecule. Both processes are regulated by biological machines, which are composed of proteins and, in some cases, RNA molecules. We focus on the regulation of the RNA-to-protein step (or post-transcriptional regulation) and investigate how the protein RNA machines assemble in a solution environment and regulate gene expression. Our structural studies complement other techniques such as X-ray crystallography, which can be used to study molecules in a static crystalline state. Analysing the structures of the molecules that govern regulation of protein synthesis has a direct medical relevance, as this process lies at the basis of common genetic diseases, cancer and viral infections. We work on an important regulatory mechanism, called ARE mediated mRNA decay (AMD), that increase the synthesis of specific proteins in inflammation and healing processes. This mechanism, if permanently switched on, can lead to inflammatory arthritis and cancer. We want to understand how the switch works at the molecular level and design specific therapies to switch in off when required.||Using a similar technical approach we are also investigating a key regulatory protein from herpes virus. This project wants to facilitate the design of anti-herpes drugs to treat people infected with this virus, which forms a major threat to immunodepressed patients, increases the risk of organ transplantation and chemotherapy and reduces the life expectancy of AIDS sufferers. Molecular insight into the interaction of ICP27 with its functional binding partners needs to be obtained if we are, for example, to design or optimise compounds to lock protein and RNA in a non-functional conformation or to (de)stabilise protein RNA complexes.",Intramural,Closed,0,,,https://gtr.ukri.org/projects?ref=0C8EFA4E-C025-4E68-9E67-009F0D44E7B4
0CABBA18-5FC8-4B1F-BE98-00848D0342B4,ERDERA - EUROPEAN RARE DISEASES RESEARCH ALLIANCE,"Abstracts are not currently available in GtR for all funded research. This is normally because the abstract was not required at the time of proposal submission, but may be because it included sensitive information such as personal details.",EU-Funded,Active,0,,,https://gtr.ukri.org/projects?ref=0CABBA18-5FC8-4B1F-BE98-00848D0342B4
0CB9A4A7-4DC8-45F0-9A0C-01AC782A2E0E,Using Artificial Intelligence to Understand Zeolite Catalysts,"Electron microscopy provides a unique tool for studying the local structure of materials at the atomic scale. However, a major challenge lies in correlating bulk measurements of properties with highly selective structural data. One approach is to take advantage of fast electron detectors to acquire large data sets of millions of images and to develop automated analysis tools based on deep learning to analyse these. The overall aim of this project is to study defect structures in zeolites involved in heterogeneous catalysis. This project will use recent developments in fast direct electron detectors for transmission electron microscopy for low dose imaging and neural networks trained for pattern recognition of specific defect structures. The potential impact of these studies is a better understanding of catalytic processes of interest to the industrial sponsor and an improved understanding of the relationships between catalytic performance and local structure.

Initially the project will use new detectors operating at kHz frame rates to record large datasets containing many TEM images of defect structures. In parallel the project will develop the use of machine learning based on convolution neural networks to build image analysis tools suitable for analysing large data sets containing millions of images. A convolutional neural network will be trained using simulated data of known defect structures for various electron dose budgets and other imaging conditions. This will then be used to analyse the experimental data to gain meaningful statistics on defect types. The research proposed relies heavily on unique instrumentation available at the electron Physical Sciences Imaging Centre. Specifically, a new high speed direct electron detector operating at a frame rate in excess of 2KHz in 12 bit counting mode will be used to acquire low dose data. Within all of the above aims and objectives it will be necessary to ensure that the methods developed are robust to low dose data acquisition as zeolites are known to be radiation sensitive and to ensure that electron beam induced effects are minimised. Initially pure zeolites will be studied but the project will also be extended to study metal loaded zeolites and comparisons between defects in these systems and the pure materials will provide insights into the mechanisms and structural consequences of metal loading. Finally catalytic data will be measured at the industrial sponsors laboratories to attempt to correlate catalytic performance with the nature and densities of defects present across a range of loaded and unloaded samples

The project falls within the EPSRC energy, Artificial Intelligence and Robotics and physical sciences research areas

The project is funded by Johnson Matthey plc through the iCase initiative.",Studentship,Closed,0,,,https://gtr.ukri.org/projects?ref=0CB9A4A7-4DC8-45F0-9A0C-01AC782A2E0E
0CF15F24-E99E-4496-83E0-0191A65E11DB,Predicting Biological Carbon in the Ocean Globally (PRECOG),"Emissions of carbon dioxide (CO2) from our society are rapidly warming our climate to currently 1.1 degrees C warmer than in preindustrial times. Global governments have pledged to reduce emissions to stabilise our warming climate at 1.5 degrees requiring us to reduce emissions of CO2 to a point where they no longer accumulate in the atmosphere: Net Zero. A crucial consideration in this effort are natural reservoirs of carbon on the Earth's surface such as permafrost and soils that store large amounts of carbon away from the atmosphere, but which are vulnerable to environmental change. The destabilisation of these reservoirs over time, releasing more CO2 into the atmosphere, presents a challenge to stabilising climate upon reaching Net Zero. Therefore, predicting how these natural carbon reservoirs will change in the future is a crucially important task. 

The Biological Carbon Pump is one of these natural reservoirs of carbon in our Earth System. It stores carbon in the ocean by plankton (microscopic plants) taking up CO2 as they grow in the surface ocean. The sinking remains of these plankton carry the carbon into the deep ocean locking it away for hundreds to thousands of years. This carbon pool is equivalent in size to the anthropogenically-driven increase in atmospheric CO2 over the 20th century. The Biological Carbon Pump is widely expected to be sensitive to environmental change and could therefore release CO2 in the future. However, we have limited knowledge of what those changes might be and why because we don't have the necessary outputs from the state-of-the-art future projections by Earth System Models that underpin the Intergovernmental Panel on Climate Change (IPCC) reports that inform social, economic and political decisions about Climate Change.

PREdicting biological Carbon in the Ocean Globally (PRECOG) will build a team of experts at the University of Liverpool to comprehensively explore the future of the Biological Carbon Pump using state-of-the-art Earth System Model projections. PRECOG will strategically align with an international network of researchers and industry partners to build a new knowledge framework that will inform future IPCC reports and mitigation strategies. 

PRECOG will:

1) Derive new standard quantitative measures of the Biological Carbon Pump in a future changing ocean.

2) Quantify how and why the Biological Carbon Pump changes in state-of-the-art future projections that underpin the IPCC reports. 

3) Determine the long-term impact of the Biological Carbon Pump beyond the year 2100 using new Earth System Model simulations. 

4) Predict which future projections of the Biological Carbon Pump are most likely and how this might impact schemes to artificially enhance carbon storage by combining future projections with new compilations of observations.

PRECOG has a strong focus on connecting scientific outcomes to societally relevant outcomes. The research team will maintain a strong and active link with IPCC activities through its international network with the aim of raising the profile of Biological Carbon Pump research. PRECOG will also work with industry partners interested in techniques that will enhance the carbon storage of the Biological Carbon Pump to help mitigate rising CO2 such as kelp farming and seeding the ocean with iron. PRECOG will provide the state-of-the-art estimates for the best locations to undertake these activities and disseminate these findings through its industrial partners. 

In summary, the Biological Carbon Pump is a vulnerable natural carbon pool in the ocean that can influence atmospheric CO2 in response to environmental change. The future of this carbon pool is however poorly known. This Future Leaders Fellowship, PRECOG, will establish a team of experts to explore the Biological Carbon Pump in state-of-the-art IPCC projections to find out what the likely future changes are and translate this is into a societally relevant agenda.",Fellowship,Active,0,,,https://gtr.ukri.org/projects?ref=0CF15F24-E99E-4496-83E0-0191A65E11DB
0D04DE14-61BF-4341-8A74-000659372E3E,Digital Empowerment in Language Teaching (DELTEA),"The aim of this innovative project is to enable a step-change in foreign language (FL) teaching and learning in the primary school (PFL), an important goal because of the many benefits that language learning can bring for learners from a young age and for society more broadly. Educational policy across the UK recognises these benefits, through, for example, officially requiring an FL to be taught at primary school (England and Scotland), or encouraging PFL while not making it a statutory requirement (Wales and Northern Ireland). Yet across all four nations, problems with FL teacher language knowledge and classroom skills, supply and retention mean that young learners often do not reap the benefits that FL learning can and should bring. This is especially the case in areas of greater social deprivation.

The project will achieve its aim by investigating whether and how digital technology can: 1) improve teachers' language knowledge and classroom skills; 2) improve teachers' ability to enhance pupil language and literacy skills, including their empathy and creativity; and 3) whether such improvements also have a positive impact on teacher confidence, motivation, job satisfaction and commitment to FL teaching. It brings together researchers with international reputations for studying the classroom factors that influence the language development of young learners, whose research has shown the importance of teacher language proficiency and pedagogical skills (Graham et al., 2017) and of developing learners' literacy in the foreign language (Porter, 2014; 2020a; 2020b). It also draws on the applicants' recent and successful experience of improving language teacher and learner knowledge, skills and confidence through digital platforms. Through three inter-related work packages the project will:

1. Develop a Digital Professional Development (DPD) programme for primary foreign language (PFL) teachers in England and Scotland, and track any resulting changes in teacher language knowledge and classroom skills, teacher motivation, professional confidence, job satisfaction and intentions regarding staying in the profession
2. Develop and evaluate a digital FL (DFL) literacy teaching intervention, for improving learners' FL language and literacy outcomes, as well as their creativity and empathy for the FL culture
3. Establish the mechanisms through which any changes for teachers and learners occur
4. Work with DPD teachers to create and evaluate a scaled-up, peer-supported version of the Digital Professional Development programme, and roll it out to all four UK nations.

In achieving its aim, the study will provide policymakers and practitioners with concrete and sustainable solutions for improving not only teacher supply and retention, but also learning outcomes. While it will do so within the context of the UK, it will have implications for the many other countries facing similar challenges in delivering PFL education. Furthermore, it will offer crucial understanding of how teacher motivation is developed and sustained, that will be of relevance across all curriculum subject areas.",Research Grant,Closed,0,,,https://gtr.ukri.org/projects?ref=0D04DE14-61BF-4341-8A74-000659372E3E
0D4FB24F-91B7-400B-BAD1-01BB249985A1,De Montfort University And 4G Design Limited,"To develop and embed new approaches to sustainable design in retail fixturing, presenting validated quantifiable benefits of the commercial impact of new designs and materials.",Knowledge Transfer Partnership,Closed,0,,,https://gtr.ukri.org/projects?ref=0D4FB24F-91B7-400B-BAD1-01BB249985A1
0D6E6D94-136D-4B17-8B74-00F4E6632CFA,FLICC (Front of pack food Labelling: Impact on Consumer Choice),"Since 2006, retailers and manufacturers in the UK have begun using front of pack (FOP) nutrition labelling on foods. Presently, around four fifths of foods in UK supermarkets carry FOP labelling. There have been many studies of consumer understanding of FOP labelling, and of use of FOP labelling in experimental settings. However, little is known about how consumers use FOP labelling in real-life shopping situations. This project will investigate the use of FOP labelling during real-life shopping situations, and explore the feasibility of a trial of two interventions aimed at amplifying the impact of FOP labelling - tailored feedback to consumers on food purchases, and interactive education about FOP labelling. 
Two recent studies involved participants being tailed by researchers during real-life shopping situations, in order to investigate facilitators and barriers to buying healthy foods. Transcripts of the interviews from these studies will be re-analysed with a focus on the role of FOP labelling in food purchasing decisions. A new qualitative study will then be conducted with innovative data collection techniques. Participants will be asked to wear SenseCam - a wearable camera that takes time-stamped first-person photos at regular intervals. After the shop, the participants will be interviewed, and images collected by SenseCam will be used to aid recall of the food purchase decisions at each stage in the shop. These interviews will be used to gauge the influence of FOP labelling in food purchase decisions, in relation to other competing influences. Participants will also be asked to consider how the influence of FOP labelling might be amplified in future shopping experiences, and their responses will feed into the development of two interventions. The tailored feedback intervention will consist of automatic delivery of information about the FOP labels of recently purchased products with alternatives from within the same product range with a more healthy FOP label profile. The interactive education intervention will consist of a web-based programme that educates individuals about how FOP labelling systems are designed and work, what consumers should look for in different food product ranges, and the range of FOP labels that are likely to appear in different food product ranges.
A pilot RCT will then be conducted, which will assess the feasibility of conducting a full RCT of these two interventions. Stores from the Co-operative supermarket chain will be the setting. Approximately 400 participants will be recruited from all Co-operative store card holders. They will be randomised into four arms: control; tailored feedback only; interactive education only; tailored feedback and interactive education. Data collection will take place over 12 weeks. During this time, all food purchases made by participants using their Co-operative store cards will automatically be relayed to the researchers. For the first four weeks of data collection, no intervention will take place. Both tailored feedback and the interactive education intervention will take place during weeks 5-8. No intervention will take place during weeks 9-12. The primary outcome variables for the full RCT will be average healthiness of ready meals, pizzas, sandwiches and breakfast cereals purchased in weeks 5-8 minus average healthiness of similar foods purchased in weeks 1-4, and similar comparison between weeks 9-12 and weeks 1-4. Telephone interviews with participants and Co-operative staff will be conducted after data collection. The results of the pilot RCT and the telephone interviews will be used to assess feasibility of recruitment method, recruitment rates by demographic subgroups, effective delivery of intervention, feasibility of data collection, and estimates of drop-out rates. Because of the automated nature of the interventions, both could be rolled out to a wider population of supermarket shoppers if a full RCT demonstrates effectiveness.",Research Grant,Closed,0,,,https://gtr.ukri.org/projects?ref=0D6E6D94-136D-4B17-8B74-00F4E6632CFA
0DD41F14-E16D-4CD0-803A-0189A148F0D3,Identity Attributes Matrix Inititative (IAMI),"AMI aims to revolutionize entity identification and resolution in security, intelligence, and investigation contexts. It addresses the challenges and limitations faced by current identification techniques and offers a visionary solution through advanced AI-powered software. The project's long-term vision is to propel EU LEAs and security/intelligence organizations into a new era of intelligence, investigation, and forensic capabilities. IAMI's core innovation is the development of an AI-powered software system that can seamlessly integrate with existing case management systems and analytic tools. At the heart of IAMI is the concept of the 'Identity-Attributes Matrix (IAM)', a 3D construct that encompasses a broad spectrum of multi-modal identity-related attributes, including biometric data, non-biometric identity-related data, and analytic results. These attributes are used to facilitate large-scale entity identification/resolution, including a broader range of entity types, simultaneous and rapid multi-entity identification/resolution, systematic and continuous analysis of flux of probe attributes, confidence in noisy/corrupted probe data, reduced false positive rates, access to contact attributes, and the ability to classify fake identities and bots/avatars. Furthermore, IAMI sets the groundwork for effective collaboration and data sharing across European agencies, including international organizationslike EUROPOL and INTERPOL through the establishment of a new EU Wide IAMI enrolled data collection repository for terrorist threat assessment and awareness which enriches their capabilities and assets. The realization of IAMI's vision will be achieved through the demonstration of the developed IAMI solution. It will be communicated and disseminated among EU LEAs and security/intelligence agencies through project activities, including deliverables, training curricula, workshops, and pilots. IAMI represents a significant step forward in EU fight against terrorism.",EU-Funded,Active,0,,,https://gtr.ukri.org/projects?ref=0DD41F14-E16D-4CD0-803A-0189A148F0D3
0E159D6D-FBAC-4204-B854-016C43D201F8,UKBIC – Core Operational Funding,"Abstracts are not currently available in GtR for all funded research. This is normally because the abstract was not required at the time of proposal submission, but may be because it included sensitive information such as personal details.",Centres,Closed,0,,,https://gtr.ukri.org/projects?ref=0E159D6D-FBAC-4204-B854-016C43D201F8
0E31DE04-5865-4A32-8DBB-002258C175BD,Video Timelines,"Abstracts are not currently available in GtR for all funded research. This is normally because the abstract was not required at the time of proposal submission, but may be because it included sensitive information such as personal details.",Feasibility Studies,Closed,0,,,https://gtr.ukri.org/projects?ref=0E31DE04-5865-4A32-8DBB-002258C175BD
0E38D2AD-A758-47BB-B0F8-0106B23E00DA,Maximising Academic Translational Projects Towards Optimal Commercialisation Outputs and Impact,"Abstracts are not currently available in GtR for all funded research. This is normally because the abstract was not required at the time of proposal submission, but may be because it included sensitive information such as personal details.",Intramural,Closed,0,,,https://gtr.ukri.org/projects?ref=0E38D2AD-A758-47BB-B0F8-0106B23E00DA
0E760BBF-BDAF-4776-B438-0134A1B6E2BB,EBI Metagenomics Portal - Towards a better understanding of community metabolism,"Abstracts are not currently available in GtR for all funded research. This is normally because the abstract was not required at the time of proposal submission, but may be because it included sensitive information such as personal details.",Research Grant,Closed,0,,,https://gtr.ukri.org/projects?ref=0E760BBF-BDAF-4776-B438-0134A1B6E2BB
11647C16-2E6A-461E-9CEF-016441EC199F,Is ice loss from West Antarctica driven by ocean forcing or ice and ocean feedbacks?,"The Antarctic Ice Sheet is a mass of ice larger than Europe, in some places several kilometres from top to bottom. Fed by snowfall over its interior, it spreads out under its own weight, going afloat at its edge in the form of enormous ice shelves with areas ranging from that of Greater London to that of France. The ice shelves are then melted from below by waters from the Southern Ocean. The inputs and outputs of the system are so massive that even very small imbalances can have catastrophic effects on global sea level: the portion of Antarctica known as the West Antarctic Ice Sheet (WAIS), suspected unstable due to the shape of its underlying bedrock, would contribute 3-5 m of sea level rise were it to collapse completely.

Satellite observations have shown that some of the fast-flowing outlet glaciers that carry ice out of Antarctica have sped up dramatically. Pine Island Glacier, which drains a significant portion of WAIS, has nearly doubled its speed in the last several decades, creating a large negative imbalance for the ice sheet. The acceleration is thought to be connected to the high under-ice shelf melt rates observed in the region. This melting reduces the ability of the Pine Island Ice Shelf to hold back the glacier feeding it. 

Increased ice-shelf melt rates are possibly due to warming oceans; but recent studies suggest that melting could actually be strongly dependent on ice shelf and ice sheet behaviour as well. Additionally, a recent glaciological modelling study suggests a &quot;tipping point&quot; may have been crossed, and that ice retreat, though triggered by oceans, is now self-perpetuating regardless of melting. Determining whether the observed retreat is due to ongoing climate forcing, or to feedbacks of the coupled ice-ocean system, is of utmost importance to predicting (and if possible mitigating) future sea level contributions from WAIS.

In the proposed work we will address this question through the development of a sophisticated computer model of interacting ice sheet and oceans, and by investigation of the processes involved in ice retreat through controlled modelling experiments. Idealized experiments of ice-ocean interactions will lead up to a realistic modelling study of Pine Island Glacier, designed to assess the relative importance of forcing and feedback in its observed retreat.

This study will be unprecedented in terms of the tools developed, the experiments undertaken, and the knowledge gained. Presently no numerical model exists that can fully represent the close interaction between ice sheets, ice shelves, and the ocean circulating beneath them. Furthermore the ice and ocean codes, as well as being ideally suited for coupling together, share properties that will allow for in-depth investigation of model sensitivity and controls, and for the incorporation of ice-sheet observations in a physically consistent manner, vastly improving the reliability of results.",Research Grant,Closed,0,,,https://gtr.ukri.org/projects?ref=11647C16-2E6A-461E-9CEF-016441EC199F
117B9329-0D50-411B-9F8C-01E903650973,Investigation of conserved proteins that regulate transmission of the malaria parasite and Toxoplasma gondii.,"The malaria parasite, Plasmodium, and Toxoplasma gondii are related protozoal parasites that infect ~1/2 of the global population and cause a massive burden of death and disease. Although they have evolved very different mechanisms to undergo transmission between their hosts, there may be conserved features in the molecular mechanism that regulate the development of the T. gondii cysts, that survive ingestion and passage through the gastro-intestinal tract, and the development of malaria parasite oocysts in the mosquito midgut. This project will investigate the role of conserved proteins that are essential for the development of these transmission forms, with the aim of identifying new targets of therapeutics that disrupt the parasite lifecycles. 

We have previously identified a family of large surface proteins, the Cysteine Repeat Modular Proteins (CRMPs), that are essential for Plasmodium sporozoite development and egress from the oocyst. This project will investigate the role of CRMPs in the experimentally-amenable T .gondii model during cyst development in vitro and during chronic infection in vivo. In parallel, high-throughput CRISPR genetic screens will be carried out in T. gondii cysts cultured in vitro to identify novel proteins which are essential for cyst development and parasite differentiation and egress. Candidate genes will be disrupted in Plasmodium and Toxoplasma and differentiation and cyst formation will be assessed using high-resolution microscopy, biochemical approaches and infection assays.",Studentship,Active,0,,,https://gtr.ukri.org/projects?ref=117B9329-0D50-411B-9F8C-01E903650973
0F03D97D-3065-4B3E-8E9E-010E7A7259C3,Molecular mechanisms and evolutionary origins of teratozoospermia and sex ratio skewing in mice with Y chromosome deletions,"When a sperm fertilizes an egg, the sex of the resulting offspring is determined by whether the sperm carries an X or a Y chromosome. Normally, this is a 50:50 chance, and thus half the offspring are male and half are female. However, there is the possibility that genes on the sex chromosomes can act 'selfishly' to increase their likelihood of being passed on: for example if X-bearing sperm secrete a toxin that kills Y-bearing sperm, or makes them less effective at fertilising the egg. This is known as genomic competition. X chromosomes with more copies of such a 'distorter' gene spread more rapidly, leading to an increase in the copy number of these genes on the X chromosome. If such a genomic competition arises between the X and Y chromosomes, then natural selection will favour the survival of Y chromosomes which carry a 'repressor' gene opposing the action of the X-linked distorter gene. This then leads to an arms race, amplifying the competing genes on both X and Y chromosomes. This seems to be the case in mouse. There are several different families of genes on the Y chromosome which are present in many dozens of copies each. When these genes are deleted, there is a sex ratio skew in the offspring of the males carrying the deletion. We have identified several of these Y chromosome gene families in our recent work, and have shown that specific X chromosome genes are switched on when the Y chromosomal repressor genes are deleted. This 'overexpression' of the X chromosome genes leads to sperm with malformed heads, which are less effective at fertilising eggs. Of the sperm that are able to fertilise eggs, more than 50% are X-bearing sperm, leading to the sex ratio skew in favour of females in the next generation. Our proposed project is aimed at understanding the molecular basis of how this genomic competition arose during the evolutionary history of the mouse, how the distorter genes spread thereafter, and how they have been contained by the evolution of the repressor genes. In order to discover this, we will make special stains using antibodies to show where the X-encoded proteins are located within the sperm, and use this to work out how they may affect sperm head shape. It will be especially interesting to see if there is a difference between X-bearing and Y-bearing sperm in terms of protein location. We will also make transgenic mice that specifically overexpress one or more of the candidate X genes, and check for sperm shape abnormalities and/or a sex ratio skew in the transgenic lines. We will look in closer detail at the Y-linked repressor genes to see how they counteract the distorter genes. One gene, called Fly, is very interesting as it is transcribed in both directions. Transcription is the process that makes 'working copies' (mRNA copies) of active genes. If a gene is transcribed in both directions, the resulting mRNAs can silence related genes in a process called RNA inhibition (RNAi). We will test whether RNAi is the mechanism that lets the Y chromosomal repressor genes counteract the X chromosomal distorter genes. Finally, we will see how many copies of each of the candidate genes are present on the X and Y chromosomes of a range of different mouse species. This will tell us when the genomic conflict started. By comparing the sequence and activity patterns of genes before and after the start of the conflict, we may be able to find specific mutations that caused the conflict. A better understanding of sex ratio distortion, and the evolutionary processes behind it, is important not only in pure science terms, but also potentially in economic terms. For example, it may allow us to discover conflicting genes in farm animal species such as cattle, allowing selective breeding for bulls that preferentially generate female calves. Also, a fuller biochemical understanding of the pathways affected by the distorter genes could let us directly target these pathways in order to affect offspring sex ratio.",Research Grant,Closed,0,,,https://gtr.ukri.org/projects?ref=0F03D97D-3065-4B3E-8E9E-010E7A7259C3
0F4A8B27-453D-4D6E-B3DF-01EBCC42F5F1,How does classroom background noise affect inner speech development in children?,"Inner speech (IS) refers to the internal language that individuals experience in their minds, often described as a form of self-directed verbal thinking or a conversation with oneself (Fernyhough, 2010). Recent insights emphasize that inner speech plays a functional role in cognition and executive function (Alderson-Day &amp; Fernyhough, 2015), such as planning (Wallace et al., 2017), behavioural regulation (Dolcos &amp; Albarracin, 2014) and emotional regulation (Fossa et al., 2020). These cognitive functions, mediated by IS, have been linked to positive educational attainment and cognitive development (L&ouml;vd&eacute;n et al., 2020). So far much of the research focusing on IS, has been investigated in adult populations. This PhD project will expand the field into the development of IS in children.

Inner speech enhances cognition by transforming complex sensory information into abstract symbolic representations, making cognitive processes operations more efficient and flexible (Alderson-Day &amp; Fernyhough, 2015). Previous studies have examined inner speech within children aged 5-7 years old (Doebel &amp; Munakata, 2017, Manfra, 2006) showing the children presented with clear inner speech abilities. Poulton (1977) established that irrelevant noise can disrupt inner speech and therefore negatively impact children's cognitive development across these domains. Furthermore, both internal and external classroom noise have a negative effect on verbal and non-verbal cognitive tasks and academic performance in children (Shield &amp; Dockrell, 2008, Klatte et al., 2013).

Children with hearing loss are falling behind both in academic performance and cognitive development in general (Khairi Md Daud et al., 2010). Children with hearing loss are particularly vulnerable to the negative effects of classroom noise (Crandell, 1993) and struggle to recognise speech in a noisy environment, even when wearing hearing aids, compared to typically developing children (Stewart et al., 2022). Therefore, the development of inner speech may be particularly vulnerable for children with hearing loss, which sets them up at a disadvantage.",Studentship,Active,0,,,https://gtr.ukri.org/projects?ref=0F4A8B27-453D-4D6E-B3DF-01EBCC42F5F1
0F8EAA3A-FE06-474B-A8D3-0005B17AA452,Nanoscience of Quasicrystals and Related Complex Metallic Alloys,"When a pattern has a basic repeating element, like a square tile in a tiled bathroom, we say the pattern is periodic. The concept of periodicity is a simple one, but its consequences are far reaching. Periodic systems possess long-range order; in other words if we know the position of the first tile in the pattern, then the positions of all the other tiles in the pattern can be found just by shifting this tile along by regular increments. This only works for a very limited number of simple shapes, among them squares, triangle and hexagons. Try covering a surface with pentagons. There will always be gaps in a tiling made in this way. Until twenty years ago, it was thought that materials were either ordered in a periodic way as described above (in which case they were called crystals), or completely disordered (in which case they were said to be amorphous). Nearly all the physical properties of materials were found to depend on whether the material was crystalline or amorphous.In 1984 a class of materials were discovered which are in between crystals and amorphous materials in terms of their structure. They are known as quasicrystals. They have long-range order, in the sense that their structure can be built up from some simple rules. Their structure is in fact based on a minimum of two tiles which have very specific shapes. When the tiles are put together with some rules as to which edges of the tiles should match, then a quasiperiodic pattern is built up. This is known as a Penrose tiling. Quasicrystals can be thought of as Penrose tilings with groups of atoms attached to the corners of the tiles to give them atomic structure.The study of the properties of quasicrystals in the past 20 years has allowed scientists to understand the effects of this new kind of order in a real physical system. In particular we have learned much about the behaviour of electrons, which are the conductors of electricity in materials, and about magnetism in a new context. These studies have occurred in parallel with huge developments in science in the past 10 years which have focussed on extremely small scale atomic arrangements called nanostructures, and the potential applications of these nanostructures, a field called nanotechnology. This proposal is to join these two areas together, that is quasicrystals and nanoscience, through a number of different approaches which include:(i) the study of nanoscale structures which are grown on quasicrystal surfaces by sprinkling tiny amounts of atoms on the surfaces and letting them organize themselves into overlayers or thin films;(ii) The use of systems created in step (i) above as templates for ordered molecular adsorption;(iii) the study of what happens the surfaces of quasicrystals when they are placed in a conducting liquid environment where the conditions and hence the state of the surface may be strictly controlled - this is known as electrochemistry;(iv) the study of periodic crystalline materials which are closely related to quasicrystals themselves - we call these complex metallic alloys.The main tool which will be used to perform these studies is an instrument known as a scanning tunnelling microscope. This is a microscope which allows us make images of atoms on surfaces in a relatively quick and controlled way.We intend the outcome of the proposal to be a substantially increased understanding of what happens in nanoscale systems which have a quasicrystalline nature. We should understand much more about the electrical, thermal, magnetic and structural properties of these systems, and have some ideas about which applications of these materials might be feasible.",Research Grant,Closed,0,,,https://gtr.ukri.org/projects?ref=0F8EAA3A-FE06-474B-A8D3-0005B17AA452
12B11A9F-EEC6-4F42-9D0E-002099A6D5D4,C-FORCE: Carbon-Cycle Feedbacks from Response to Carbon Emissions,"The dominant driver of anthropogenic global warming is the increasing amount of the greenhouse gas carbon dioxide in the atmosphere. This is increasing because it is being emitted by the burning of fossil fuel, deforestation and cement making, with only ~45% staying in the atmosphere. The rest is stored in other reservoirs at or near Earth's surface including the ocean, trees, soils, permafrost and methane ice, as well as sediments and rock. Carbon flows naturally between the atmosphere and these reservoirs by processes like photosynthesis, decay, weathering, burial and ocean circulation. Collectively, the exchange of carbon between these reservoirs is termed the carbon cycle. One of the biggest uncertainties about future climate change is how the carbon cycle will respond to (or 'feed back' on) our warming planet. It is possible, for example, that if global warming exceeds a threshold, permafrost and methane ice stored at the seafloor will melt rapidly, adding further greenhouse gases to the atmosphere and accelerating the warming. It is very difficult to predict whether 'tipping point' behaviour like this will occur in the global carbon cycle.

C-FORCE will measure how the global carbon cycle responded from start to finish during a past period of global warming that was driven by emissions of carbon-based greenhouse gases to the atmosphere. The Paleocene-Eocene Thermal Maximum (PETM) is the largest natural climate change event of the last 65 million years, and the closest natural comparator to the modern rates of global warming and carbon greenhouse gas emissions. During the PETM, initial global warming of 4-5 degrees Celsius over a few thousand years was partially driven by carbon emissions from an unusually massive episode of volcanism, and the climate then gradually recovered to its pre-existing state over more than 100 thousand years.

C-FORCE will use a novel model of the global carbon cycle to compare the carbon supplied by volcanism with the total PETM carbon budget; the difference between these two budgets can be attributed to carbon cycle feedbacks. We will make new high-resolution estimates of the rate at which volcanism supplied carbon to the atmosphere throughout the PETM by measuring the processes that generated the magma. We will calculate the total budget of carbon emissions to the atmosphere that caused the climate change by generating new high-resolution records of ocean acidification. Our carbon cycle modelling will allow the scientists who make these two sets of measurements to interface effectively to solve the net global carbon cycle feedback problem for the first time. Furthermore, because Earth's carbon reservoirs differ in isotopic composition, we can fingerprint which reservoirs most likely acted as carbon sources or sinks over the course of the PETM. 

Thus C-FORCE will determine how the global carbon cycle evolved throughout the PETM, and show whether or not tipping point behaviour occurred. Understanding how Earth's carbon reservoirs respond to global warming is crucial for predicting atmospheric carbon dioxide concentrations and climate change long into the future. Ultimately, an improved understanding of the carbon cycle affects future carbon budgets to limit global warming to 1.5 or 2 degrees Celcius and is therefore necessary for shaping mitigation targets and government policy.

Beyond delivering a research product, C-FORCE challenges current understanding of the carbon cycle and we see our role as an empowering force in this space. The public discourse on climate change is a mixture of disaffection and anxiety, so C-FORCE will take a different direction to traditional public engagement, by partnering with community organisers and local government to train, mentor and co-develop our public engagement with young people.",Research Grant,Active,0,,,https://gtr.ukri.org/projects?ref=12B11A9F-EEC6-4F42-9D0E-002099A6D5D4
12B7286D-A22B-4BD2-8149-0141D1189569,Geographical Information System e-Science: developing a roadmap,"Over recent years the range of electronic data sources of potential interest to arts and humanities scholars has proliferated at a dramatic pace. Both the sheer volume of cultural heritage content has increased, as has the multimedia nature of these materials. In the past e-resources were generally restricted to electronic texts whether qualitative or quantitative. Now a plethora of material in a wide variety of formats is available including, for example, high-quality photographs of paintings, 3-D views of museum objects, sound files of regional accents, and video footage of arts performances. To date there has been an emphasis on creating e-resources with a view that these existing resources were not sufficiently comprehensive and that scholarship was restricted by the paucity of key electronic sources. In fact it is now apparent that researchers in the arts and humanities are currently not able to make full use of existing datasets. All too frequently cultural heritage resources reside in bespoke dissemination systems, use different metadata standards, are computerised using different technologies and are made available in varying and inconsistent formats As analogue data continue to be digitised, and increasing amounts of data are born digital, these difficulties can only become more severe unless strategic actions are taken now.

This proposal is directed towards making use of two emerging technologies - e-Science and Geographical Information Systems (GIS). Grid technologies have very considerable potential in the humanities. The access grid opens to possibility of straightforward availability of digital content. As high quality images and video footage becomes ever more available to humanities scholars it is likely that the access grid will also become important for its ability to facilitate the transfer of very large files, something which tends to only be of importance in the sciences to date. Equally, the integration and analysis of multimedia sources is likely to makes significant calls on the computational grid in the future. Despite the opportunities that e-Science fundamental problems remain concerning the location, retrieval and analysis of e-resources. Recent developments in GIS suggest that this technology might resolve some of the brakes on e-Science development in the humanities. GIS now allows multimedia e-resources to be managed and related in time and space using the software and provides tools to visualise and analyse these resources. The vast majority of humanities e-resources are referenced spatially and chronologically and hence can be deployed within a GIS software environment.

The application requests funding for a three-day Expert Workshop in GIS e-Science bringing together 19 scholars from Europe, North America, Asia and Australia to examine how GIS e-Science might lead to significant advances in research methodologies The proposal takes the experience of the Centre for Data Digitisation and Analysis at Queen's Belfast, a network of established collaborators, and new contacts, including experts in e-resource development and provision, e-Science, humanities GIS, and integratory tools, in the arts and humanities. The workshop has five principal aims:

1. To review the current use of GIS in the arts and humanities within an e-Science framework
2. To identify the challenges that GIS e-Science faces both technically and practically
3. To examine the value of GIS e-Science and whether relating the two technologies will enhance the use of distributed e-resources and advance humanities research
4. To develop a roadmap charting the potential development of GIS e-Science
5. To disseminate the findings of the workshop as widely as possible

The proposal will result in a clear assessment of the advantages and potential difficulties of GIS e-Science, an assessment that will be widely disseminated over the Internet, and through international conferences and a journal articles, and an assessment that wi",Research Grant,Closed,0,,,https://gtr.ukri.org/projects?ref=12B7286D-A22B-4BD2-8149-0141D1189569
12EE1746-7F49-4B80-A534-010628E9CB92,An investigation of replicated genetic associations from a genome-wide study of sporadic MND.,"We are trying to find genes that make people likely to develop motor neuron disease (MND). This is a wasting disease in which an affected person becomes progressively paralysed over months until they are too weak to breathe.
We know that a few people with MND carry a genetic mutation. For most people with MND we think that certain common genetic variations might increase the risk in certain situations.
MND takes many forms and we do not know if they are really all the same underlying disease or several different conditions that happen to look the same. This makes gene-hunting difficult. Also, even though MND is quite common (about 1 in every 400 people will die from it), life expectancy is very poor and so at any one time there are not many affected people who can help with research.
We have successfully found a genetic signal for MND on chromosome 8 but we now need to pinpoint where the signal is coming from. If we can find out exactly what genetic variation in this area is responsible, we will understand more about MND and this will make it easier to develop a treatment.",Research Grant,Closed,0,,,https://gtr.ukri.org/projects?ref=12EE1746-7F49-4B80-A534-010628E9CB92
12FD8D95-EB12-4393-9337-006441A98FAA,Sensors for Wave scattering: using acoustics waves to measure particulates,"Early Mesopotamian people discovered that a mixture of mud and straw creates strong durable buildings, what we call today a composite material. Today these materials have enabled amazing advances in areas including aerospace, automobile, food science, communications technology, biotechnology.
This project focuses on using sound to measure particulates materials like powders. The aim is to develop new ways to sense and measure powders by developing the fundamental science underpinning how sound waves interact with powders. The student, will work closely with the acoustics team in Johnson &amp; Matthey, a British multinational who develops sustainable technologies and produce a wide range of powder products. This project will combine mathematical models, computer simulations, and experimental data from Johnson &amp; Matthey to develop new sensing methods that could have a significant impact on the UK economy.",Studentship,Closed,0,,,https://gtr.ukri.org/projects?ref=12FD8D95-EB12-4393-9337-006441A98FAA
132CDD17-EA9F-4C07-90E0-018FDD8324DD,Studying the Deformation of Tungsten and its Alloys During Mechanical Testing with analysis being performed using EBSD and HR-DIC Methods,"This project looks at the materials used in a fusion reactor particularly in the divertor which is designed to withstand extremely high heat fluxes and highly energetic neutron bombardment and as such tungsten is the leading candidate material choice. Research is currently being undertaken to understand tungsten's fundamental mechanical property behaviour as it suffers from acute brittleness and a high brittle-to-ductile transition temperature. Alloying tungsten with elements such as rhenium is often the strategy to improve its ductility; however, rhenium is also a transmutation product that can form precipitates under reactor conditions exacerbating the embrittlement of the alloy. Therefore, other alloying options need to be explored. This project is looking at novel tungsten alloys for fusion reactor divertor application. This is coupled with gaining an understanding at the microstructural level the behaviour under tensile loads and how this is impacted by different alloying elements and microstructures with a potential extension of examining either the impacts of radiation or hydrogen isotope loads. The primary techniques that I am interested in are scanning and transmission electron microscopy, with a particular interest in high resolution digital image correlation to understand the deformation mechanisms of the different alloys at the near atomic scales. This will help link the local microstructure to the mechanical response. Ex-situ testing will also be carried out on pure tungsten to acquire a set of &quot;baseline&quot; values for its mechanical properties. The main objective is to obtain the ideal novel alloy to be used in such applications.",Studentship,Active,0,,,https://gtr.ukri.org/projects?ref=132CDD17-EA9F-4C07-90E0-018FDD8324DD
1349B1A8-C478-4D39-80E5-01252791A45F,Automated Personalised 4D Heart Modelling for Disease Prediction,"Generative statistical models of cardiac anatomy and function have a wide range of applications such as disease diagnosis, personalised medicine, generation of population and sub-population cohorts for in silico trials, etc. Geometric deep learning methods for cardiac anatomy have shown promising results for reconstructing the 3D biventricular cardiac anatomy shapes conditioned on population characteristics and predicting the 3D shape deformations between heart contraction and relaxation. Until now, research has focused on specific states within the cardiac cycle; however, the whole cardiac motion pattern plays a crucial role in determining the underlying pathologies.

To address this significant gap in the current research, our aim is to develop a novel multi-modal model for the complete cardiac motion over the 3D cardiac anatomy from the standard clinical cardiac magnetic resonance imaging (MRI), using deep learning-based approaches. In addition to the information captured by cardiac MRI, the proposed model will also incorporate multi-modal information including individual's demography such as age, sex, ethnicity, body mass, etc. and electrophysiology data to accurately model and quantify their relationships. We intend to develop the proposed approach on the large and diverse UK Biobank population, in order to investigate the differences in the different data modalities. The envisaged final 4D model of cardiac anatomy and motion conditioned over population characteristics and electrophysiology would enable several downstream tasks, including but not limited to personalised medicine and in silico trials, as well as contribute to a greater knowledge of the relationship among cardiac anatomy, motion and pathologies.

The proposed project would contribute a novel multi-modal geometric deep-learning model for the human heart, which would integrate cardiac geometry with motion and explore their relationship with population demography and electrophysiology. This, in turn, would contribute to the design of in silico trials, which have the potential to improve the efficiency of clinical trials and reduce costs. In silico trials also offer the possibility of simulating the efficacy of interventions in sub-populations underrepresented in the data, which would reduce spurious extrapolations of trial results from other populations to these groups. The model would also contribute towards the field of personalised medicine; by simulating the impact of interventions on a bespoke simulation of a subject's anatomy, personalised risk profiles for different interventions can be evaluated and compared. Finally, investigations into the relationships between cardiac anatomy, motion, demography, electrophysiology, and pathology could yield new insights into the aetiology of cardiovascular diseases.

The project fits within both Challenges 1 and 2 of the EPSRC Healthcare Technologies Research Theme strategy. For Challenge 1, the proposed approach will interpret and analyse population to understand both individual and population scale variation in disease phenotypes. The approach would also contribute towards the development of novel prediction tools like digital twins and the discovery of new indicators of susceptibility and risk of disease. For Challenge 2, the project would contribute to the development of novel techniques for optimising patient-specific illness prediction, biomarker identification, decision-support systems, and predicting susceptibility to illness.",Studentship,Active,0,,,https://gtr.ukri.org/projects?ref=1349B1A8-C478-4D39-80E5-01252791A45F
13800BFE-AF54-4923-8E2F-004CF314EC6B,Prediction of Sticking Potential for Continuous Direct Compression,"An increasing number of drugs in development are hydrophobic and considered as BCS class 2 compounds. In many cases these drugs require aggressive pre-processing to reduce particle size and accelerate the dissolution of these compounds. The reduction in particle size causes even more hydrophobic surfaces of the drug particles which magnifies sticking issues. 
Sticking occurs more frequently in direct compression as the drug is not embedded within a granulation matrix. Considering that the industry is growing the use of continuous direct compression (CDC), a fundamental understanding of the underlying mechanisms of sticking becomes even more important. 
Typically, sticking is not observed until later stages of development where any alterations in the formulation or manufacturing route causes a large penalty of change. This project aims to increase the understanding of the underlying sticking mechanisms enabling the early detection of sticking. This will be addressed by using complementary advanced characterisation techniques with a focus on understanding the impact of particle size (drug and diluent) [3] of various hydrophobic compounds and lubrication on sticking propensity. The project will deliver a workflow to identify sticking at an early stage in the development and reduce the risk of sticking in CDC.",Studentship,Active,0,,,https://gtr.ukri.org/projects?ref=13800BFE-AF54-4923-8E2F-004CF314EC6B
13B26836-A839-4F14-94BD-00B126EEE86C,Holocene Land-Ocean-Atmosphere Interactions on the Eastern Seaboard of North America,"Past terrestrial responses to climate-ocean interactions in the North Atlantic region are a critical research priority because they show how changes in key aspects of climate that will be affected by future global warming, such as ice sheet volume &amp; ocean circulation, may be translated into phenomena of socio-economic importance, including the atmospheric water balance &amp; soil moisture availability. Although we are beginning to understand the nature &amp; magnitude of changes in the circulation of the North Atlantic over the last 10,000 years, terrestrial responses to these events are still poorly understood in terms of timing, magnitude &amp; spatial pattern. It is imperative to rectify this deficiency in order to generate &amp; test hypotheses to explain the processes of change, to understand the strength of relationships between oceanic &amp; terrestrial climate change, &amp; to enable future soil conditions &amp; water resources to be predicted using computer models. Plan of work This project will investigate four sites located on a transect along the eastern seaboard of North America, from northern Newfoundland to Maine. This region was highly sensitive to past changes in ice sheet mass balance &amp; ocean circulation. The selected sites are all raised (rain-fed) peat bogs, which provide superb climate archives. Plant &amp; animal (testate amoebae) fossils preserved in well-dated cores extracted from these bogs will be used to reconstruct past changes in Bog Surface Wetness (an index of surface water balance) over the last 8500 years, at a time resolution of 10-100 years. The same core samples will be analysed for stable isotopes of oxygen &amp; hydrogen. The spatial &amp; temporal distribution of the heavy isotopes of these elements in precipitation is related to air temperature, &amp; hence to atmospheric circulation. The isotope signal captured in the cellulose fraction of Sphagnum moss closely tracks that of the precipitation used by the plant for cellulose synthesis. Hence, fossil Sphagnum from raised peat preserves a clear signal of past changes in climate &amp; atmospheric circulation. Modern precipitation along the eastern seaboard of North America is derived mainly from the Atlantic Ocean. A strong temperature contrast exists between the Arctic waters of the Labrador Current, which flows southwards along this coast, &amp; the warm waters of the Gulf Stream further offshore. Past isotopic ratios in precipitation falling over coastal areas will have been strongly influenced by changes in these ocean currents &amp; in the heat transport by the Gulf Stream. By combining the oxygen &amp; hydrogen isotope records, we will estimate the deuterium excess, an index of the conditions prevailing at the sea surface when evaporation occurred, including the extent of sea ice. The stable isotope data will be compared with isotope measurements on ice cores from Greenland &amp; Canadian ice caps, and more cautiously, with estimated isotope values for surface seawater &amp; lakes that have been derived from sediment analyses. Hence, analyses of fossils &amp; stable isotopes from the same core levels will allow us to reconstruct the timing, magnitude &amp; spatial pattern of the terrestrial response, as well as exploring the impact of different causal factors such as meltwater discharges, changes in atmospheric &amp; ocean circulation &amp; solar variability on the climate of the study area. In this way, insight will be gained into the mechanisms that have driven climate change over the last 8500 years. Hypotheses to be tested: 1) Between 8500 &amp; 6800 years ago, the climate of the study area was strongly influenced by repeated discharges of glacial meltwater from the decaying North American Ice Sheet to the north, resulting in cooling &amp; increased bog wetness. 2) After the disappearance of the ice sheet, 6800 years ago, the climate of the study area was indirectly influenced by cyclical variations in sea ice extent, ocean currents &amp; deepwater formation north of Iceland.",Research Grant,Closed,0,,,https://gtr.ukri.org/projects?ref=13B26836-A839-4F14-94BD-00B126EEE86C
13D7C04A-A7F2-4916-839D-003985589FB7,Engineering Sulfatases for Biomedical Applications,"Heparin, which is obtained from pig tissue, has been used as an anti-coagulant for a century. However, a contamination scare in 2008, which caused fatalities worldwide, has amplified the need for homogenous synthetic heparins. Given the difficulties often associated with chemical synthesis of large polysaccharides, enzymatic approaches are much more tractable. Ultra low molecular weight heparins (ULMWHs) have been demonstrated to work effectively as anti-coagulants. However, ULMWHs have one drawback as they can't be neutralized by protamine sulfate, meaning there is no antidote if a patient is given an overdose of anti-coagulant. The aim of this project is to develop a robust assay to measure G6S activity, using novel synthetic substrates that will be synthesized as part of this project. This, in addition to the structural information already obtained, will be used as the basis for engineering G6S, using rational site directed mutagenesis, in order to obtain an enzyme that will work at higher pH. Such an engineered enzyme could then be explored for use therapeutically as an antidote to anti-coagulant overdose, and scale-up of protein expression for an industrial application will be addressed.",Studentship,Closed,0,,,https://gtr.ukri.org/projects?ref=13D7C04A-A7F2-4916-839D-003985589FB7
13D8539D-2FF6-4FAC-A36C-005678E6DAFF,Building Banter,"People in buildings feel disengaged and disempowered to take energy saving actions. Overall, this project will improve energy efficiency by involving building users in engaging and ongoing conversations prompting energy efficiency actions in building environments. By exploiting and co-opting existing technologies, and developing a user-centered design approach, it will deliver 'conversational tools' through which people and buildings can input and receive information about themselves and each other. The approaches, interventions and solutions will initially be informed by a detailed case study and trial deployment within an industrial site comprising of both factory and office environments. They will then be further developed into a generic solution, applicable across a wide range of non-domestic buildings. The developing action research methodology will then be transformed into a process toolkit which can be applied in a range of contexts through a consultancy model. Within this context, the contribution of the Bartlett School of Graduate Studies at UCL will be to develop a methodology to characterise and scope user-focused energy reduction interventions within industrial settings and office buildings. In particular, data on user-dependent energy consumption will be gathered in factory and office sites, via energy surveys, desk-based analysis and modelling. Focus groups and surveys of users of the same sites will also capture the users' values, drivers and perspectives on energy use and on energy saving behaviors. These surveys and focus groups will also be informed by a review of evidence on existing methods and tools for behavior engagement/change, with a particular focus on the field of occupational psychology. The data gathered will then be used to develop new methods for widely applicable user-focused energy saving strategies and to estimate their energy saving potential. The effectiveness (from the users' perspective) of such energy saving measures will be tested in the field by an observational study and a focus group aimed at gathering users' feedbacks on the strategies implemented within the context of the wider project. The feedbacks will then be incorporated into improved methods for strategy formulation, which will be broadly applicable to a variety of factory sites and office buildings.At present, there is very limited field-based data on user-controlled energy consumption, particularly for factory sites which often include several functions (workshop, office, etc.). Furthermore, most existing energy use studies on behavioral mechanisms and on strategies for behavior change focus on domestic settings and their results are not necessarily immediately applicable to non-domestic environments. UCL's contribution to this project will involve the methods of data gathering, strategy formulation and testing of effectiveness, which will then be aggregated to provide new knowledge on user-dependent energy use. This will provide essential evidence to unravel the complexities of user-dependent energy use and of behavior change within the context of non-domestic buildings, especially factory sites and office buildings. This evidence will underpin the formulation of effective user-centered strategies for energy-efficient design and building operation, which will be widely applicable to a range of factory sites and office buildings.",Research Grant,Closed,0,,,https://gtr.ukri.org/projects?ref=13D8539D-2FF6-4FAC-A36C-005678E6DAFF
08DC2362-B8F7-4E0B-B1FC-001FB7AF5B94,"ENGLISH HERITAGE TRUST CONSERVATION AND HERITAGE SCIENCE FACILITY - RANGER'S HOUSE, GREENWICH, LONDON","The English Heritage Trust (EHT) cares for the National Heritage Collection of 400 historic sites and 3/4 million associated artefacts. 

The Facility 
The heritage science and conservation facility at Ranger's House acts as a central hub for core research and conservation activities carried out by EHT. The facility itself comprises five rooms in the apartment adjacent to the publicly accessible house (home to the Wernher Collection), the fine art conservation studio, and an outbuilding used as a store. The facility has grown organically and has reached a point where the scale of work outstrips the capacity of the facility - both due to space and the quality of equipment within. 

The Beneficiaries - People and Collections
The English Heritage Conservation Science team has been leading the way in research on the environmental response of objects in historic environments. This work has been critical in allowing for the safe display and storage of the collection in historic buildings. Its novelty lies in the combination of close object/ building examination and analysis, with an epidemiological approach. 

We have been able to develop this novel approach because we look after similar objects that are exposed to a range of very different environments. The practical methods we have devised as a result of our research have enabled us to reduce the carbon footprint of conservation activities by 40%. The sector's interest in this work is demonstrated by an impressive 70 publications in competitive forums, the oversubscription to a series of 8 international courses covering management of showcases and an invitation to the 2018 Gordon conference on Scientific Methods in Cultural Heritage Research. We have also supported six PhDs - looking at response of lined canvas paintings, archaeological bone, archaeological glass and outdoor artillery - through the CPD scheme, SEAHA doctoral training scheme, AHRC Collaborative Doctoral Program and the Science and Heritage Programme. This research would not be possible without the Ranger's facility and its equipment, but it has been severely restrained by lack of space and outdated equipment - with constant failures or issues with software compatibility.

The conservation studio at Ranger's House, often guided by scientific advice from the conservation science team, carries out practical treatments and technical analysis of the English Heritage collection of over 1500 easel paintings, many of international significance, and their associated frames. Technical examination advances our understanding of an artist's materials and methodology. Over the last five years our work has resulted in the reattribution of several paintings, notably to Botticelli and Titian, and much associated publicity for English Heritage has followed. Art historical findings relating to paintings by Rembrandt, Titian, Weenix and Beuckelaer have been presented at several national and international conferences and published in postprints and journals. To allow this treatment and research to continue, we need to update equipment in line with technological advances and remedy issues with the studio space, previously adapted from an old coach house

The Project
The amount of research needed, both within the EHT strategy and to support the sector, is not possible within the confines of the existing facility, nor with equipment more than 10 years old and suffering constant failures (and not supported by the manufacturers due to its age).
We will redevelop the interiors of the facility and upgrade the store into a workshop in order to house equipment, and provide space for sample preparation and wood working for fine art conservation. We will also replace the most outdated pieces of equipment, to significantly improve the efficiency for research undertaken in the facility.",Research Grant,Closed,0,,,https://gtr.ukri.org/projects?ref=08DC2362-B8F7-4E0B-B1FC-001FB7AF5B94
095A3C0E-E4E6-4D44-945E-0036610164BA,Novel Time-Resolved Thermal Imaging: AlGaN/GaN Heterostructure Field Effect Transistors,"The increasing complexity of tasks required by communication, radar, aircraft, automotive systems benefits from the use of novel materials in high speed devices. Such devices, for example, radio-frequency (RF) transistors used in mobile communication base stations or phased array radars, have to meet certain performance standards. Electrical characterization is mostly used today to tackle challenges in the device development process to meet these standards. Electrical measurements, however, determine average device properties rather than specific information on spatial characteristics such as temperature and electric field inhomogeneities. If direct imaging of temperature and electric field distribution over a device area was possible with high time resolution this would open a new dimension for the investigation of semiconductor devices. This would be of great benefit to device researchers and developers to study and tackle time-dependent phenomena limiting device performance. Adequate techniques, however, are not existent at present. In the proposed work we will develop the first high-spatial resolution time-resolved thermal prober for semiconductor device imaging ever built to our knowledge. Electric field distribution will be extracted from the temperature information. The technique will be illustrated on the example of the topical AlGaN/GaN HFETs to learn more about how these devices operate in detail and what limiting factors for current devices are. For example, we will obtain information about carrier trapping related to AlGaN/GaN HFET current collapse, but experience shows that other interesting and potentially important discoveries are likely to result as well.",Research Grant,Closed,0,,,https://gtr.ukri.org/projects?ref=095A3C0E-E4E6-4D44-945E-0036610164BA
09E9D9A8-C863-48AA-B42B-004D4B4A472D,Open Access Block Award 2023 - Armagh Observatory and Planetarium,"Abstracts are not currently available in GtR for all funded research. This is normally because the abstract was not required at the time of proposal submission, but may be because it included sensitive information such as personal details.",Research Grant,Closed,0,,,https://gtr.ukri.org/projects?ref=09E9D9A8-C863-48AA-B42B-004D4B4A472D
0A9C4768-C996-4303-91F1-020F34284F78,Characterising hydrothermal alteration across the Atlantis Massif: IODP Expedition 357,"The oceans covers approximately two thirds of the Earth's surface yet the oldest ocean floor is less than 200 million years old because it is continuously created and destroyed through the plate tectonic cycle. The ocean floor is made of volcanic rocks that form at mid ocean ridges, a global chain of under-water volcanoes that stretch for ~60,000km around the oceans, where two tectonic plates are moving away from each other. The rate at which the two tectonic plates move away from each other varies across the oceans. Currently 50% of the global mid ocean ridge system is spreading at slow spreading rates (&lt;40 mm/yr, e.g Mid Atlantic Ridge). From dredging and scientific drilling of the ocean crust and studying ophiolites, pieces of ocean crust that have been emplaced onto the continents, the overall structure of the ocean crust has determined. 'Typical' ocean crust has a layered stratigraphy with erupted lavas overlying intrusive feeder channels and frozen magma chambers (gabbros). However along slow spreading ridges this typical stratigraphy is not always present, and ~ 50% is formed by tectonic extension along detachment faults that bring gabbros and mantle rocks to the seafloor.

Once new ocean crust is formed cold seawater penetrates downwards into the crust along fractures, becomes heated and reacts with the volcanic rocks until the hot hydrothermal fluids becomes buoyant and exit the crust at the seafloor . These reactions modify the chemistry of both the rocks by the formation of new hydrothermal minerals and the hydrothermal fluids, and are therefore an important process to quantify in order to understand global chemical exchange. The new minerals that form are strongly dependent on the initial rock and the temperature of the reacting hydrothermal fluids. At slow spreading ridges, the exposure of gabbroic and mantle rocks at the seafloor results in different chemical reactions, and mantle rocks in particular undergo extensive alteration to serpentinites. Serpentinisation reactions are accompanied by the formation of calcium carbonate minerals in fractures. The formation of calcium carbonate by fluid/rock reactions is currently being investigated as a potential long-term store of carbon dioxide. Understanding hydrothermal circulation in these environments is critical for understanding this process and ultimately exploiting it for the industrial storage of carbon dioxide.

The Atlantis Massif is located on the Mid Atlantic Ridge and is an example of where tectonic extension has exposed gabbroic and mantle rocks at the seafloor. A hydrothermal vent system called the Lost City Hydrothermal Field is present on the southern end of the massif and is driven by serpentinisation reactions. Low temperature (&lt;100degC), high pH hydrothermal fluids vent diffusively at Lost City through carbonate-brucite structures. It is one of only five hydrothermal vents that are known to be hosted on mantle rocks.

In this study, new samples recovered by scientific ocean drilling of the Atlantis Massif during IODP Expedition 357 will be used to investigate the role of hydrothermal circulation in the formation of ocean crust along these long-lived detachment faults. For the first time an age transect of samples across the massif has been recovered allowing insight into how the detachment changes and evolves as it progressively ages. By studying the new hydrothermal minerals that have formed during fluid/rock reaction, and documenting their distribution within the different rock types, the pathways for the hydrothermal fluids can be deciphered. This information will be combined with geochemical analyses of the rocks and hydrothermal minerals to quantify the chemical changes that have occurred during hydrothermal circulation across the Atlantis Massif. This combined approach will allow the contribution of hydrothermal circulation along detachment faults to the broader hydrothermal budget of global geochemical cycles to be determined.",Research Grant,Closed,0,,,https://gtr.ukri.org/projects?ref=0A9C4768-C996-4303-91F1-020F34284F78
0AE039A7-9A84-4943-AA36-001DB5763245,Ferroelectrics for Nanoelectronics (FERN),"The evolution of silicon technology since the 1960's has focussed on doubling performance and functionality every 18-24 months through miniaturization. Critical dimensions measured in tens of nanometres are now common place and billions of components connected by miles of wiring can be packed onto a wafer no larger than a thumb nail. Today the focus is shifting away from more scaling (called more Moore after the founder of Intel, Gordon Moore) towards increasing functionality through the introduction of mixed technologies on silicon (called more than Moore). This project investigates the incorporation of ultra thin ferroelectric materials into silicon nanoelectronics and two of its many applications.Capacitance is the rate of change of charge with voltage. It is the defining property of capacitors which are necessary in many electronic systems but are relatively large. Ferroelectrics can shrink capacitors by three orders of magnitude, because their electric permittivity is so high. More than that, their capacitance can be made to vary depending on the applied voltage so very small and tunable capacitors can be made, which can find applications in hand held electronics products in order to reduce power consumption. If they could be integrated onto a silicon microchip there would be further space savings. Thin layers are expected to produce even higher capacitance. However there is evidence that capacitance starts to reduce below 50 nm as dead layers are said to form near the interface with electrodes, but this may be an interface effect which can be lessened through engineering. Recently there has been experimental evidence that effective negative capacitance can be seen in ultra-thin ferroelectric films. If such material can be incorporated into a transistor then it would be able to reduce the voltage needed to switch a transistor between its on and off states (the sub-threshold slope). This would transform silicon technology, allowing a new generation of more powerful single core processors. Modern computers have dual or multi-core processors. A single core processor would generate too much heat but is still desirable for many applications. Capacitance places a lower limit on the sub-threshold slope. The consequence is that transistors need a larger applied voltage to be on and/or will leak current and so can never be fully switch off. This leads to increased power loss and heating as more transistors are crammed onto the same area of silicon, which limits component density. Integrating a ferroelectric film with negative capacitance into the gate of a transistor would reduce the overall capacitance and thus the sub-threshold swing. The need to understand and produce high quality ferroelectric ultra-thin films is imperative for each of these applications. Atomic Layer Deposition (ALD) at Newcastle and Pulsed Laser Deposition (PLD) at Imperial College will be used to deposit thin films of the ferroelectric materials barium titanate (BTO) and barium strontium titanate (BST). Both allow deposition thicknesses with atomic level precision. Extensive characterisation is needed to assess quality of these ferroelectric films. First principles computer simulation will be used to gain a better understanding of the films and to direct experiments. The deposition and thermal parameter space will be mapped to identify best ferroelectric properties for given constraints laid down by the silicon fabrication. Transistors will be made incorporating the best ferroelectric films to confirm the reduction in sub-threshold slope. Ferroelectric capacitors integrated onto silicon will be demonstrated, quantifying the capacitance increase per unit area and examining the fabrication constraints needed to maintain high transistor performance. This will also help identify integration issues, which also include equipment contamination and the development of ferroelectric etches.",Research Grant,Closed,0,,,https://gtr.ukri.org/projects?ref=0AE039A7-9A84-4943-AA36-001DB5763245
0AF5D063-4580-42D4-B9A9-005CAB06FD35,Literary Mapping: Dickens and the Dynamics of Place,"Along with a large collection of nineteenth-century maps of London and topographical materials, The Museum of London (MoL) holds a series of 41 watercolours painted 1860-1870 by J.L. Stewart of 'real places' in Dickens's novels. The Bishopsgate Institute holds a further 60 Victorian watercolours of Dickensian places. Other holdings at MoL include paintings, panoramas, and stereographic images; the covers and illustrations of the serial parts of Dickens's novels; later book-edition illustrations; the archives of Dickensian tourism at MoL (and at the Dickens House Museum), including plans of 'Dickens Walks' and Victorian 'Dickens' souvenirs. MoL also holds significant theatrical collections and large collections of photographs of London. To mark the bicentenary of Dickens's birth in 2012, a major exhibition will run at MoL from December 2011-June 2012, with an international tour to follow. The student would use the exhibition as a significant research resource for thinking about the continuing fascination with the geography of Dickens's London. S/he would be involved in creating a 'Dickens Walk' for the exhibition, also delivered through an phone app, and in running and presenting at events connected to it, as well as in detailed evaluation of its visitor response. \nApplications will be invited which address some or all of the following research questions:\nWas Dickens the only author whose work was mapped so closely to the 'real' during -and after - his lifetime? (comparators could be Scott, Hardy, Wordsworth) \nHow does the map of Dickens's places change over the nineteenth century?\nHow does an ever more pervasive print culture generate new ideas of 'place' and create specific 'places'?\nHow does the representation of place in 'fact-based' articles in Household Words and All the Year Round compare to Dickens's versions in the novels? (Significant places might include: Newgate, bridges, coaching inns, law courts, London churchyards, the City, and what Dickens called 'fairy land': the places of entertainment and theatre). \nHow did Dickens's own travels affect his construction of the provincial and the global? (Locations which might be considered include: the cities of Boston in the US; Paris; Rome and its ruins, Rochester, Preston, Broadstairs). \nHow did Dickens's texts themselves travel? How did his American and/or colonial readers in his lifetime interpret his sense of place? \nWhat was the impact of photography, and -later- film, on the poetics of place and particularly of London? Conversely, what was Dickens's influence on filmic 'placing' - in the early films of Griffith and Eisenstein, for example?\nWhat happens to place when it becomes distanced in time? How do we reconstruct Dickens's places today? \nWhat have been the effects of the heritage industry and mass culture on Dickens's work?\nThere has been much debate about 'place' as historically contingent process in recent years. The thesis will engage with work generated by scholars of geography, history, literature and art, such as David Harvey; Nigel Thrift, Derek Gregory; Henri Lefebvre; Raymond Williams, Lynda Nead and Franco Moretti.\nThe student would have a hot desk space at MoL and access to all the graduate-student facilities at KCL. S/he would spend at least one day every week at MoL, and often more, particularly during the first year, in the run-up to and during the 2012 Dickens exhibition which will stimulate and feedback into the initial research. In years two and three the student will add value to the documentation around MoL's Dickens-related collections, in the light of his/her doctoral research, and will choose and curate a group of objects for an on-line exhibition in year 3 in line with the MoL's ongoing research strategy. Academic supervisions would be supplemented by meetings at least every two months between Werner, Pettitt and the stu",Training Grant,Closed,0,,,https://gtr.ukri.org/projects?ref=0AF5D063-4580-42D4-B9A9-005CAB06FD35
0B36FFF3-3789-4DD3-92DF-0184F051FD2F,ISOL-SRS: ISOL Beam Storage Ring Spectrometer,"Abstracts are not currently available in GtR for all funded research. This is normally because the abstract was not required at the time of proposal submission, but may be because it included sensitive information such as personal details.",Research Grant,Closed,0,,,https://gtr.ukri.org/projects?ref=0B36FFF3-3789-4DD3-92DF-0184F051FD2F
99B13CD5-8A1B-4F76-8C80-01A1587D774C,Dissecting a new and vital checkpoint in SNARE recycling and plant growth,"I seek, in this proposal, to address the fundamental question of how recycling of the proteins that drive secretory vesicle traffic is regulated post-fusion. SNARE proteins are central components of a well-defined mechanism for the delivery of vesicles carrying membrane and soluble cargo between compartments within cells and contribute to homeostasis and signaling in all eukaryotes. Cognate (Qa-, Qb-, Qc- and R-)SNARE proteins localize to vesicle and target membranes, and assemble in complex to drive membrane fusion. So-called Sec1/Munc18 (SM) proteins are known to regulate this process. SMs form clothespeg-like structures that 'clamp' and stabilize the SNAREs in complex during vesicle fusion. Post-fusion disassembly of the SNARE complex is essential to recycle the cognate SNARE proteins and maintain vesicle traffic. Disassembly is achieved by the NSF ATPase which binds the SNARE complex with the adaptor protein alpha-SNAP. Logic dictates that SM debinding is prerequisite for SNARE complex disassembly, but an understanding of how this process might be regulated is wholly absent. Indeed, most eukaryotes express only one or two alpha-SNAP and NSF proteins, yet maintain vesicle traffic via a large number of different SNARE-mediated trafficking pathways. Clearly, substantial coordination between trafficking pathways must occur to ensure NSF activity is effectively distributed.

This proposal builds on significant recent findings of my laboratory following our identification of SEC11 as the SM partner of SYP121 and the SNARE complexes it assembles. SYP121 and SYP122 are the two Qa-SNAREs that dominate in vesicle fusion at the plasma membrane of the plant model Arabidopsis. We found that manipulating SEC11 binding to SYP121 via a secondary site, previously thought to tether the SM prior to fusion, blocks vesicle traffic via both SYP121- and SYP122-mediated pathways, even though SEC11 does not interact with SYP122. The two Qa-SNAREs share other cognate (Qb-, Qc- and R-)SNAREs, leading us to observe that SEC11 binding to SYP121 via its secondary site is necessary, post-fusion, to promote SNARE disassembly and recycle these binding partners. In short, we have uncovered a previously unrecognized checkpoint and a new role for an SM protein in SNARE recycling post-fusion.

The findings offer the first opportunity to explore this, entirely novel function of an SM protein. Not only do they provide evidence of a previously unrecognized role for SM-SNARE binding, but they also support a new model for SM regulation of membrane traffic. My working hypothesis is that SEC11 debinding is a key checkpoint and serves as a molecular 'clutch' for disassembly of the SYP121 SNARE complex and its coordination with parallel trafficking pathways at the plasma membrane. I propose now to test various aspects of this hypothesis. I aim to fully characterise the binding of SEC11 with SYP121 and their association, post-fusion, with alpha-SNAP and NSF in disassembly of the SNARE complex. I propose also to examine the consequences of selectively manipulating SEC11-SYP121 interactions on vesicle traffic, cell expansion and growth. The multidisciplinary approach outlined here will further our understanding of SM function, SNARE recycling, and it is likely to provide a novel paradigm for understanding the coordination of vesicle traffic within eukaryotes.",Research Grant,Closed,0,,,https://gtr.ukri.org/projects?ref=99B13CD5-8A1B-4F76-8C80-01A1587D774C
99B8254B-67C7-4F3E-852F-0105C5BC98C0,Determining the persister populations in sputum during tuberculosis therapy. A supplementary study to the RIFASHORT trial.,"Nearly ten million people developed TB in 2014 and 1.5 million died. Although drug resistance is a serious problem, the vast majority of infections are treatable with standard antibiotics effective against the TB bacterium, known as Mtb, which causes this devastating disease. 
Treatment of TB currently requires patients to take antibiotics for 6 months. Even after this the disease returns in up to 5% of individuals, usually within a year after stopping therapy. Developing treatments with shorter duration and lower disease return (or relapse) rates is a major goal of global TB control efforts. Testing new treatments is very expensive, requires hundreds of patients and takes many years. Our project aims to reduce these barriers to testing and enable shortened treatment. 
The need for prolonged therapy and the frequency of relapse are thought to be due to significant numbers of Mtb bacteria in an altered state that survive exposure to antibiotics; the altered bacteria are known as persisters. While growing cells of Mtb are rapidly killed in conventional lab tests, cells in the non-growing persister state are not. 
Our team has been studying the persister phenomenon in TB for many years. In the past decade we discovered features of Mtb in the sputum (coughed up phlegm) of newly diagnosed patients that, surprisingly, indicated the presence of non-growing persisters amongst the bacteria that clinical labs normally isolate. These features are recognised in 3 ways, microscopy to detect fatty droplets inside the Mtb cells, lab culture in the presence of a growth stimulator known as Rpf and a genetic test to show which genes the bug is expressing (known as the transcriptome). Because all three indicate the present of non-growing Mtb in sputum and because the levels present varied from patient to patient we wondered whether these &quot;Fat and Lazy&quot; bacteria were related to the persisters. If this is so, then the numbers of Mtb with these properties in different patients might tell us how quickly they will respond to treatment and, once on therapy, how rapidly the persisters were being eliminated.
In preliminary studies we looked at the frequency of fatty Mtb cells in TB patients and related these to how patients responded to treatment. Although numbers were small, we found that patients with higher numbers of fatty Mtb responded more slowly. Then, with colleagues in Liverpool and Malawi, we asked whether counting fatty Mtb cells in sputum samples could tell us which patients were going to fail TB treatment in spite of being infected with an antibiotic sensitive bug. When we compared the levels of fatty Mtb between 9 treatment failures and 29 cured patients we found that the failures had, on average, double the frequency of these &quot;persister-like&quot; cells.
Here we aim to add value to a clinical trial testing a shortened treatment of TB by studying the ability of our tests to predict treatment failure. The RIFASHORT TB treatment trial provides an exceptional opportunity for us to test sufficient sputum samples for these properties to achieve 3 objectives: 1) re-testing the predictive capacity of counting fatty Mtb cells at one month; 2) determining the interrelationships between the fatty, Rpf and transcriptome features in sputum samples; and 3) determining of which test, applied within the first 2 months of treatment, is most strongly linked to treatment failure.
The results of this study will have clear potential to, 1) enable rapid assessment of new anti-TB treatments including new drugs effective against resistant Mtb, and 2) determine which patients might safely stop treatment after periods as short as 3 months. If we can reliably compare new treatments in 2 rather than 18 months, we will be able to test more alternatives and select the best with far less resource than currently required. If we can shorten TB treatment, many lives will be saved and much suffering alleviated.",Research Grant,Closed,0,,,https://gtr.ukri.org/projects?ref=99B8254B-67C7-4F3E-852F-0105C5BC98C0
9A2C890C-644F-47B3-9B32-011DE867E1B2,A Super-resolution multiphoton and dynamic STORM imaging facility,"Recent advances in fluorescence microscopy have led to significant improvements in our ability to locate and discriminate small objects. Super-resolution is the term used for technologies that can resolve objects that are smaller or closer together than was previously thought possible according to the laws of Physics. It is now possible to see objects with nanometre resolution and precision as well as image at depth in living tissue and examine rapid biological events at high speed. Achieving all of these improvements at the same time is the &quot;holy grail&quot; of optical microscopy but this has proved practically difficult. At the University of Leicester, we have developed a new hybrid technology called SuperRAMP that allows high speed, multicolour, multiphoton, super-resolution imaging deep in living tissues.

Super-resolution, Random Access MultiPhoton microscopy (SuperRAMP) is a unique technique that combines patterned illumination with mathematical methods to pinpoint discrete objects with nanometre precision at very high speeds. Devices that use sound waves passing across crystals are used to project patterns of infra-red light, which can pass through specimens better than visible wavelengths of light and produce better penetration into deep tissues. These patterns are processed mathematically to produce high-resolution images. SuperRAMP improves both the lateral (xy) and depth (z) resolution by 2-3-fold compared to standard microscopes to an absolute lateral resolution of 120 nm. It can collect two colour images at speeds of around 10 frames per second and from super-resolved points of interest at thousands of samples per second. No other microscope available today can operate at this resolution, at depth, and at this speed in living tissues. SuperRAMP will be combined with a second, complementary method called dSTORM to provide even higher resolution. dSTORM uses the same mathematical techniques used for SuperRAMP microscopy but without scanning. Although it takes longer to create an image, it has a higher resolution of 20 nm.

We will develop a super-resolution, multi-user facility that will make these exciting technologies available to researchers at Leicester and to the wider community. This will help us to drive academic excellence amongst existing BBSRC funded researchers in projects that range from studies of the synthesis of new proteins, the processes of cell division, mechanisms of cell-cell communication in the central nervous system, the neurological bases for development and behaviour - including circadian clocks that control daily rhythms - in model animal systems including locusts, zebra fish, fruit flies, rats and mice.

This facility will support research collaborations within the Midlands (Nottingham, Leicester and Warwick) and further afield (Cambridge) and allow us to strengthen our commercial impact by developing a show case facility for functional, super-resolution imaging. Having developed this revolutionary technology, we are uniquely placed to establish a world-leading centre of excellence for functional, super-resolution imaging.",Research Grant,Closed,0,,,https://gtr.ukri.org/projects?ref=9A2C890C-644F-47B3-9B32-011DE867E1B2
9A2E5CFA-7F07-4E9C-B7CD-002F10E81660,"Migration, Urbanisation and Socio-Economic Change, England and Wales 1851-1911","Migration has long been recognised as an important driver of economic, social and demographic change. It is both a response to, and a determinant of wage rates, it acts as a vector of disease and it shapes our sense of place. Yet a paucity of data has meant that a comprehensive analysis of internal migration in nineteenth-century England and Wales has not been possible. The recent release of the Integrated Census Microdata (I-CeM) database - containing approximately 160 million individual-level returns - means that the given place of birth of the entire population as reported in the 1851-1911 censuses of England and Wales can be used to map millions of lifetime migration paths. By analysing the changing relationship between migration, wages, the transport network and the socio-economic context, it will be possible to understand both the determinants of migration and the effect it had on the communities migrants exited and entered over a sixty year period.

The period 1851-1911 was also one in which migration fundamentally changed the profile of the British population. 1851 was the first year in which more than half the population of England and Wales were recorded as urban (50.4%) and just sixty years later, this had risen to 78.9%, almost trebling the urban population from 10.6 million to 28.2 million. Therefore, this study will provide deeper insights into the mechanisms driving individuals' migration choices which manifested themselves in the form of rapid urbanisation. It will address such questions as; if migrants were responsive to wage differentials, why did rural-urban migration peak when agricultural wages were high? What impact did the growing railway network have on migration flows? Did migration tend to occur within clearly defined boundaries? What does this tell us about individuals' sense of place?

This study will be conducted in two strands and the first will consider individuals' incentives to migrate and wage differentials - to be transcribed from Board of Trade wage surveys - while the second will analyse migrants' capacity to move. In addition to analysing the effect of straight-line distance on migration flows over time and space, the transport network as it existed in 1831 and 1911 will be analysed thanks to a collaboration with my proposed mentor Dr Leigh Shaw-Taylor and his project 'Transport, Urbanization and Economic Development in England and Wales c. 1670-1911'.

Analysing individuals' incentives to migrate in the context of factors limiting their capacity to do so allows radically new questions to be asked. Was time a more significant determinant of migrants' destination than distance once wage differentials are accounted for? Did this change as the network evolved? In order to account for migrants' constrained choice of destination, an algorithm developed with colleagues at MIT as part of my PhD will be used to identify migration fields - regions in which the number of moves within them was maximised and the number of moves between them was minimised. How did these regions shape individuals' choice of destination? By analysing the relationship between migrants' assessment of the risks and returns of leaving their parish of birth in the context of competing alternatives, the mechanisms which led to urbanisation and rural depopulation can be better understood and serve as a benchmark for further analyses of urbanisation in both the past and present.

The outputs will be delivered by depositing the enriched sources with the UK Data Archive and by journal articles, a monograph, academic presentations, workshops for potential users and a small conference, publicising the project and encouraging new analyses. Outside academia online resources will be developed for schools, family/amateur historians and the public. These online tools will facilitate studies of migration which fulfills national curriculum requirements for projects in local history and geography in Key Stages 2-4.",Research Grant,Closed,0,,,https://gtr.ukri.org/projects?ref=9A2E5CFA-7F07-4E9C-B7CD-002F10E81660
9A7893CD-E68E-4081-8F24-015D35CD1E19,MHz-frequency induction heating method for humane stunning in slaughterhouses,"There's an urgent need for more humane stunning methods for poultry and pigs in slaughterhouses. Stunning is commonly used to render the animal unconscious prior to exsanguination. However, these methods have high capital and running costs and/or significant welfare issues.

This project will build novel RF induction heating prototypes to examine the feasibility of using RF induction heating techniques as a stunning method for poultry. Prior work suggests that this may be possible; now we want to build a RF induction heating commercial prototype unit, install it at a licenced premises, and undertake further proof-of-concept tests with live birds. The project will also explore the use of this technique on cadaver pigs.",Collaborative R&D,Closed,0,,,https://gtr.ukri.org/projects?ref=9A7893CD-E68E-4081-8F24-015D35CD1E19
9AC10885-1D47-4C43-9689-00F994194134,Up-Skilling for Industry 5.0 Roll-Out,"The 4th Industrial Revolution/Industry 4.0 has enabled reduction of production costs, improved consistency of product quality and enabled mass customisation by merging the physical and digital worlds. The transition is still ongoing - Industry 4.0 is a general-purpose technology, adding value across all industrial sectors. However, the perception of Industry 4.0 at a human level has not all been positive. It has been plagued by fear of job cuts and in some sectors completely replacing the human workforce. Automation projects have often failed due to omitting the critical skilled human elements in business success with unintended consequences including reduced customer satisfaction, poorer product quality and lower process efficiency. Automation alone clearly cannot be a source of sustained competitive advantage. I5.0 will address the balance between humans and technology, focussing on the collaborative relationship between skilled workers and automation. The intent is to reinstate skilled craftsmanship at the centre of production processes where people add unique value and competitive advantage, augmented by intelligent, data-driven technology emerging from Industry 4.0. In the Up-Skill project, we will address the implications of Industry 5.0, in particular the relationship between automation, skilled work and organisational systems. Our research will establish how the relationship between automation and human input plays out in a range of industrial settings, creating comparative case studies to capture effective implementation strategies. We will address under-explored strategic spaces in production - where automation adds value to skilled and artisanal work, and where further automation risks undermining product value. This research will identify the shifting organisational characteristics that are needed to ensure technology advancements are implemented within companies while ensuring sustainable, added value for man, machine, and organisation.",EU-Funded,Closed,0,,,https://gtr.ukri.org/projects?ref=9AC10885-1D47-4C43-9689-00F994194134
9AD4A677-31BC-44F5-825D-007EB19965BF,Molecular Magnets,"The Brechin group are synthetic inorganic chemists with interests in the areas of coordination chemistry and the magnetic applications of polymetallic complexes of transition metal and lanthanide metal ions. In particular. we are interested in making molecular nanomagnets, magnetic coolants, supramolecular assemblies of paramagnetic metal ions and applying high pressure to correlate structure with magnetic behaviour.",Studentship,Closed,0,,,https://gtr.ukri.org/projects?ref=9AD4A677-31BC-44F5-825D-007EB19965BF
9B44B2A9-0827-4915-9015-01E9FC120C6D,"SCAMPI: Self-Care Advice, Monitoring, Planning and Intervention","In order to relieve pressure on an increasingly overstretched NHS, there is an ever-growing need to deliver more efficient, effective, patient-centric care in the community. New intelligent healthcare technologies have the potential to deliver this care relieve the pressure, in the form of simple-to-use digital technologies in people's home that support self-care and reduce the need for routine interventions from healthcare professionals.

Therefore, the SCAMPI consortium will develop a new form of computerised toolkit that will allow someone living in their own home with a chronic condition, together with their relatives, carers and healthcare professionals, to self-manage both their care of the condition and life with it. People will interact with the new toolkit through a new form of intelligent visual care plan, called VIZ-CARE. Any care plan is a documented agreement between a patient and healthcare professionals about the patient's care goals and qualities to maintain or work towards, and the desired services, medicines, and activities such as eating, exercising and socialising. SCAMPI's new form of care plan will be visual, natural and simple-to-use, enabling a person living at home with a chronic condition to customise their life and care according to their individual needs and preferences, with pro-active support for thinking about important care goals and qualities, as well as the means to achieve those goals and qualities. The person using VIZ-CARE will also be able to share the plan with named relatives, their carers and targeted healthcare professionals such as specialist nurses and their GPs, and make joint decisions about customising the care plan so that the person's needs can be met more effectively, even when these other people are elsewhere, using web technologies.

Moreover, the visual care plan will update regularly with care-specific feedback from discrete and cost-effective sensor devices placed around the person's home. Using the available data from these sensors as input to different artificial intelligence algorithms, a person's visual care plan in VIZ-CARE will indicate the degree to which the care goals and qualities of the person as specified in the plan are being achieved, and if needed, flag potential risk indicators along with care recommendations when a goal or quality is not being achieved. For example, to monitor planned daily activities such as a 20-minute local walk, VIZ-CARE will collect data not only about walking using a device such as a pedometer, but also about life and care qualities specific to the person and dependent on good hydration associated with walking about weight loss (from scales), movement in the home (to detect disorientation), kitchen temperature (to detect food consumption), loss of energy (from bed sensors) and water usage (from tap meters), and generate risks warnings if needed. This intelligence-led feedback is predicted to support self-care and reduce the need for routine interventions from healthcare professionals in the management of chronic conditions.

To develop and evaluate this new computerised toolkit, leading researchers in computer science, the health sciences and digital business at City University London have joined forces. The team will develop the first version of the toolkit to support with people with two conditions - dementia and Parkinson's disease. And to engage people with these conditions, their families, carers and disease experts in the co-design and evaluation of the toolkit, the researchers will work closely with the Alzheimer's Society and Parkinson's UK.

Moreover, to maximise impact from SCAMPI, the team will work with 6 London-based Care Commissioning Groups (CCGs) - Sutton CCG and the CWHHE Collaborative of 5 CCGs. Digital entrepreneurs Evalucom Consulting will seek to commercialise the research results so that the elements of the toolkit can be made quickly and widely available.",Research Grant,Closed,0,,,https://gtr.ukri.org/projects?ref=9B44B2A9-0827-4915-9015-01E9FC120C6D
9B4CAB89-463A-430D-B93F-005554ABED30,rISC - the game of strategic molecular design for high efficiency OLEDs,"Lighting and displays form essential parts of our daily lives and consume approximately 20% of the electricity used worldwide. It has been shown that lights visible from space at night time are an effective measure of a country's economic development, while energy capture through the development of materials that absorb more sunlight is at the heart of attempts to reduce our reliance upon unsustainable fuel sources. 

In the context of generating light, Organic Light Emitting Diodes (OLEDs) are a rapidly expanding technology which are highly appealing owing to their potential high energy efficiency and ability to be printed roll-to-roll on a plastic substrate. However, in terms of efficiency, initial attempts to implement OLEDs based upon purely organic materials were restricted by the type of excited state which emits the light. Indeed, upon electrical excitation 25% of the emitting molecules are in emissive singlet excited state, whilst 75% are in non-emissive triplet excited states. However, conventional organic materials cannot emit from the triplet excited states. 

The proposal consists of developing a new class of OLEDs that exploits thermally activated delayed fluorescence (TADF). Here a triplet state is thermally activated to become iso-energetic with a singlet excited state, enabling efficient rISC into a radiative singlet manifold. One of the major challenges that must be overcome in TADF materials is that the use of pure-organic materials means that the often weak spin-orbit coupling between the singlet and triplet states can lead to rISC rates that extend into the millisecond range. This causes poor roll-off in device efficiency at higher current densities. However, through a new conceptual design of TADF molecules, we have shown that it is possible to achieve both a reverse intersystem crossing (rISC) rate &gt; 1E7 s-1 and a unity photoluminescence quantum yield (PLQY), a combination previously considered untenable.

In this proposal we will combine detailed synthetic, computational and photophysical studies to develop approaches for exploiting steric hindrance and non-covalent interactions to exert finer conformational control of the excited state dynamics to enhance functional properties. This is performed in conjunction with detailed studies to establish a deeper understanding of the excited states and their geometries formed by charge recombination. This proposal will deliver new understanding about the emission processes in TADF OLEDs and how to enhance the rISC rate to beyond 1E8 s-1 whilst retaining PLQY ~ 1. Achieving these outcomes will have a major disruptive impact on the OLED industry and ensure that the UK remains in the lucrative OLED materials supply chain.",Research Grant,Closed,0,,,https://gtr.ukri.org/projects?ref=9B4CAB89-463A-430D-B93F-005554ABED30
9B545D57-99D7-44DE-A3C2-00C2232E1E0B,"Forgotten Faces? The Memory of Irish Contributions to the Allied War Effort in Ireland, 1939-2015.","&quot;Your father is a traitor; you should be ashamed of him&quot;. Paddy Reid Jr.'s father was outcast for his Second World War service in the British army; there was nothing honourable about aiding Ireland's former colonial ruler. Throughout WWII, Ireland remained neutral and outlawed citizens from volunteering with belligerents' militaries, so much so that draconian governmental censorship laws attempted to cloak the existence of the 70,000 Irish citizens who chose to serve with the British forces. As my MA research has shown, by 1945 Irish public sentiment became largely sympathetic towards the Irish volunteers' experiences. However, the state itself abandoned commemoration ceremonies in the 1960s and refused to officially recognise their sacrifices until 1995. Furthermore, the nation's war memorial gardens, built to honour Irish sacrifice during the Great War, lacked an additional inscription for the Second World War until the early 1990s, and only in 2013 did the government formally apologise to the families of veterans blacklisted as &quot;traitors&quot; for deserting the Irish Defence Forces. By analysing qualitative research interviews conducted with the volunteers and their families, I will trace the social history of the tensions between remembering and forgetting, acknowledgment and silence from 1945 to 2015, from Allied victory, through the violence of the 'Troubles' and into reconciliation post-2000.",Studentship,Active,0,,,https://gtr.ukri.org/projects?ref=9B545D57-99D7-44DE-A3C2-00C2232E1E0B
9B630DA3-3B77-4839-95AB-01CCCD6A3439,University College London &amp; Oleeo plc,"To use Data Science and Machine Learning techniques to develop intelligent models to support recruitment process, particularly in identifying the best candidate applications for a given role or the best role for a given candidate.",Knowledge Transfer Partnership,Closed,0,,,https://gtr.ukri.org/projects?ref=9B630DA3-3B77-4839-95AB-01CCCD6A3439
9BE89F2E-4914-4047-92E0-011E519811CD,SEMICONDUCTOR SURFACE PLASMONS: A ROUTE TO TUNABLE THZ DEVICES AND SENSORS,"Numerous important processes in nature occur at THz frequencies: for example, many rotational and vibrational transitions of various liquid and gas molecules lie within the THz frequency band. In particular, the vibrational breathing modes of many large biomolecules occur at these low frequencies, giving a unique fingerprint in the THz region. While it is clear that the THz band is scientifically very rich, research in this frequency region is limited by technology: the so-called THz gap , occupying a large portion of the electromagnetic spectrum between the infrared and microwave bands, remains relatively unexplored due to a lack of efficient laboratory emitters/detectors and optical components compared to neighboring spectral regions.Here, we explore the potential for developing new THz components and sensors based on semiconductor surface plasmon-polaritons (SPPs). SPPs are electromagnetic waves that propagate along the interface between a conductor and insulator, bound to the surface by the free electrons in the conducting medium. To date, most research investigating the properties of SPPs has been limited to frequencies near metallic plasma frequencies (i.e. at visible and infrared frequencies) where SPP modes are strongly confined to metal surfaces. Semiconductors, with plasma frequencies in the THz range, offer the potential for sustaining SPPs at THz frequencies. Furthermore, semiconductors offer a unique and hugely beneficial advantage over metals: since the surface charge density can be modified by, for example chemical doping, plasma frequencies and SPP properties can be tailored within the THz frequency range. An extension of this is the exciting possibility of all-optical plasmon control, i.e. 'photo-doping' a semiconductor with visible frequency light, so that plasma frequencies may be tuned by a visible frequency light source. Using ultrafast laser sources for this purpose, the properties of THz SPP modes can therefore be tailored and switched on very fast (picosecond) timescales, something that is essential for high-bandwidth and/or time resolved applicationsBorrowing from the well established fields of microwave and optical photonics, and by utilizing the intrinsically tunable nature of semiconductors, we aim to manipulate THz light in new ways using semiconductor SPPs. Initially, we wish to explore the underlying physics of SPPs in the THz frequency range, before looking to develop new applications for this concept. Although there are many areas of potential application for semiconductor SPPs, we will concentrate on two specific areas: firstly, the design of optical components (such as tunable filters, modulators and beam steering systems) based on semiconductor SPPs and secondly, spectroscopy/sensing of biomolecules. The development of new optical components is essential for the continued expansion of scientific research in the THz frequency domain, and we will exploit the wealth of experience currently employed in Exeter to investigate similar applications at microwave and optical frequencies. The second of these potential applications involves what is thought to be possibly the future killer application of THz radiation, i.e. using the fingerprint of large molecules in the THz region for biosensing and biomedical applications. In an analogy to recently developed surface plasmon sensors operating at visible frequencies, employing SPPs for THz sensing will significantly improve sensitivity by concentrating THz radiation in a very thin region close to the semiconductor surface, allowing sensing of very low concentration samples.",Research Grant,Closed,0,,,https://gtr.ukri.org/projects?ref=9BE89F2E-4914-4047-92E0-011E519811CD
9BEB5228-05D7-4017-A190-019DB6948D85,Determining how global genome nucleotide excision repair promotes efficient removal of DNA damage from chromatin,"Contained within each of our cells is the coded information necessary for life. The information is stored in a compartment of the cell called the nucleus which contains a large molecule with a remarkable structure called deoxyribonucleic acid - DNA. The information within the DNA is divided into units called chromosomes which are further subdivided into genes. DNA is packaged into chromatin in order to compact the genetic material in the nucleus and the sum of all the genetic material of an organism is referred to as its genome. It might be anticipated that life's coded information would be extremely stable and resistant to change, since errors in the code could have serious consequences. On the other hand, organisms are able to adapt to changes in their environment by virtue of the genetic variation within the population caused by alterations in the genetic material of individuals. This process is known as evolution. In the human population a lot of genetic variation is the result of 'reshuffling' of the genes during sexual reproduction. However, DNA can also be altered by normal processes operating within the cell, as well as physical or chemical damage from the environment, including ultraviolet radiation from sunlight. The DNA in each of our cells is continuously damaged by such agents. If left unchecked this would quickly erode the genetic information, since copying damaged DNA when cells divide can permanently alter the genetic code - a process called mutation. 

Over time, a variety of different DNA repair pathways have evolved which serve to prevent this from occuring. Collectively these are fundamental to the stability of the genome. People who inherit defects in the genes controlling these DNA repair pathways are more likely to suffer from certain cancers and other diseases. Our research aims to understand how one of these processes, nucleotide excision repair [NER] operates. People with defects in genes regulating this process suffer highly elevated levels of skin and other cancers. Molecular studies have revealed how defects in different genes involved in the process can result in a number of clinically distinct diseases. Much of our knowledge has come from the study of NER in a variety of different organisms. We study NER in bakers' yeast. Amazingly, the mechanism in yeast is remarkably similar to that in human cells, underlining the fundamental significance of this process. 

The work described in this proposal aims to help us understand how the NER process is organised in the genome and how lesions are removed from chromatin following UV induced DNA damage. It is emerging that the sensors of DNA damage in chromatin are playing an important role in how DNA repair is regulated in the cell. Research into DNA repair has entered a new phase of discovery, revealing how the various DNA repair mechanisms are controlled in response to DNA damage and how the pathways are integrated with one another. In addition to improving our understanding of the molecular basis of human disease syndromes, novel synthetic genetic interactions between the pathways are identifying new targets for novel and improved cancer treatments. At present our knowledge of how the NER pathway operates in chromatin and how this process is regulated lags behind our knowledge in other repair pathways. The work carried out in this proposal will significantly improve our knowledge in this area providing significant insight for further human studies.",Research Grant,Closed,0,,,https://gtr.ukri.org/projects?ref=9BEB5228-05D7-4017-A190-019DB6948D85
9C6329D6-F254-45EF-96B0-00792986EE43,Evaluation and development of the Segmented Inverted Coaxial Germanium (SIGMA) detector for gamma ray imaging applications,"During my PhD, I have significantly advanced my expertise and practical skills within the realm of nuclear instrumentation and data analysis. My journey began with a rigorous development of proficiency in handling nuclear instrumentation, where I mastered the use of both analogue and digital data acquisition systems. This foundation has been pivotal in subsequent work, including the assistance I provided in Masters courses focused on nuclear instrumentation.

A noteworthy experience was my educational trip to Taiwan, which allowed me to collaborate with seasoned experts at a training reactor. This excursion was not merely an observational opportunity; it was a hands-on expansion of my comprehension of nuclear instrumentation and reactor use, going further the conventional boundaries of my PhD project.

Additionally, I escalated my technical capabilities by becoming proficient with Geant4, a simulation toolkit in C++. With this tool, and through development of my coding proficiency, I have engineered several applications for data analysis of the SIGMA detector. These tools range from an application designed to recover measured energies from a damaged detector, to a script capable of processing simulated or real interactions for use in gamma ray imaging software. Furthermore, I have developed a specialised application to extract Geant4 interaction subtypes from datasets, which plays a critical role in improving the quality of gamma ray imagery.

My PhD project has recently evolved conduct in-situ experimental measurements at a Mirion Technologies branch at Birchwood, employing the use of high-activity sources to scrutinise gamma ray image quality and benchmark it against pre-existing imaging systems. Adding a strategic dimension to my practical expertise, I engaged in preliminary discussions with a consultancy at Birchwood specialising in criticality safety, radiation shielding, and nuclear characterization. I hope to undertake a three-month secondment during my studies, allowing me to widen my horizons and deepen my understanding of the nuclear industry's diverse facets. 

In parallel to my own research responsibilities, I have taken on the mentorship of a new PhD student. My role involves the creation of instructional documents and providing guidance for the continuation of SIGMA-related research in Jyv&auml;skyl&auml;, Finland. 

In conclusion, my PhD journey has been marked by significant achievements that merge practical skill development, leadership, collaboration, and educational contributions. The knowledge I have acquired and the solutions I have developed will prove invaluable in future endeavours in academia and in the nuclear industry.",Studentship,Closed,0,,,https://gtr.ukri.org/projects?ref=9C6329D6-F254-45EF-96B0-00792986EE43
9C8FBCCC-8D6A-4A91-A61B-006986EACDCD,Improved post-operative vision using advanced optical measurement techniques,"Cataract (clouding of the lens of the eye) is primarily a problem of aging; more than half of the over 65s have some degree of cataract, and cataract surgery is one of the most frequently performed operations in the UK, helping over a quarter of a million patients per year. For the vast majority, after removal of the cataractous lens, an artificial lens must be implanted to achieve good vision. The refractive power of this lens, chosen to minimize blurring at the retina, is calculated from preoperative measurements of the refractive elements of the eye, including the dimensions of the cornea, aqueous humour, lens and vitreous humour, and the curvatures at the interfaces between element.
For well over a century, 'schematic eyes', or mathematical models, have been used to assess the overall optical refraction of the human eye, using assumed refractive index values for each element. The models have been refined over the years, as better information on the various required parameters has become available, and are still used today. The 21st century has seen the development of new methods for ocular measurements, in particular the application of optical coherence tomography (OCT), a low-power, non-laser, non-invasive imaging technique, to in vivo measurement of optical path length. However the very precision of the technique calls into question the standard RI values used in calculating IOL powers from schematic eyes. The quality of distance vision resulting from artificial lenses, post-surgery, is generally good, but further improvement can often be obtained by the use of spectacles, particularly for long-sighted and short-sighted patients, suggesting that assumed refractive index values are sometimes wanting.

The aim of the proposed research is to allow measurement of the refractive index, in vivo, for each separate element within the eye. This will enable a more accurate calculation of the correct artificial lens power to be made for an individual cataract patient, reducing, or even avoiding altogether, the post-surgery necessity of spectacles for distance vision. Given the incidence of cataract worldwide, the benefits, in terms of cost-savings and convenience to cataract patients following surgery, would be extremely widespread.
OCT is a very high resolution technique, providing detailed images of structures inside the eye, down to individual cones, only a few micrometres across, within the retina. Depth within the image always appears, however, as the product of physical distance and group index; a quantity related to, but not identical to, refractive index. The two parameters cannot be separated. To obtain the group index, and hence the refractive index, an independent measurement of physical distance is required, provided, in the proposed work, by another optical technique known as confocal imaging, in which a pinhole is positioned such that only light from a certain depth within the sample can pass through the pinhole to reach the detector.
Difficulties to be overcome in developing this technique include: (a) the generation of beams with a sufficiently small focused spot diameter and depth of field to define the location of a tissue boundary within an image to about 1 micrometre, (b) elimination of image artefacts caused by motion of the eye, relative to the instrument, during signal acquisition, and (c) the correction of image aberrations resulting in blurring of the focused light spot and hence reducing measurement resolution, (d) adjustment of the measuring instrument to remain centred on, and perpendicular to, the apex of the cornea during acquisition of a dataset.
Methods have been considered to address all these problems, and it is anticipated that the final version of the resulting instrument will be able to measure refractive index with accuracy and precision in the third decimal place, a major advance over the current lack of techniques for in vivo measurement of this important parameter.",Research Grant,Closed,0,,,https://gtr.ukri.org/projects?ref=9C8FBCCC-8D6A-4A91-A61B-006986EACDCD
9CA4E0B4-2108-4C3A-923F-00B1E984E05F,Exploring interventions to maintain and prolong healthy skin function for an ageing population,"Life expectancy globally and in the UK has increased and this brings many health-related challenges, including how best to support and maintain health in older people. Ageing affects every organ in our body, including our skin. As we age, the function of our skin declines; it becomes more fragile, its strength and resilience are reduced and, when challenged, it is less able to repair any damage. These changes can lead to increased susceptibility to infections and wounds that fail to heal, and, overall, can reduce the quality of life of older people.

The epidermis is the outer layer of our skin and is the major barrier between the body and the environment. With increasing age, the structure of the epidermis alters and we observe specific changes to the outermost epidermal layer, the stratum corneum, the structure essential to conserve water. This 'waterproof' layer consists of specialist fats (called lipids) arranged to provide its correct structure and function. Age-related changes to lipids within the stratum corneum have a significant impact upon the properties of the epidermis. Although age-related skin changes occur in both men and women, the impact of ageing is understood better in women, where it has been studied in association with the menopause. We believe that understanding when age-related skin changes occur in both genders is essential to provide important new knowledge, which will allow us to provide guidance and plan interventions to protect and strengthen the aged skin, helping to maintain its healthy function.

In this project we will explore the hypothesis that fundamental changes in the lipid content of the epidermis, particularly within the stratum corneum, can influence the behaviour of the skin with increasing age and, in females, this is initiated at menopause. In undertaking this project, we aim to discover when these age-related changes start to occur in both men and women, and to understand the molecular mechanisms that are involved in the age-related decline of skin function. We also want to explore nutritional interventions that can support skin health as we age. Our research has three key objectives:

1. To discover at what age we begin to see changes in how skin functions (its strength and resilience) and in the lipid composition of the epidermis, in healthy men and women.
2. To understand how epidermal cells, called keratinocytes, from the skin of young and old, men and women, can uptake and metabolise lipids needed to maintain the correct composition, structure and function of the stratum corneum.
3. To explore whether dietary supplementation with polyunsaturated fatty acids can improve skin's strength and resilience, its lipid composition, and its ability to repair the epidermis in older healthy human subjects. 

The proposed research will show for the first time the chronological sequence of events that control the decline of epidermal function with increased age, and, at the same time, allow a direct comparison of skin properties between men and women of the same age. Furthermore, the research will reveal fundamental information on the ability of aged keratinocytes to use important dietary lipids. By using a simple dietary intervention, we will discover whether lipid fortification results in the formation of a stronger stratum corneum, better able to withstand challenges and/or have improved capacity for repair. Obtaining these valuable mechanistic insights into the biology of aged skin will provide an opportunity to develop preventative measures, and support the development of bespoke nutritional supplements to address the specific needs of aged skin, with ultimate aim of maintaining skin health in later life.",Research Grant,Active,0,,,https://gtr.ukri.org/projects?ref=9CA4E0B4-2108-4C3A-923F-00B1E984E05F
9CF669CB-6F23-4BB3-8DBD-00182DCCDB63,"Artists, Conservators and Game Developers: A comparative study of software preservation in three domains","The central research questions for this doctorate are:
How are artists documenting, preserving and maintaining their software-based art?
How do those processes differ from preservation processes within collecting institutions and the gaming industry, and why are they different?
What can we learn from the processes and practices of artists and the gaming industry that might inform the conservation and preservation of these works in an institutional context?

Artists have been experimenting with software since the late 1960s, however in recent years software-based art has developed from being a niche medium seen in media festivals to entering mainstream collections of contemporary art museums and private collectors. Whilst the conservation of software-based art is a new area of practice for contemporary art conservation, conservators in some major institutions, such as Tate, the Guggenheim and the San Francisco Museum of Modern Art have started to develop long term preservation strategies for works of art using this medium. This comparative study looking at these institutional efforts alongside current practice by artists and the gaming industry provides a unique and timely contribution to the field.

Within institutions the treatments performed are often based on the technical expertise of an artist and their technicians, which help conservators understand choices made in the production of an artwork, and consequently the options viable for conservation. The conservators place these treatments and choices in the context of conservation ethics, applying concepts like minimum intervention, thorough documentation and visibility of interventions. 

A different industry with a similar use case of re-use of software is the games industry. Major games developers, such as Ubisoft or Electronic Arts make large investments in producing games but have also embraced the value of evolving games to new gaming platforms over time. These companies have their own archives and requirements to allow re-use, and these technological production environments are increasingly being used by artists, for instance both John Gerrard and Ian Cheng currently use the game engine Unity to develop their work.

This doctoral research will provide a systematic study of what artists are doing to preserve, document, maintain and conserve their work, and how this relates to their production technologies comparing this to practice within the gaming industry and conservation. The fast-changing nature of the technological context in which software-based artworks must survive means that many artists, particularly those with practices beginning in the 90s and early 2000s have had to resolve the same problems that conservators in collecting institutions are responding to. To describe such interventions, artist often use the language of maintenance, repair or upgrade. This doctoral study will consider these practices of maintenance within the context of studies of communities who modify and adapt technologies, exploring the nature of the ecosystem in which software developers from these three domains operate and their relationship to broader social relationships to technology. This will inform our understanding of obsolescence in the context of the gaming industry, artistic practice and conservation; probing differences of meaning and understanding.

This research will make a significant contribution to theory and practice in the preservation and documentation of software-based art. The comparative nature of the research will make the practices used in these three different contexts visible and will evaluate their applicability across sectors, ultimately supporting the emerging field of the conservation of software-based art.",Studentship,Closed,0,,,https://gtr.ukri.org/projects?ref=9CF669CB-6F23-4BB3-8DBD-00182DCCDB63
9D0C3647-2297-4F81-9ABA-00446763A6CE,"Spatiotemporal statistical machine learning (ST-SML): theory, methods, and applications","Machine learning (ML) is the computational beating heart of the modern Artificial Intelligence (AI) renaissance. A number of fields, from computer vision to speech recognition have been completely transformed by the successes of machine learning. But practitioners and policymakers struggle when it comes to translating the successes of ML from narrowly defined prediction problems---e.g. &quot;is this a picture of a cat?&quot;---to the broader and messier world of public health and public policy. This fellowship will fund research on new ML methods to enable us to better ask and answer questions concerning change over space and time, such as: 

1) How does disease risk, poverty, or housing quality vary within a country and over time?
2) Can satellite data enable us to answer policy questions in a more timely and spatially localised manner?
3) Do the dynamics of violent crime differ in different cities?
4) Did the world achieve the Millennium Development Goals? Will the world achieve the Sustainable Development Goals?

Bespoke answers to these questions are not enough, because practitioners in the public sector face new challenges in real-time. They need reproducible and well-documented applied workflows to follow to enable them to tackle important public policy problems as they arise.",Fellowship,Closed,0,,,https://gtr.ukri.org/projects?ref=9D0C3647-2297-4F81-9ABA-00446763A6CE
9D1FB703-F74E-4C68-BADF-00B1EA1CFC3A,Making Britain: Visions of Home and Abroad (1870-1950),"This project will examine the formative South Asian contributions to Britain's literary, cultural and political life,1870-1950. As some historians have demonstrated, Britain has had a migrant Asian population for over 350 years, from the early trading encounters through the Raj period. For these imperial citizens Britain was both 'home' and 'contact zone'. Through extensive new archival research, we seek to uncover the rich cultural output of this 'nascent diasporic community' and advance understanding of Britain's own cultural 'hybridity'; fulfilling, at the same time, an urgent need to heighten public awareness of the depth of the Asian contribution to contemporary 'national' life. ('South Asia' here includes the present day India, Pakistan, Bangladesh, Sri Lanka/regions of the British Raj and their diasporas.) A common misconception still persists that the contemporary South Asian population arrived only after 1950 due to the so-called fall-out from Empire.Though more visible in terms of influence and scale, South Asians were in fact interacting with and challenging the monofocal gaze of canonical imperial culture well before this time. Whilst the exchanges between for example Bengali Nobel Laureate Rabindranath Tagore and Anglo-Irish WB Yeats are well-known, there has been little analysis of the degree to which Tagore's cosmopolitan vision anticipated the development of, and resistance to, transnational modernities in Britain. Similarly, other Asian writers and intellectuals resident in Britain in the early 20th century like activist Mulk Raj Anand or Tambimuttu (Editor Poetry London 1939-52) are often overlooked in discussions of the cultural narratives of the modernist movement despite Anand's close links with Bloomsbury, and Tambimuttu's creation of a platform through Poetry London for a host of figures including MacNeice, Durrell, Kathleen Raine, Lorca and Neruda. The magazine also featured illustrations by visual artists Henry Moore, Graham Sutherland and Fahr-el-Nissa Zeid. In this same period the well-documented works of Gandhi, Nehru and Jinnah figure prominently; less known but influential nonetheless was St Pancras councillor, Krishna Menon who founded Pelican books, Penguin's non-fiction imprint. Earlier examples include the journalistic/literary activities of the sisters Cornelia and Alice Sorabji and the travel writings of B.M.Malabari, Shah Mahamed, J.P.Pillai and Toru Dutt, all of whom commented influentially on English life. There are the letters, diaries and photographic representations of others, often themselves the object of British surveillance: working-class ayahs, lascars, soldiers who 'crossed the black waters' to fight in both world wars, who together constituted a remarkably varied 'community in the making'.Whether privileged, often western-educated intellectuals, or people who left a different social legacy,all made a to-date inadequately understood impact on the evolution of Britain's mixed cultural heritage.\n\nAlthough in recent decades terms such as 'diaspora' and 'migrant' have become current to describe the cultural activities of Britain's Asian population, we intend to read such concepts backwards in time, interrogating their valency within earlier periods of Britain's multiracial history. More specifically, we wish to unravel the embedded, intertextual networks that existed between the often forgotten narratives of this generation (literary, historical, autobiographical), and the British cultural establishment, comparing the various modes by which they mapped bicultural visions of home and abroad, and laid the ground for the construction of new multiple identities within Britain. Through conferences, seminars, books, a website and a database of resource materials, this collaborative inter-disciplinary project will have broad application, working in partnership with the British Library (Asia, Pacificand Africa Collections) and the South Asian Diaspora Literature and Arts Archive (SALIDAA)",Research Grant,Closed,0,,,https://gtr.ukri.org/projects?ref=9D1FB703-F74E-4C68-BADF-00B1EA1CFC3A
96B3620E-555A-4E61-A081-017E89040F9C,Arctic Biosphere-Atmosphere Coupling across multiple Scales (ABACUS).,"Climate warming is resulting from disruption of the global carbon cycle. The Arctic is already warming significantly, and warming is expected to be fastest and greatest at high latitudes, 4-7 degrees C over the next century. However, there are complex links among climate, the carbon cycle and the global energy balance which mean that the details of such global changes remain poorly understood. We propose a major, linked programme of plant and soil studies, atmospheric measurements, aircraft and satellite observations, and modelling, to improve our understanding of the response of the arctic terrestrial biosphere to climate change. Our overall aim is to determine what controls the temporal and spatial variability of carbon, water and energy exchange between arctic ecosystems and the atmosphere. Our field sites are based at Abisko, Sweden (with one focus area in dry tundra, the other in birch forest), and Kevo, Finland (with one focus on wet tundra, the other on dry tundra). At Kevo and Abisko both satellite imagery and aircraft flights will encompass an area of 10 km x 10 km, including both focus areas. The project has eight work-packages: WP1 Studies on plant allocation and phenology, and respiration-production ratios for major community types (via harvests, root measurement and isotope tracer experiments). WP2 Turnover of litter, soil organic matter (SOM), landscape distribution of soils (via soil surveys, isotope labelled litter, bomb C dating to determine SOM age), CH4 emissions. WP3 Chamber measurements of C and water exchanges from soils and vegetation at fine scales (a resolution of ~1m). WP4 Continuous tower measurements of CO2 and water exchange between the soils/vegetation and the atmosphere at scales of ~100 m, and records of snow depth, soil moisture and climate. WP5 Aircraft measurements over the two study regions, recording CO2 and water exchanges and images of the land surface and profiles of CH4. These measurements will extend over areas of many km squared. WP6 Earth Observation via satellites. We will link observations from several satellite instruments to measurements of plant cover recorded in field campaigns. WP7 We use models to connect the information connected at different time and space scales. The models represent our best understanding of the system, and we check and improve our understanding against independent observations, whether from chambers, towers, aircraft or satellites. We test whether we can understand the data from satellites and aircraft in terms of the detail recorded at the chambers and towers and with the WP1 and WP2 experiments. WP8 We will run an international workshop to share our ideas with colleagues from around the world. We will train post-graduates with a summer-school based around field measurement, and provide undergraduates with summer field experience.",Research Grant,Closed,0,,,https://gtr.ukri.org/projects?ref=96B3620E-555A-4E61-A081-017E89040F9C
96F16B6B-5488-4DBC-BC40-0001023876C5,Maintenace of peripheral tolerance,"Abstracts are not currently available in GtR for all funded research. This is normally because the abstract was not required at the time of proposal submission, but may be because it included sensitive information such as personal details.",Institute Project,Closed,0,,,https://gtr.ukri.org/projects?ref=96F16B6B-5488-4DBC-BC40-0001023876C5
9720F36A-394F-4FC5-AD92-01C7D58C182B,The new private educational sector in Chile:entrepreneurialism and competition,"Privatisation of public education is a global concern worldwide. It has been extensively studied particularly in countries where the private involvement in educational provision, decision-making, and funding has increased in the last decade. With notable exceptions, the research agenda on public/private education has been mainly focused on what can be called the production function assessment of public/private performance: the relative effect on learning gains in standardized tests of public/private schools. This project has a different focus: aiming to understand 'entrepreneurial' and 'competitive' logics of action and how they may be being reshaped in the light both of private sector expansion and recent policy regulations. 

Chile has a large private educational sector which is currently being reshaped by a series of major reforms. In 2008, the fixed voucher state amount per student was changed, becoming relative to student economic backgrounds. In 2009, after student demonstrations, two key policies were introduced: (i) subsidised private schools were forced to run just one business in order to ensure a focus on education and not on other economic sectors; (ii) student selection was forbidden until 6 grade, which was permitted and widely used by the private sector. Currently, ground-breaking reforms are going through Congress which aim explicitly to modify private sector practices. The three reforms are: a new policy on admissions, the elimination of for-profit prerogatives, and the removal of co-payment.

In this context, this research project aims to deal with the following questions: are (and if so how are) the changes in regulations of the public/private relationship transforming the private sector regarding the entrepreneurial and competitive aspects of its logic of action? How will these changes affect the relationship between the private and public sectors?

The project will have a strong empirical base. Focusing on new private providers since 2008, it will use a mixed methods approach in different fieldwork sites to gain understanding of the role of the private educational sector at local level in non-economic spheres, particularly its relationship with public education, families, and local communities, and to shed light on the relationship between policy changes and market transformation. 

The project is a collaboration between the Catholic University of Chile and the University of Manchester and offers the opportunity for comparative persectives on the evolution of privatisation in these two countries.",Research Grant,Closed,0,,,https://gtr.ukri.org/projects?ref=9720F36A-394F-4FC5-AD92-01C7D58C182B
974608AA-219D-44B5-9DCD-012A65CD8277,Quality of Service for Heat Networks,"Is it feasible to infer what a consumer requested and a district heating network delivered using high frequency 

data from existing heat meters? 

 Our feasibility study will process heat meter data from our 24 home smart network to infer what the user 

requested, then compare the estimate with the actual values from 4 million datapoints it already collects and 

stores each day. By combining room temperature sensor data and heat meter data we will do the same for a 

care home, a new heat network, and an apartment building on an existing heat network in London. We will 

develop metrics for Quality of Service - what the network delivered vs what the consumer requested - and 

predictive models that allow operators to run more of the network, cooler, for longer, without compromising 

the user experience. 

 Innovation: securely reading heat meters at high frequency and post-processing this this data to quantify 

&quot;Quality of Service&quot; - not just quantity of service - for heat networks in the UK and throughout Europe.",Feasibility Studies,Closed,0,,,https://gtr.ukri.org/projects?ref=974608AA-219D-44B5-9DCD-012A65CD8277
977F5498-4E0A-47CE-BC4E-009747B0AACA,Optipress Stepped change in precision and strength optimisation capability for steel fabrications,"The fuel rail is a pressure reservoir which feeds fuel injectors with fuel from a high pressure fuel pump, it works in a very demanding environment experiencing high cycle fatigue due to high frequency pressure fluctuation. The Optipress project will innovate fuel rails design by connecting design tools for FEA, distortion prediction and fatigue design to maximise the potential for autonomous design optimization. Further, the process innovation will be based around modelling and software to predict and control heat distortion of parts due to joining process. This will offer significant benefits, reduced process steps, improved part quality, reduced material and reduce waste (scrap). It will create and integrate a new technology that can be used across multiple sectors, such as: Aerospace, Oil &amp; Gas, Automotive, Food and Drink and Power Generation. The partners that will develop Optipress project are Unipart Powertrain Applications (leading provider of fuel systems and engine components to the Automotive Sector), Coventry University and TWI. Prediction of residual stresses/distortion, and optimisation of joining processes to reduce residual stress/distortion is a common requirement for TWI’s clients. Metrology, joining and simulation are areas in which Coventry are developing cross sector expertise.",Collaborative R&D,Closed,0,,,https://gtr.ukri.org/projects?ref=977F5498-4E0A-47CE-BC4E-009747B0AACA
97ACE7B3-6BB5-40D7-9684-0049C629AB58,VRGO fYt,"Low back pain (LBP) has been identified as one of the costliest disorders among the worldwide working population. Sitting with poor posture has been associated with risk of developing LBP. When you use incorrect posture, several areas of stress may develop within your muscle tissue, spinal joints (lumbar facets), and discs. These stresses may ease with posture corrections or may worsen with no adjustments, slowly weakening the affected parts. 

Addressing musculoskeletal disorders linked with prolonged periods of sitting, either at work or at home, is a significant challenge. fYt aims to change how users interact with their seat through developing a set of smart sensors that contain multimodal pressure and motion sensing technologies, to monitor the user's movement and posture. These combine with haptic feedback to provide unique valuable posture data insights for users to counter sedentary lifestyles through encouraging postural alignment and seated movement, empowering users to take responsibility for their own health and wellbeing. 

fYt is our vision for transforming the dynamic seating market, making it affordable and accessible for all. The fYt sensor unit will be simple to integrate into all chair types at point of manufacture, providing an affordable and adaptable alternative to conventional posture and back pain chair solutions. 

Additional benefits are possible through fYt units supplying health and safety summary reports on posture and movement data to management teams for employee monitoring and care. Further expansion is possible into other sectors with sedentary activities, i.e. healthcare patient sector.",Study,Closed,0,,,https://gtr.ukri.org/projects?ref=97ACE7B3-6BB5-40D7-9684-0049C629AB58
97B122CA-EB0D-40A1-9523-0114F0A578DC,LIQUID CRYSTALLINE HYBRID DIELECTRICS FOR MONODOMAIN ORGANIC SEMICONDUCTORS,"The twentieth century saw an explosion in semiconductor electronics from the first transistor, which was used in hearing aids, to the ultrafast computers of today. A similar surge is anticipated for Plastic Electronics based on a new type of semiconducting material which is soft and flexible rather than hard and brittle. Plastic Electronics is considered a disruptive technology, not displacing conventional electronics, but creating new markets because it enables the printing of electronic materials at low temperatures so that plastic, fabric, paper and other flexible materials can be used as substrates. Printing minimises the waste of materials and low cost roll-to-roll manufacturing can be used because the substrates are flexible. New applications include intelligent or interactive packaging, RFID tags, e-readers, flexible power sources and lighting panels. The organic field effect transistor (OFET) is the fundamental building block of plastic electronics and is used to amplify and switch electronic signals. The organic semiconducting channel connects the source and drain electrodes and is separated from the gate electrode by an insulating dielectric. A positive/negative gate voltage induces negative/positive charges at the insulator/semiconductor interface and so controls the conductivity of the semiconductor and consequently the current flowing between the source and drain. The future success of the industry depends on the availability of high performance solution processable materials and low voltage device operation. The semiconductors must have high electron and hole mobility (velocity/electric field) achieved by the hopping of carriers between closely spaced molecular sites. A new class of lamellar polymers, mostly developed in the UK, provides the required state-of the art performance because of their macromolecular self-organisation. However a major problem is that the materials are only well-ordered in microscopic domains; trapping in grain boundaries and poor interconnectivity between domains substantially reduce performance and reliability. The low voltage operation of OFETs requires that the gate insulators have a high dielectric constant. 
We propose novel insulating dielectrics for OFETs to simultaneously align the plastic semiconductors and ensure low voltage operation. They will be solution processable at low temperatures for compatibility with printing and other large area manufacturing techniques. We will synthesise and characterise the new materials and test their performance using state of the art semiconductors. We will engage with industrial end-users to ensure that our technology is exploited so contributing to the high-tech economy in an area where the UK is already pre-eminent. We anticipate that our novel insulators will provide monodomain order over large areas to the overlying semiconductor and so will enhance OFET performance and stability. Hence we aim to hasten the commercialisation of Plastic Electronics.",Research Grant,Closed,0,,,https://gtr.ukri.org/projects?ref=97B122CA-EB0D-40A1-9523-0114F0A578DC
97B77333-7729-4E6E-BE84-0067A6EBA4A9,"UPright radiotherapy: Learning, Innovation, Fellowship and Training","Radiotherapy (RT) is a mainstay of modern cancer treatment. Conventionally, RT is delivered to the patient lying on a treatment couch, while a beam steering device (gantry) aims the radiation from any angle around the target. Positioning the patients in upright body posture (upRT) instead enables to orient the patient arbitrarily toward a fixed beam. This enables smaller facility footprint and reduced treatment cost, placing upRT in the core of the UN sustainable development goals, and opening global access to advanced treatment options: 80% of cancer patients live in countries which host only 5% of the world's RT resources. Moreover, upRT improves patient comfort and is associated with anatomical and physiological advantages, such as reduced breathing motion. It therefore comes as no surprise that, with new upright patient positioning &amp; imaging solutions entering the market, upRT is enjoying a surge in interest. Yet, key scientific questions remain, international guidelines for upRT are lacking, and existing RT workflows are geared to lying patients. As the first clinics adopt new upRT technologies, there is a global need for trained professionals in industry, clinics and academia, to reach the promised benefits for patient care. UPLIFT builds this next generation of experts by addressing key research questions related to: treatment planning, clinical workflow and equipment design. Leveraging latest upRT technology available through our world-class consortium, UPLIFT propels Europe to the forefront of the upRT paradigm shift. UPLIFT focuses on: Learning (through its academic and clinical centres of excellence); Innovation (through its leading industrial partners); Fellowship &amp; Training (through an outstanding cross-sector programme of workshops, secondments &amp; mentoring). Input from patient advocacy groups and an internationally renowned advisory board will maximise its impact. UPLIFT will revolutionize modern RT, making it more human, accessible and sustainable.",Training Grant,Active,0,,,https://gtr.ukri.org/projects?ref=97B77333-7729-4E6E-BE84-0067A6EBA4A9
9854FCC6-B535-45DB-9C43-013D824467CD,Representation theory over local rings,"Abstracts are not currently available in GtR for all funded research. This is normally because the abstract was not required at the time of proposal submission, but may be because it included sensitive information such as personal details.",Research Grant,Closed,0,,,https://gtr.ukri.org/projects?ref=9854FCC6-B535-45DB-9C43-013D824467CD
987326A2-A4D9-4EAD-9557-00BE64B9C61A,WOOL to TURF,"Every year in the UK, sheep farmers shear millions of sheep, producing high-quality wool for textiles but also large amounts of low-grade wool with seemingly no use. This includes &quot;dag wool,&quot; contaminated with dirt and waste, and very short fibres that cannot be spun into yarn. Around 4,000 tonnes of this material is produced annually, most of it with little or no value. Farmers often burn, compost, or send it to landfill, which costs money and wastes a natural resource.

Meanwhile, the horticultural and conservation sectors rely heavily on wildflower meadow turf mats, to create colourful meadows in gardens, parks, and green infrastructure projects as part of Sustainable Drainage Systems and projects achieving Biodiversity Net Gain. These mats need a strong backbone to hold them together during growing, transport, and laying. Unfortunately, most mats today use plastic or bio-plastic meshes that remain in the soil for decades, harming the environment and undermining the sustainability goals these meadows are meant to support.

Our project brings these two challenges together with a single solution: using waste wool to make sustainable turf mats. Wool is naturally strong, biodegradable, and abundant in the UK. By reforming dag wool and short fibres into mats, we can provide the strength needed for up to 24 months, long enough for meadow plants to establish and for turf to be transported, before the wool naturally breaks down, enriching the soil instead of polluting it with microplastics.

This innovation has the potential to turn waste into value. For farmers, it creates a new market for wool that is currently discarded, offering extra income and reducing disposal costs. For horticulture, it provides a home-grown, plastic-free alternative to imported jute or coir mats, cutting carbon emissions from long supply chains. For the environment, it means healthier soils, less plastic pollution, and more resilient green spaces.

The project will deliver three key outcomes:

1. Mapping UK dag wool production to understand availability and distribution.
2. Building a new supply chain and business model that connects wool farmers directly with UK turf matting manufacturers.
3. Developing purpose-built processing methods to create strong, compostable fibres with durability equal to or better than current plastic alternatives.

By turning a waste problem into a sustainable product, this project supports farmers, strengthens local industries creating local jobs, and helps create greener, healthier landscapes across the UK.",Collaborative R&D,Closed,0,,,https://gtr.ukri.org/projects?ref=987326A2-A4D9-4EAD-9557-00BE64B9C61A
98855C57-54EE-49E7-A42E-0036D8CEE344,Unlocking the Circular Economy - Realising the potential of the Biological Cycle,"Opportunity / Hypothesis In classic Circular Economy thinking, resource flows are divided into the Technical Cycle (managing stocks of finite resources, such as minerals and fossils), and the Biological Cycle (managing flows of renewable resources, such as agricultural products, and renewable energy). The two are best kept separate, and have different applications. Biological materials are ideal for short lived-uses, need no segregation before decaying to yield valuable nutrients, energy, and water, and are benign if they fall into the environment. Technical materials are better used for long-lived applications, need segregation into specific resource re-use pathways, and can contaminate the environment, say with metals or CO2. The hypothesis is that not only is the current economy predominantly linear, it specifically underutilises the biological cycle. Symptoms include: - Agriculture based on heavy use of synthetic fertilisers, which pollute water systems, deplete soil health, and have a high carbon footprint - The failure to provide widespread sustainable sanitation systems, in part caused by failing to see them as part of the biological and water cycles - The use of plastics for short-lived applications which naturally involve mixing with biological materials - food packaging, sanitary products, nappies , uses after which re-use and recycling are always likely to be very limited, and durable waste proliferates - The absence of consistent collection and processing of multiple forms of biological waste, in developed and developing countries - Increasing energy recovery from waste incineration, which in effect makes plastic a fourth fossil fuel, as opposed to recovering renewable energy from biological sources The aim is to reverse the triple negative impact of this linear model: - Profit: although the linear model has highly optimised business models, there is evidence that the circular model can be economically favourable, realising value in resources, and enabling financially sustainable businesses and infrastructure. - Planet: the linear model contaminates land, air, and water, diminishes soil health, and depletes resources and ecosystems , the circular model can help to regenerate all of these. - People: these two outcomes combine to indicate that the circular model could enable sustainable systems with important social/health benefits, particularly sanitation. In practical terms this would mean two design changes, needed in parallel: - Widespread introduction of infrastructure which collects all forms of biological/compostable waste (a better term is resource) and safely yields water, renewable energy, nutrients, and other valuable products. - Substitution, within food / consumer goods products and their supply chains: a) biodegradable materials replacing (some) plastics b) recycled nutrients and water replacing synthetic fertilisers and fresh water c) renewable bio-energy replacing fossil-based energy and wood fuel This research will help businesses and infrastructure providers to design and implement these systems, providing practical guidance and methodologies.",Studentship,Closed,0,,,https://gtr.ukri.org/projects?ref=98855C57-54EE-49E7-A42E-0036D8CEE344
989A034D-6E1D-46D1-A0DF-017521C01D57,STFC Bristol 2015 DTP,"Doctoral Training Partnerships: a range of postgraduate training is funded by the Research Councils. For information on current funding routes, see the common terminology at https://www.ukri.org/apply-for-funding/how-we-fund-studentships/. Training grants may be to one organisation or to a consortia of research organisations. This portal will show the lead organisation only.",Training Grant,Closed,0,,,https://gtr.ukri.org/projects?ref=989A034D-6E1D-46D1-A0DF-017521C01D57
98AAA287-BFB1-4113-A54F-01AEC88607FA,Defining Freedom of the Press: A Cross national examination of press ethics and regulation in ten European countries,"Inquiries into the ethics of the UK press, prompted by a series of scandals associated with newspapers, have hitherto been far too parochial: too focussed on the UK itself, they have missed opportunities to learn from parallel developments and concerns overseas. This project, in contrast will develop knowledge and understanding of how press councils in comparable jurisdictions from around Europe approach the difficult questions in media ethics of balancing freedom and responsibility. Significantly, it will also examine news work itself and explore the extent to which ethical codes impact on the daily working practices of journalists, news workers and those directly affected by the activities of the press. The isolationism that has characterised the debates about press ethics has hitherto hindered the possibility of benchmarking and learning from other societies in which problems of ethics and regulation have been addressed by legislators, journalists and the general public. By examining the top European nations in the World Press Freedom rankings, this project will develop a set of evidence based recommendations to the UK regulator (IMPRESS) that can be used to provide a benchmark for the UK press code of ethics. This project will directly help IMPRESS and other organisations review and update future iterations of their codes and related guidance. It will help establish norms of journalism ethics in these areas. Moreover, by examining how the press councils in these countries intersect with the law (e.g., do they have statutory status or recognition; are their judgments recognised by the courts; how do their codes overlap with the law?), we will gain a much richer understanding of how press regulation operates in practice, rather than in theory. This would then offer the possibility of learning from best practice as to what can work and what can be viable in addressing issues around press self-regulation. By holding them accountable to more comprehensive standards, this research will allow regulators to support publishers in achieving a new status and profile, which will allow them to both pursue the classical liberal rationale for journalism as 'watchdog' or 'fourth estate' - and challenge the hegemony of the corporate press. This could have far-reaching social impact given the technological and societal changes that that the news landscape faces not only in producing viable and sustainable codes of conduct but also helping to strengthen this new sector of the news media and protect groups that have hitherto been subject to press abuses.",Research Grant,Closed,0,,,https://gtr.ukri.org/projects?ref=98AAA287-BFB1-4113-A54F-01AEC88607FA
98C11E56-D17D-447A-8526-016EB2216486,Optimal investment in costly anti-predator defences,"his application describes the first integrated theoretical-empirical study of a major feature of almost all ecologies: namely repellent anti-predator defences. Predation is a fundamental process in the structuring of ecological communities, allowing energy flow from primary producers to higher trophic levels. Predation, and the need of potential prey to avoid attack, is also one of the most pervasive causes of co-evolution in ecological communities. Although great strides have been made in understanding the mechanistic functioning of anti-predator defences, here we take a more ecological view, seeking to explore whether general trends can be seen in variation in the extent of such defences within and among species. This requires integration of knowledge of the effectiveness of defences with consideration of their costs. In particular, we will focus on the taxonomically and ecologically widespread case of toxins and other chemical defences. Chemical defences are particularly common among ectotherms and have been intensively studied from a mechanistic and physiological viewpoint. Further, the distribution of such defences have been considered both taxonomically and geographically. However, there is currently no predictive theory on optimal levels of investment in repellent anti-predator defences, within which such empirically-derived patterns can be interpreted. This stands in contrast to the intense theoretical attention that has focussed on the evolution and maintenance of 'aposematic' signals that can warn potential predators of such chemical defences. However, existing aposematism theory can make no predictions about variation in optimal levels of secondary defences since this theory treats such defences in a simplistic manner as fixed traits that are not subject to selection. The small number of previous works that have sought to determine optimal investment in constitutive secondary defences implicitly assume that although chemical defences act to reduce predation in immature life-history stages, the physiological cost of such defences is only manifest as reduced fecundity in the adult stage. However, there is abundant empirical evidence that acquisition of toxins can slow juvenile growth rates. Hence, the key trade-off is ecological: in that investment in defence increases the chance of surviving an attack, but may increase exposure to attacks by slowing growth rate and so increasing time to maturity. The fact that mathematical treatments of optimal defences have ignored this trade-off greatly limits the taxonomic applicability of these models. Hence, this trade-off lies at the heart of our proposed study. Thus, the aims of this project are to: 1. Provide the first general predictive theory of investment in anti-predator defences, and how this changes with ontogeny, life history and ecology. 2. Parameterise this model using existing empirical relationships and purpose designed experiments. 3. Use this model to make predictions about how investment in defence should change for different ecological situations, life-history strategies and developmental stages. 4. Evaluate these predictions using existing and purpose-collected comparative data. Specifically we will construct state-dependent dynamic programming models to explore the following five issues: a) the effects of external ecology on investment in defence b) the relation between life-history and investment in defence c) the relationship between activity, microhabitat exploitation and investment in defence d) the evolutionary ecology of sequestering versus synthesising of toxins e) the relation between investment in defence and ontogenic colour change This theoretical development will be supported by purposed designed experiments design to parameterise, evaluate and validate model assumptions, and by comparative analysis aimed at testing model predictions.",Research Grant,Closed,0,,,https://gtr.ukri.org/projects?ref=98C11E56-D17D-447A-8526-016EB2216486
98DA855F-9D41-4C81-BF3D-014CBF17A153,Main Group Catalysis for Sustainable Piezoelectrics,"The overall project of the goal is to investigate whether new main group catalysts can be used to produce sustainable ferroelectric materials with interesting tuneable properties.
In this project, the exploitation of the polar nature of N-Heterocyclic phosphine compounds (NHP-X) to undertake ring-opening polymerisation (ROP) studies on lactide and other cyclic esters (in concert with Los Alamos National Lab) will be investigated. Beyond the 5-membered NHP-X catalysts reported in the literature, a range of new catalyst scaffolds will be applied to investigate the effect of N-substituent; P-substituent; N-P-N angle and pi-delocalisation upon the polymer properties of the resulting polyester. The ability to vary the microstructure of polyesters offered by NHP catalysts (i.e. tacticity, chain length, end groups, ability to prepare copolymers) provides a unique opportunity to develop structure-activity relationships and measure the ferroelectric properties of such polymers. 
Aims of the project:
Aim 1: Investigation of the catalytic efficacy of known and new NHP-X species in ROP and other reactivity. (Using standard air sensitive chemistry techniques including Schlenk techniques, and utilising analytical chemistry methods for characterisation such as nuclear magnetic resonance (NMR) spectroscopy, mass spectrometry and single crystal X-ray diffraction.) 
Aim 2: Interrogation of monomer scope, valorization and depolymerization potential. (Polymerisations will be monitored and the products will be analysed using techniques such as NMR spectroscopy, differential scanning calorimetry, powder X-ray diffraction and MALDI-TOF mass spectrometry.) 
Aim 3: Investigation of the dielectric and ferroelectric properties of NHP-X derived polymers. (Ferroelectric, pyroelectric and piezoelectric properties of the polymers will be measured in collaboration with the Department of Mechanical Engineering, by measuring the change in polarisation of the material under the application of electric field, temperature change and pressure.)",Studentship,Closed,0,,,https://gtr.ukri.org/projects?ref=98DA855F-9D41-4C81-BF3D-014CBF17A153
9924F6F8-FADB-44EC-B7DB-0156CF6D8E37,Defining the functional roles of MUC5AC and MUC5B in mucus in respiratory airways,"Mucus is the jelly-like substance produced by the lungs to defend the body against pollution, bacteria, viruses and other environmental agents. Mucus acts to trap environmental agents and their removal from the lung is made possible by what is known as the ?mucociliary escalator?: Cells lining the surface of the large airways have tiny hairs called cilia which interact with mucus to trap and remove debris from the lungs. The beating action of the cilia moves the mucus up to the throat, where it is swallowed. 

Individuals suffering from airway diseases such as asthma, cystic fibrosis and chronic bronchitis face the constant struggle of not only making too much mucus, but that the mucus produced is stickier than normal. Such sticky mucus cannot be moved by the cilia, resulting in the airways becoming blocked.

Mucus is a complex viscous mixture made up of electrolytes, water and extremely large, rope-like molecules called mucins. There are two types of mucins in the mucus of the large airways, MUC5AC and MUC5B. In disease we know that there is a much larger amount of both mucins produced, which contributes to blocking the airways. In addition, recent research suggests that the ratio of MUC5AC and MUC5B in the mucus gel can alter how the mucus is moved by cilia, but exactly how this happens is not currently understood.

In light of this, our principal research question is: Do the two mucins, MUC5AC and MUC5B, make mucus gels which can be moved by cilia with equal efficiency, and do other components of the mucus gel interact with the mucins to alter how mucus is moved?

To answer this question, we are bringing together research teams in Biology and Physics in order to understand the distinct contributions of MUC5AC and MUC5B to the stickiness of the mucus gel. We will also find out what other molecules are critical for creating a moveable mucus gel which can be cleared from the airways. Understanding the organisation of mucus gels in health and disease will enable the design of new treatments for people suffering with airway obstruction.",Research Grant,Closed,0,,,https://gtr.ukri.org/projects?ref=9924F6F8-FADB-44EC-B7DB-0156CF6D8E37
9925CCEE-4835-4693-82F0-019AD1680E46,"Contesting Money: public finance and the social limits of state power in Hungary, 1945-58","Having been at the centre of academic, political, and public discussions since the financial crash of 2008, money continues to be a puzzle in the post-pandemic world today. The fiscal capacity of states has been fiercely debated both on the political left and right in the wake of soaring energy prices and a cost of living crisis. Although since March 2020 governments around the world have unwittingly embarked on a course of increased fiscal intervention in public matters, commentators of this policy continue to warn us about the detrimental effects of 'socialist' fiscal conduct. This project will contribute to this discourse through considering money as a social institution regardless of economic system types to overcome the 'market-plan' dichotomy explicit in contemporary debates. It will provide a new theoretically-grounded empirical historical case study on how, and with what repercussions, the Hungarian postwar state prioritised fiscal policy over the central bank to create a stable money, prices, and full employment in 1945-58, from the world record hyperinflation of 1945-6 to the consolidation of communist power after the 1956 revolution. In arguing for a more nuanced and social relational understanding of the currency, the project will inform historiography as well as academic and policy debates on the fiscal limits of state power in remedying present day social and ecological issues. Moreover, the study will establish a new theoretical framework to study economic and political change based on the interrelationship of the means (taxes, bonds, credits, the lottery), methods (propaganda, wage and price policy), and implications (price levels, purchasing power) of public finance.

My three interrelated aims in this project are (1) to produce a monograph based on my PhD thesis, (2) to build new networks for academic and non-academic cooperation, and (3) to disseminate my research and make impact by informing public discourse.

(1) The monograph will explore state capacity, the social limits of fiscal control, and the effects of various voluntary (loans, savings deposits, the lottery), quasi-voluntary (state-loans), and involuntary (taxes) contractual fiscal arrangements on the development of political and economic change in postwar Hungary. It will offer a social history of money both 'from above' and 'below' through five chronological stages: the establishment (1945-6) and rethinking of the currency (1946-8); funding Stalinism (1948-53); financing the people (1953-6); and the consolidation of money (1956-8). I plan to submit the manuscript to Cambridge University Press by the end of the fellowship.
(2) As well as drafting the monograph, I will establish new channels and activities to further research impact and public engagement. I will disseminate my research through presentations at two academic conferences and a specialist panel at the British Association for Slavonic &amp; East European Studies. In addition, I will organise an international, interdisciplinary conference on the social history of money in the contemporary world. Besides early career and established scholars, I will invite representatives of British and Hungarian social science policy and research institutes to participate in a keynote and a roundtable to further international knowledge exchange by considering the ways in which historical case studies could help inform contemporary policy debates.
(3) I will publish five short articles online during the length of the fellowship in order to make my research accessible to the wider public. This will include three empirical case studies on the fiscal dimensions of historical change in postwar Europe and two theoretical outputs on the ways reconsidering money as a social institution could help us address contemporary social and ecological issues. This will be achieved in collaboration with various media outlets such as History &amp; Policy and The Conversation in the UK and &Uacute;j Egyenlos&eacute;g and M&eacute;rce in Hungary.",Fellowship,Closed,0,,,https://gtr.ukri.org/projects?ref=9925CCEE-4835-4693-82F0-019AD1680E46
998F67A1-075A-428E-9389-0195D8472146,The UK Nuclear Data Network,"We propose to create a UK Nuclear Data Network (UKNDN) that establishes a strong connection between academia, industrial partners, national labs, regulators and UK representatives on international nuclear data committees (IAEA, NEA) in order to facilitate the measurement, analysis and dissemination of industrial nuclear data. Industrial nuclear data are defined as those data that underpin the safety and economics of industrial nuclear operations and processes. This proposal addresses the Energy Global Challenge by setting up a network that will respond to the nuclear data needs of industry, particularly as new reactor technologies are developed. The network will provide support for small-scale and scoping projects as well as travel and opportunities for secondment for students and early-career researchers. It will facilitate UK involvement in the international experimental nuclear data effort.",Research Grant,Closed,0,,,https://gtr.ukri.org/projects?ref=998F67A1-075A-428E-9389-0195D8472146
A7F29CBD-5BDC-4070-A6BB-01CB215FBF56,Valuing Nature Programme Coordination Team,"The concepts behind Valuing Nature are coming of age, emerging from the Millennium Assessment, and in the UK the subsequent UK National Ecosystem Assessment and the Natural Environment &amp; Water White Papers published in 2011. Valuing Nature necessitates the bringing together of a wide range of disciplines: including the natural and social sciences, economics and the humanities. It also requires engagement from a broad range of business and policy interests. This presents significant challenges in cross disciplinary working. Building on lessons learnt in the first phase of the Valuing Nature Network (and through our Programme Advisory Goard, the RELU and BESS programmes and the HOPE initiative), this proposal aims to provide an innovative set of activities that will extend beyond the more traditional conference formats to include a) interactive sessions that build a shared understanding of concepts and vocabularies; and b) themed activities in partnership with other major consortia and initiatives in this field (e.g. NW+) (WP 1). We will also engage with key business and policy stakeholders designing events using interactive formats such as a) surgery sessions; b) dialogue sessions and c) 'unconference' events. The emphasis here is on mutual information exchange and learning, and will again be delivered in partnership with such organisations as NCI, Eftec and the KTN (WP2). Finally, our last work package (WP3) provides the behind the scenes building blocks to deliver such an interdisciplinary programme, including programme management, communications, data management, web site, monitoring and evaluating programme activies, and establishing a longer term legacy for Valuing Nature.
The overarching aim of this programme is to provide the interdisciplinary science needed to put the value of nature at the core of the economy. This requires a truly integrated response to the research challenges posed involving the full range of constituents outlined in our proposal. If this is successfully implemented, then the impact of this research programme will be very significant in terms of the societal benefits it will bring.",Research Grant,Closed,0,,,https://gtr.ukri.org/projects?ref=A7F29CBD-5BDC-4070-A6BB-01CB215FBF56
A801D76F-ADCA-4143-AD4A-01CEF616DD0F,Interpreting and targeting NERC-funded research outputs to inform and influence marine policy,"Knowledge exchange activities are often limited in funding, and the communication formats respected in the scientific community, such as peer-reviewed publications and scientific conference talks, are not appropriate to disseminate research to policy and decision makers. Policy makers and scientists communicate in their own jargon-centric languages, which leads to miscommunications and lack of understanding between the two groups. Consequently, scientific research may not be integrated in to the decision making process, with end users left either unaware of or not clearly understanding how science can support and inform management, adaptation and mitigation options. It is crucial that good scientific research supports the development of policy indicators and setting of environmental targets in order to successfully implement marine policy; the UK government could be held responsible for exceeding or not meeting these legally binding targets. 

This project seeks to promote the use of CPR science, expertise and data to support UK, EU, and international decision-making while identifying new opportunities and policy-relevant applications for SAHFOS data and science. The fellowship will integrate science-policy expertise and CPR data into the UK and EU political processes through the involvement in national and international pelagic expert groups, including leadership of the implementation of the MSFD for pelagic habitats at the UK and OSPAR levels, and membership on key UK and international policy boards. CPR data and research will be transformed to targeted policy-relevant scientific advice for UK, EU and international policy and decision makers, with particular focus on under-disseminated NERC-funded CPR research. New end users of CPR research and data will be identified in order to cultivate new knowledge exchange links and applications. Policy advice gaps and future needs will be assessed in order to steer CPR research towards policy relevance. These steps towards the effective application and development of CPR science will result in better evidence to support marine management and conservation. 

The applicant is experienced in engaging and communicating with UK, EU and international policy and decision makers, and drawing links between CPR research and policy needs and has a wide UK and EU science-policy network. However, her work is repeatedly constrained by funding limitations which have resulted in inefficiencies and boundaries to the effectiveness and reach of policy impact-generating activities. Many opportunities to create policy impact from CPR data are underfunded and revenue-earning contracts and projects are often necessarily prioritised. Although she is currently contributing to MSFD implementation and serving on evidence groups, the work is only partially and inconsistently funded and must be performed as limited resources allow. This KE Fellowship will remove the funding barrier to applying CPR science to policy implementation and facilitate the direct inclusion of CPR research and data into the UK and international policy process. The fellowship will enable the applicant to consistently and efficiently perform policy impact generating work in dedicated working time, and will allow her to better utilise her network of contacts to more effectively exploit CPR science. A key component will be the generation of policy impact for NERC-funded work which has never been disseminated - MSFD application of core contract microbial genetic research and international policy impact of the Global Alliance of CPR Surveys (GACS).",Fellowship,Closed,0,,,https://gtr.ukri.org/projects?ref=A801D76F-ADCA-4143-AD4A-01CEF616DD0F
A5237483-E781-454F-A7BC-01C903E52E48,Epigenetic control of stem cell activity during epithelial tissue regeneration,"In the era of tissue engineering and the development of novel approaches for stem cell-driven organ regeneration, it is important for researchers and physicians to understand how multi-potent stem cells differentiate into specialized cell types, and why these processes are altered in pathological conditions, such as cancer, autoimmune conditions, impaired tissue regeneration, wound healing, hair loss.

Adult stem cells contribute to the regeneration process of many organs in a healthy organism. The mechanisms that control stem cell activity, however, are altered in many disorders. Research into the relationship between these disorders and the changed mechanisms is, thus, an important area for biomedical research. 

Skin serves as an important source of adult stem cells, and several distinct adult somatic cell populations isolated from the skin were successfully employed for reprogramming and generation of induced pluripotent cells. 

Research into genome and chromatin biology over the last two decades has revealed that in addition to genetic mechanisms, lineage-specific gene expression programs are also regulated epigenetically, i.e., via biochemical modification of the chromatin structure. 

Polycomb group proteins are epigenetic regulators that operate as transcriptional repressors, compacting chromatin via enzymatic histone modifications and preventing binding of the transcription machinery to gene promoters. The polycomb group proteins play a critical role in the control of epithelial stem cell renewal and differentiation in the skin. Cbx4 as a member of Polycomb family of proteins protects epithelial stem cells from ageing in normal skin. However, its role in the control of stem cell activity during wound healing remains unclear. 

This proposal represents a logical continuation of productive collaboration between two laboratories currently supported by the grants from the Medical Research Council UK, National Science Foundation of China and UK-China Science Bridge Programme. This proposal will extend these studies to define the role of Polycomb repressor Cbx4 in the control of stem cell activity in the skin during wound-induced regeneration. 

Successful performance of this project will help in better understanding the complexity of regulatory mechanisms that control stem cell activity in regenerating epithelial tissues and in designing new approaches on how to target stem cells in the clinical conditions accompanied by their un-controlled activation/expansion or exhausting/loss.",Research Grant,Closed,0,,,https://gtr.ukri.org/projects?ref=A5237483-E781-454F-A7BC-01C903E52E48
A602D560-14F1-4E6E-92D9-011FECDD8142,From Memories to Legacies: Transforming Heritage Stories with TELL's AI,"Recognized as a leading parenting app with over 400,000 downloads, TELL is dedicated to enriching family connections and preserving cultural heritage through storytelling. The app offers a unique platform for families to share memories, from Grandfather's WWII adventures to the story of how Mom &amp; Dad met, or little Johnny's first book report.

Our forthcoming project focuses on the development of an AI Story Maker, a groundbreaking feature that will personalise family narratives like never before. Leveraging the app's widespread use for sharing family stories, this new AI will craft unique tales from user responses to simple prompts. This technology transforms cherished family memories about people, places or anecdotes into beautifully illustrated, narrated books, creating tangible keepsakes for families.

This innovation is at the heart of TELL's mission, fostering family bonds and celebrating diverse heritages. By allowing users to preserve and share their legacies through personalised, printable stories, we're not just bridging generational gaps; we're setting a new standard in the UK publishing industry. This initiative promises to open significant revenue streams for TELL, reaffirming our commitment to merging technology with the timeless art of storytelling.",Collaborative R&D,Closed,0,,,https://gtr.ukri.org/projects?ref=A602D560-14F1-4E6E-92D9-011FECDD8142
A620F69A-3E8B-45B2-B022-0077C8AB1BDD,PLanCompS: Programming Language Components and Specifications,"Software comes in many different shapes and sizes: ranging from games and social networking systems through databases and office software to control system for vehicles and medical instrumentation. Regardless of its purpose, software is almost always written in high-level programming languages, which are significantly easier to use than the low-level machine languages which can be executed directly by computers.Before a program written in a high-level language can be run on a particular computer, the language needs to have been implemented on that computer. The implementation could be a compiler, which translates high-level programs to machine code; alternatively, it might directly interpret them, simulating their intended behaviour.Many hundreds of programming languages have been designed and implemented since the 1950s, and dozens are currently in widespread use. Major ones introduced since 1995 include Java, C#, Python, Ruby, OCaml, Delphi, and VBScript. Older languages evolve to incorporate new features: new versions of Fortran, Cobol, Ada, C++, Scheme and Haskell appear at intervals ranging from one to 10 years. New programming languages are continually being designed and implemented, with the aim of making it easier (or at least quicker and cheaper) for programmers to write useful software. So-called domain-specific languages (DSLs) are designed for use in a particular sector, such as banking or engineering, or particular application areas, e.g., interactive web pages; they are often obtained by extending general-purpose languages with features that correspond closely to standard concepts or notation in the targeted sector.The documentation of a language design is called a language specification. This usually consists of a succinct formal grammar, determining the syntax of the language (i.e., which sequences of characters are allowed as programs, and how they are to be grouped into meaningful phrases), together with a lengthy informal explanation of their semantics (i.e., the required behaviour when programs are run), written in a natural language such as English. Unfortunately, such explanations are inherently imprecise, open to misinterpretation, and not amenable to validation.This project will employ innovative techniques for specifying the semantics of languages completely formally. The main novelty will be the creation of a large collection of reusable components of language specifications. Each component will correspond to a fundamental programming construct, or funcon, with fixed semantics. Translation of program phrases to combinations of funcons determines the semantics of the programs, and specifying this translation is much simpler - and much less effort - than specifying their formal semantics directly. The project will test and demonstrate the advantages of this component-based approach to language specification using case studies involving specification of major programming languages (including C# and Java) and DSLs.Sophisticated tools and an integrated development environment will be designed and implemented by the project to support creation and validation of component-based language specifications. The tools will support automatic generation of correct prototype implementations directly from specifications, allowing programs to be run according to their formal semantics. This will encourage language designers to experiment with different designs before initiating a costly manual implementation of a particular design, which may lead to development of better languages.Funcon and language specifications will be stored in an open-access repository, and a digital library interface will support browsing and searching in the repository. The library will also provide access to digital copies of existing formal specifications of programming languages using previous approaches.",Research Grant,Closed,0,,,https://gtr.ukri.org/projects?ref=A620F69A-3E8B-45B2-B022-0077C8AB1BDD
A667E25E-2838-460D-9C6A-0175F0AC1311,Novel Hull Coating to Reduce Friction and Fouling,"Thales Underwater Systems and Exeter University have successfully collaborated in a program to evaluate the efficacy of the new material GRAPHENE to improve the efficiency of marine vessels. It is estimated that marine growth increases worldwide fuel bills by as much as 5% with a follow-on adverse effect on carbon and sulphur dioxide emissions. The aims of the project, which have been successfully achieved, were to replace potentially poisonous and environmentally unfriendly antifouling paints and biotoxins with hydrophobic graphene layers on a marine vessel. Graphene exhibits hydrophobicity, which means that it does not wet when in contact with water. The layer of air trapped between the water and the ship's hull means that marine growth and slime cannot adhere to the ship. The coefficient of friction significantly reduces since the vessel is effectively floating on a cushion of air with benefits to speed and fuel economy.",Collaborative R&D,Closed,0,,,https://gtr.ukri.org/projects?ref=A667E25E-2838-460D-9C6A-0175F0AC1311
A6691F72-D5CE-476E-88D2-01AD6619906D,"The Structure of the Universe: Cosmology, Exoplanets and Lattice QCD - supplementary grant","The proposal will advance the ambitious goals set out in the STFC Consolidated Grant, entitled Unveiling the Structure of the Universe. In particular, it will advance the study of processes in the solar atmosphere, it will provide new tests of modified gravity, it will advance the application of new statistical tools to galaxy surveys, and it will support the computing and programming support for the simulation and modelling on which the whole grant depends.",Research Grant,Closed,0,,,https://gtr.ukri.org/projects?ref=A6691F72-D5CE-476E-88D2-01AD6619906D
A902FC01-90BB-42A3-8CEC-0090C9E0D9E0,Development of an infection detecting wound dressing,"Infection is the primary cause of complications following a burn injury. Even a small hot water scalds can become infected, which can lead to a great increase in pain, delayed healing, increased scarring, and a greater time in treatment (including antibiotic usage and surgery). This not only undermines the outcome for patients, but also increases costs to the NHS related to treatment, but also patients, in terms of days off work, travel to hospital, and related loss of income. In rare cases infection can lead to death, particularly in large and deep burns and even in children with small burns, via complications such as toxic shock syndrome. 
 
Despite the importance of identifying infection, this currently remains a major challenge for clinicians. Much of the difficulty arises from the fact that the symptoms of infection in burn patients can be very difficult to distinguish from other symptoms arising from inflammatory response to the burn itself, as well as other illness such as cold, sore throat etc. Because of these challenges, the standard methods that clinicians use to diagnose infection under other conditions are of limited value in treating burns patients. The situation is further complicated by the fact that most wounds have normal background level of bacteria, which does not need to be treated unless bacteria reach a certain level at which they begin to cause harm. However, clinicians may wait ~3 days to confirm the presence of bacteria in a wound, but these tests do not distinguish between beginning background levels and those representative of infection. Collectively, these limitations can also lead to patients being 'over treated', resulting in over and unnecessary prescription of antibiotics, dressing changes (which are often painful and may increase the risk of scarring), and extended hospital stay. 

The dressing being developed in this research programme indicates critical bacterial infection within a burn wound without the need to remove it. The dressing will signal infection by a simple colour change, that occurs when clinically relevant bacteria in the wound reach a level at which treatment is necessary. This can be used by clinicians directly at the patients bedside to provide more accurate and more effective treatment. In doing so our technology would not only improve outcomes for patients, but also reduce NHS costs and unnecessary antibiotic use.",Research Grant,Closed,0,,,https://gtr.ukri.org/projects?ref=A902FC01-90BB-42A3-8CEC-0090C9E0D9E0
A9086373-AA79-4F10-9743-005D1737539F,Battery and BMS Certification Pilot (BBCP),"In regions like Asia, notably India, electric bus OEMs grapple with battery pack challenges due to scorching climates, where temperatures often exceed 40&deg;C for over half the year. This leads to premature battery replacement, despite buses being designed to last 12 years. Faraday Battery (FaradayB) aims to combat this by developing a pilot battery pack operable from -20&deg;C to 50&deg;C, tailored for M &amp; N automotive applications. Leveraging patented technology, the project will obtain Indian certification (AIS 038 rev 3), aligning with EU/UK standards. Supported by Innovate UK projects, FaradayB's solution promises enhanced safety, robust thermal management, and a 12+ year lifespan. Collaborating with Indian OEMs FaradayB eyes market expansion and job creation in the UK.",Collaborative R&D,Closed,0,,,https://gtr.ukri.org/projects?ref=A9086373-AA79-4F10-9743-005D1737539F
A9502E30-331D-429C-B5E0-00E4D3514397,New AI Applications to Large Astronomical Data Sets,"One of the pivotal challenges in astrophysics for the next decade and onward will be deciphering the enormous influx of data from new space and ground-based telescopes, surpassing the complexity of all existing astronomical data several times over. For scientific projects that produce huge data volumes, often referred to as &quot;big science&quot; (e.g., SKA, CERN), AI-driven decisions are increasingly necessary to replace human decisions at multiple points within scientific analyses. 
The Euclid Space Telescope (launched in July 2023) is set to obtain imaging for hundreds of millions of objects and is the most recent telescope which underscores this challenge and one of many that leads to the SKA. Data from Euclid is now being taken and soon will exceed the ability of nearly all current methods of analysis. Thus, new machine learning tools within the decision-making framework, classifying objects-galaxies, stars, quasar, image defects, among many others will soon be needed.

Our objectives in this PhD project within the AI CDT extends beyond just classification. We aim to leverage this information to unravel galaxy formation processes and predict the features of real objects - stars, galaxies, etc.. The proposed interdisciplinary project merges Manchester's expertise in astronomy and machine learning in a new way. As part of this, we will develop leading-edge probabilistic machine learning methods, leveraging uncertainty in a statistical manner to drive the exploration of new parameter spaces and promote scientific discovery. 

Previously, supervised and unsupervised ML on galaxy images has led to the discovery of unique galaxy classes previously unidentified. We are delving into the optimal utilization of methods like VQ-VAE for both training and discovering the composition of galaxies. However, this is just the start as other ML tools need to be applied to this problem, for which a PhD working in this CDT will do. While ML approaches in astronomy have traditionally utilized single-band imaging, we are pioneering the use of richer datasets, including multi-wavelength imaging and quantized features of galaxies based on the Euclid data. This project addresses challenges posed by astronomical datasets as a way to both develop AI systems for other areas in society and business as well as for making scientific discoveries. 

Beyond classification, our project offers the potential to make discoveries of anomalous or unknown objects, presenting opportunities for new physics. Astronomy is replete with serendipitous discoveries, and ML can automate the identification of rare objects, potentially leading to breakthroughs.

The PhD student working on this at Manchester within the CDT will lead this initiative, becoming an expert in cutting-edge ML applications on astronomical data. As ML permeates increasingly all areas of society, this extensive training will enable the student to make a lasting impact throughout their career. This project is perfectly designed for the PhD student to work with and collaborate with others in the CDT from Manchester and Cambridge. 

The project's inception involves collecting and applying machine learning basics to astronomical Euclid imaging and spectroscopic data, addressing challenges posed by datasets that would take centuries to analyze conventionally. The student will lead an interdisciplinary initiative, inventing new analytical ML tools to classify and measure properties of objects we are starting to find within the Euclid observations. Euclid is the first time that a large data set will be analysed primarily with ML tools, and thus it is a test-bed for even larger surveys such as SKA, which will dominate the work we will do at Manchester for the next ~20 years. There is also significant overlap between the Euclid and SKA sky converge, and thus starting this ML examination now will give us a head start in producing the tools needed to make the most of the SKA data when it arrive",Studentship,Active,0,,,https://gtr.ukri.org/projects?ref=A9502E30-331D-429C-B5E0-00E4D3514397
A9622957-D8F6-40AD-A4F0-01A99E830BB7,To develop periodic calibrations and self calibrations whilst complementing existing methods,"Main focus: Design a digital antenna for radar applications.
- Investigate Beam Forming and where to digitise
- Simulation and further implementation of a Digital Beam Forming system.
- Testing on the relevant hardware",Studentship,Closed,0,,,https://gtr.ukri.org/projects?ref=A9622957-D8F6-40AD-A4F0-01A99E830BB7
A965778C-92A1-4CB3-92FE-01C4EF3B9B33,What does a disability-inclusive pandemic response mean for Liberia and how can it lead to genuine systemic change?,"It is widely recognised that people with disabilities are disproportionately affected by COVID-19 (FCDO,2020; UN,2020a). Yet there is limited empirical evidence on the ways and extent to which the response itself has affected the lives of disabled populations in low-income settings, and how this compares to other epidemics. This research compares how people with disabilities experienced outbreaks of two widespread infectious diseases in Liberia (Ebola and COVID-19). 

Liberia has high levels of multidimensional poverty. The country is still reeling from the 2014-2015 Ebola outbreak in West Africa, which killed nearly 5,000 people with over 10,000 confirmed cases, and is now grappling with COVID-19. Like many countries, the Liberian Government implemented extensive measures to curb the spread of COVID-19, including lockdowns and enforced social distancing. These have negative implications for people with disabilities (FAO,2020), and COVID-19 is likely to exacerbate pre-existing barriers (UN,2020b). However, while there is a raft of guidance on how to include people with disabilities in the COVID-19 response (UN,2020a,2020b; WHO,2020), there is little empirical evidence of the impact this has had on disabled populations in low-income settings.

This proposal builds upon previous DFID/ESRC-funded research. It will examine how people with disabilities can achieve meaningful inclusion in epidemic and other humanitarian responses, and how trust in government - a critical driver in public health compliance - and the capacity of health systems to deliver health messages and services can be developed. This research will gather in-depth qualitative data, taking an intersectional approach to analyse inequalities in disability and public health crises, examining issues including gender, impairment and poverty.",Studentship,Closed,0,,,https://gtr.ukri.org/projects?ref=A965778C-92A1-4CB3-92FE-01C4EF3B9B33
A72795E7-6DB1-4F65-9DDB-0158A7609097,"Application of High-Fidelity, High-Speed Remote Entanglement of Trapped Ion Qubits to Fundamental Quantum Information Processing","Trapped ions have many useful properties that make them a suitable candidate for the implementation of quantum algorithms, such as long coherence times and the ability to entangle them in a highly controllable way through the mutual Coulomb repulsion of the ions that mediates a coupling between them. However, the number of qubits must be significantly increased to render quantum information processing competitive with classical computers. The two most advanced proposals to scale trapped-ion quantum processors to larger numbers of qubits rely either on physically shuttling individual ions between different processor modules or photonic probabilistic links.
In this regard, as a doctoral student, I aim to contribute to the progress at the scientific forefront of quantum information research and take part in the challenge to build a scaled-up ion trap quantum computer for the first time, adhering to the proposal involving photonic probabilistic links. 
Improvements on entanglement schemes between remote trapped ions are to be carried out. The fidelity of entanglement will be enhanced by a multi-detector scheme and using fibre networks. Employing the entanglement purification technique will allow to distil even higher fidelity entangled states that can be used to demonstrate controlled quantum dynamics over macroscopic distances, for example the two-qubit CNOT gate. The experiment might also enable state teleportation, remote state preparation and an implementation of the dense coding quantum information protocol. The entanglement generation rate will be improved by the installation of cavities that enhance the emission into the fibre mode, thereby increasing the photon collection efficiency. 

This research falls under the Quantum Technologies ESPRC Research Theme.",Studentship,Closed,0,,,https://gtr.ukri.org/projects?ref=A72795E7-6DB1-4F65-9DDB-0158A7609097
A9BB73E7-DACE-4DAF-8C61-01BCFAF8C773,"Stratigraphy and dinosaur palaeontology of the Wealden Group, Isle of Wight","The Wealden Group of the Isle of Wight comprises fluvial and shallow marine strata deposited during the Early Cretaceous. The floodplains and beaches of the Wealden were home to a diversity of dinosaurs including the armoured ankylosaurs, the fish-eating spinosaurs, and the thumb-spiked iguanodontians. The Wealden dinosaurs are the best-known and most diverse from any time period in the UK. In contrast, the sediments have not been studied in the context of modern techniques and analyses. Consequently, depositional environments are poorly characterized, and a detailed chronostratigraphy is lacking. This hinders attempts to understand the evolution and palaeoecology of the dinosaurs, because they cannot be placed accurately in time, and the environments in which they lived and died are not always clear.

The aim of this project is to examine the relationships between the occurrence of dinosaur remains, sedimentary facies, and chronostratigraphy in the Wealden of the Isle of Wight. The working conceptual model of the depositional setting for the Wealden Group is a river system that was not confined to a valley, and to significant marine influence. Through the Wealden Group, sedimentary facies indicate that the river system was gradually flooded by a rising sea level. It is this conceptual model that we look to test; we will examine whether patterns of sea level fluctuation and a tendency of increased marine influence can be recognised upwards through the succession. Such studies will be carried out through facies analysis of fluvial elements across the island. The culmination of this work will be the first chronostratigraphic framework for the Isle of Wight Wealden.

We will then locate dinosaur occurrences across the island and discover if certain taxa can be correlated to a depositional sequence, hence palaeoenvironmental setting. Such insights will allow us to examine preservational biases in the fossil record that might be hindering our understanding of dinosaur diversity and distribution and predict possible future sites. Finally, we will map dinosaur occurrences onto our chronostratigraphic framework and attempt to assess whether specific dinosaurs were isolated to specific timeslices, to characterize dinosaur evolution and inform analyses of dinosaur taxonomy and diversity.",Studentship,Closed,0,,,https://gtr.ukri.org/projects?ref=A9BB73E7-DACE-4DAF-8C61-01BCFAF8C773
A9CE07E7-C382-47B7-AE82-00FFFCBA693F,Defra / EA Fellowship: Professor Frances Bowen,"This project will fund a fellowship placement for a mid-career researcher to work for 9 months with the better regulation teams at the Department for Environment, Food and Rural Affairs (Defra) and the Environment Agency (EA). 'Better Regulation' is the UK government's approach to developing regulation that achieves the desired outcome while avoiding unintended consequences and limiting costs for companies, consumers and the taxpayer. For Defra and the EA, the challenge is to improve, simplify, consolidate and even remove environmental regulations, while achieving at least equivalent outcomes for the environment, society and the economy. Academic research can offer useful guidance on how to tackle this challenge through providing evidence on the impacts, costs and benefits of various approaches to environmental regulation. 

The project will enable a researcher who specialises in company responses to environmental regulation to provide their expertise to Defra and the EA. During the fellowship the researcher will (1) collate research evidence on the relationships between environmental regulation, innovation, firm performance and economic growth, and (2) consult these and other government agencies to develop an action plan for future research collaboration on better regulation for a sustainable economy.",Research Grant,Closed,0,,,https://gtr.ukri.org/projects?ref=A9CE07E7-C382-47B7-AE82-00FFFCBA693F
AA1C99C1-A022-47D7-8C77-0124BEE7C023,University of Central Lancashire and SignHealth,"To enhance and develop new innovative specialist psychological therapies within the Northwest, improving the the well being of the sign language community and to develop the business strategically..",Knowledge Transfer Partnership,Closed,0,,,https://gtr.ukri.org/projects?ref=AA1C99C1-A022-47D7-8C77-0124BEE7C023
AA614FB9-21B7-4748-ADA2-010D71BF80F9,"The role of learning in the development of imitation systems, both in normal development and autism spectrum disorders.","In our highly social culture, it has been proposed that the ability to imitate is invaluable for skills acquisition and other social abilities which require us to understand another person‘s perspective, such as empathy. The origin of imitation systems is hotly debated. One hypothesis suggests that these systems evolve through natural selection to support other social abilities. Alternatively, these systems may develop through learning, such that actions are executed at the same time as observing matching actions, for example, through self-observation. The proposed research will distinguish these two hypotheses, by looking at the effects of training, both on the cortical systems mediating imitation in a normally developing population, and on behavioural imitation effects in a population where there is likely to be less experience which can lead to the development of imitation systems, namely individuals with autism spectrum disorders. If these systems evolve through natural selection, there will be little effect of training, but if they develop through experience, training will have dramatic effects on imitation and its supporting systems. Understanding of the origin of imitation systems has important implications for treatment of disorders where these systems are impaired, such as autism spectrum disorders and apraxia.",Fellowship,Closed,0,,,https://gtr.ukri.org/projects?ref=AA614FB9-21B7-4748-ADA2-010D71BF80F9
AA851386-D0EA-423B-BA20-00BE3BE7E399,Molecularly aware robotics for surgery (MARS),"Summary
The proposed project is aimed at the development of a semi-autonomous surgical robotics platform for the removal of tumours with unprecedented accuracy. Currently, when surgeons remove tumours, they use information collected before the surgery (ultrasound, X-ray) to locate the tumour and assess its actual extension based on what they see or feel with their fingertips. Unfortunately, it is almost impossible to tell healthy tissue from cancer-infiltrated tissue by its look, which results in lengthy operations including the careful examination of removed tissues under microscope to avoid cancer cells left behind causing local regrowth of the tumour. Since the surgical team can only examine cells which are already removed, even this approach cannot fully guarantee the complete removal of cancerous tissue. The proposed technology offers an alternative, where the surgical tool - in the current case a superfine surgical laser - is combined with a powerful microscope and a molecular analysis device. These two devices together can unambiguously identify cancerous cells and they can subsequently be evaporated using the surgical laser. While the cell-by-cell removal of a tumour may sound attractive, especially in the aspect of sparing all non-cancerous cells, at the practical level human beings cannot perform such operations as even if we assume that a surgeon can identify and remove a cell in a second, the complete elimination of small tumour would still take weeks of continuous work. However, if both the identification and the firing of the laser is performed by an artificial intelligence, this time can be reduced to tens of minutes - a commonly accepted timeframe for minor surgeries. 
The proposed surgical robot will look like a little tent set up over the tumour. The enclosure will house a fibre-like probe, which contains the laser, the microscope and the molecular analysis tools. The computer will be able to direct the probe at any point of the tumour with cellular precision or scan tens of mm2 area in a second. When the device is set up, it localises the tumour at first using the microscopic device, then evaporates the bulk, continuous tumour tissue, while continuously looking for signs of healthy cells with the molecular sensing tool. At the edge of the tumour it will use the microscope to find potentially cancerous cells and will properly identify them using the molecular information before removing them. The surgeon oversees the process and gives directions to the computer regarding the areas to find tumour cells and other surgical steps e.g. coagulation of minor bleeds on the surgical area. 
The technology will significantly increase the accuracy of cancer surgery, will make currently inoperable cases operable, decrease reoperation rate by eliminating local regrowth and minimise the complications of cancer surgery. In addition, it will give an opportunity for the healthcare providers to turn most cancer surgeries into outpatient interventions performed at outpatient clinics or even at GP surgeries. As the device will give diagnostic information itself, the detection-diagnostics-removal journey for e.g. a skin cancer will take half an hour at the GP in contrast to the current several weeks involving multiple hospital visits.",Research Grant,Closed,0,,,https://gtr.ukri.org/projects?ref=AA851386-D0EA-423B-BA20-00BE3BE7E399
AAE69FF7-68FB-4809-B600-01922289B7DB,Project BlackoutFleet: An integrated fleet and driver safety iOT platform utilising beacons and smartphones.,The number of accidents caused by smartphone-distracted drivers has risen sharply over the last few years. Blackout wants to develop a IoT-enabled technology that allows to block all but emergency services and navigation on a smartphone while the vehicle is in motion. The aim of the grant is to deliver the solution in TRL6 after a test with professional LCV drivers.,Collaborative R&D,Closed,0,,,https://gtr.ukri.org/projects?ref=AAE69FF7-68FB-4809-B600-01922289B7DB
A1472D97-0AE6-4258-8D25-0074DCCA4A1A,Gendered Violence and Urban Transformation in India and South Africa,"Violence against women affects almost 1 in 3 women across the world, and many scholars claim that it has risen over the past 20 years. This violence takes various forms ranging from rape, intimate/domestic partner violence, including emotional, financial, and physical abuse, female infanticide, sex-selective abortion, forced trafficking, and sexual harassment. These forms of violence affect women in families, workplaces, police custody, educational institutions, and various public spaces. The field of study on violence against women is currently fragmented across disciplines such as criminology, public health, and demography. The data and methodology of a large number of influential studies tends to be based on surveys and big data, although qualitative studies are increasingly common. These studies have filled a crucial gap by highlighting risk factors such as alcoholism, abusive family history, poverty, lack of basic infrastructure among others. However, with few notable exceptions there is a paucity of studies that demonstrate the mechanisms that translate risk factors into actual acts of violence, that build comparisons across specific cases, and that situate both the presence of violence and responses to it, in national, regional and local histories of gender formation. 
Our research will push the frontiers of a 'second wave' of research on violence by moving in the direction of deeper and more complex theorising of violence, of its causes and motivating factors.
The two urban cases Delhi that are the focus of this project - Delhi NCR (India) and Johannesburg (South Africa) - have acquired a reputation for very high levels of sexual violence, both private and public. As cities within countries undergoing rapid transition - post-apartheid liberalisation in South Africa, and state-led development to economic liberalisation and Hindu nationalism in India - gender relations and enactments of violence in these countries have multiple, inter-related causes that vary across caste, class, race, and region. We will ask whether and how factors such as racial or class inequality, poverty, or other environmental, contextual and historical factors make a difference to actual enactments of violence - sexual and interpersonal - against women. How does urban transformation affect gender relations, women's autonomy, and the perceived clash between 'tradition' and 'modernity'? To answer these questions requires time-consuming and painstaking qualitative research, with long-term immersion in the field. Such immersion will elicit the deeper mechanisms beneath correlating factors such as class and violence, and allow us to better understand whether and how poverty, racism or other structural factors enable violence in particular families, or individuals' lives, and furthermore to develop a better understanding of invisibilised middle-class gendered violence. 
To understand the complex dynamics of violence requires an appreciation of how these major transformations are manifested in everyday life, and why in these daily rhythms of life, violence against women becomes so prevalent. The innovation of this project is the use qualitative methodologies requiring immersion of the researchers in the daily life of specific neighbourhoods, while at the same time looking at how local and national state agencies and policies frame the problem of gendered violence. The the project will seek to compare the particular insights from the two cities, to draw broader conclusions about the effects of globalisation and urban transformation on gender relations and violence.",Research Grant,Closed,0,,,https://gtr.ukri.org/projects?ref=A1472D97-0AE6-4258-8D25-0074DCCA4A1A
A15AADE9-8D9B-4029-9877-01CCF9608265,Ox-Chain: Towards secure and trustworthy circular economies through distributed ledger technologies,"The Ox-Chain project responds to specific challenges identified by global consultants McKinsey &amp; Company for the UK based charity Oxfam that highlights how much value is lost within the existing business model, which currently sends between 70-80% of its received second hand clothes to a recycling centre. The research team propose that by using distributed ledger technology, such as the Blockchain that supports the Bitcoin digital currency, a different business model can be developed that involves the donors, the shoppers and the staff at Oxfam in identifying the value of second hand items and helping them to move to places where they will can be sold.

The donation model that was developed in the 1940s by Oxfam still relies on individuals to make a judgement about the value of donated items. It is impossible for one person to know where an item can be better used or cherished - the result is that many items do not reach places within the Oxfam network where they might be resold and not recycled. Internet technologies such as distributed ledgers have the potential to turn the network of 670 Oxfam shops into an online auctioning platform, in which the collective knowledge of thousands of people can bid to keep items in the world. 

Such a project offers significant insights into how decentralised technologies can better support business and society as we move toward what is described as a Circular Economy. A 'Circular Economy' in one in which resources are kept in-use for as long as possible, and their maximum value extracted whilst in use followed by the recovery of materials at the end of each service life. However, if more people are to become involved in the valuation of objects and materials within the ecosystems of business, communities and charities then we have to find ways to protect them. Moving to a sharing economy in which technology helps us to move things that we no longer need to places where they will be more valued, has the potential to disrupt existing models of trust, identity and privacy. 

The use of distributed ledger technologies to manage permissions and privacy in such a way as to build the trust of participants offers a significant opportunity to demonstrate the potential to reshape our concepts of how our economies operate.",Research Grant,Closed,0,,,https://gtr.ukri.org/projects?ref=A15AADE9-8D9B-4029-9877-01CCF9608265
A1961062-CA72-4FB5-9CAC-00BE4EA852A8,Exploring the Heterogeneous Biogenesis Pathways of the Bacterial Cell Envelope.,"The cell envelope serves as the front-line to both defence and pathogenicity in bacteria. Critical protein assemblies are required to mature, localise and assemble proteins, sugars and lipids around the cell to enable protection against antibiotics, phages and toxins, and to modulate cell structure and shape. A major component of this is the essential extracellular cell wall, which forms a mesh-like coat around the cell. Its assembly is the target for many antibiotics. Here we will use molecular simulation to study the protein machinery responsible for the formation of the cell wall and other biogenesis pathways within the cell envelope.",Studentship,Closed,0,,,https://gtr.ukri.org/projects?ref=A1961062-CA72-4FB5-9CAC-00BE4EA852A8
A1D991D1-B89F-4031-B7E4-003863BAFA31,A Multilevel Analysis of Supply Chain Configuration in the Construction Circular Economy: Supply Push vs. Demand Pull,"Supply chain (SC) configuration is strategically associated with supply push (SP) and demand pull (DP) strategies that often deal with corporate inventory. It can also be related to promoting knowledge or awareness. SP and DP measures have been weighed differently depending on varying contexts. Some studies argued that current policies about promoting innovations were overwhelmingly dominated by DP measures whose effectiveness of inducing non-incremental innovation was largely doubted due to the technological incapability resulted from SP negligence. There are also some studies claiming that current practices of promoting entrepreneurship relied heavily on SP factors, whereas some SP factors were proved with no correlation to start-up rates in high-tech industries. By comparison, a dynamic process is introduced from an innovation chain perspective, where the configuration of novel technology SC gradually moves from SP measures (e.g. technology push, public funded) to DP settings (e.g. market pull, mostly private funded) with the increasing level of technology maturity. 

However, there is hardly any understanding of SP and DP in the context of construction circular supply chain (CSC) in the existing literature that also lacks an explicit definition of DP and SP. The challenges in circular economy (CE) implementation are not only involved with institutions pushing the development of new ideas or technologies but also the market creating the demand for them. The overwhelming adoption of either SP or DP measures can result in a growth plateau. For example, some 'waste-to-value' CE approaches such as production of bioplastic from sewage or recycling or LED lamp waste, are technically feasible but not economically competitive in the market. In this respect, pull measures are supposed to gain more attention to enhance 'market pull'. 

The research question formulated for this project is 'what are the possible configurations that achieve both circularity and resilience in construction SCs?'. The importance of clarify this question is that it helps accelerate the transition to construction CSC by considering a resilient balance between SP and DP measures. Therefore, the aim of this research is to investigate the resilience as to its dynamic nature of moving from one configuration to another to suit changing supply chain dynamics in construction CSC. This aim will be achieved by the following three objectives: 1) to clarify what SP and DP in CCE context and assess their current application, 2) to identify factors that determine the selection of SP and DP, 3) to explore the resilient balance between SP and DP and associated governance.

For the first objective, the student is currently conducting a systematic literature review to lay a theoretical foundation and provide a better understanding of construction CSCs. For the second and third objectives, the student will collect primary data via questionnaire survey and semi-structured interviews. Besides, the student is currently considering using a system dynamic approach to modelling the introducing of a specific material from SP and DP perspectives. The student is also exploring potentials of System Dynamics (SC) for supply chain modelling in the second stage in his research.

The novel engineering and/or physical sciences content lies in that the research addresses the EPSRC circular economy theme by focusing on construction supply chains from managerial perspectives.",Studentship,Closed,0,,,https://gtr.ukri.org/projects?ref=A1D991D1-B89F-4031-B7E4-003863BAFA31
A257C142-AD3B-487E-87CF-01D6223E681C,Tatvika - An Immersive VR Platform for Digital Therapeutics and Cognitive Training,"In the UK, the elderly population is often confronted with challenges to their psychological and neurological health. Conditions such as dementia, depression, and social isolation not only diminish quality of life but also place a significant burden on healthcare systems. Tatvika emerges as a pioneering solution, leveraging the convergence of neuroscience, psychology, and virtual reality (VR) to revolutionise senior care.

Tatvika's VR platform is a beacon of innovation, offering motivational digital therapeutics meticulously tailored for the aging brain and body. Our users are transported into captivating computer-generated (CG) worlds, meticulously designed to stimulate cognitive, emotional, and physical well-being. Each aspect of the VR experience - from lighting and soundscapes to interactive tasks - is crafted to rejuvenate aging neural pathways and foster neuroplasticity.

Central to Tatvika's approach is the seamless integration of physical devices, such as balance boards, with VR technology. This symbiosis enables users to navigate through enchanting virtual landscapes, simultaneously reaping the benefits of physical exercise and mental stimulation. By fostering a mind-body connection, Tatvika addresses key facets of senior health, including neuroplasticity, memory, balance, and socialisation.

Our multidisciplinary team, comprising gerontologists, neuroscientists, and technologists, translates cutting-edge research into bespoke VR therapy sessions. The platform's reminiscence journeys harness the power of memory to bolster self-worth, while interactive movement challenges are designed to refine motor skills in an engaging and enjoyable manner.

Amidst escalating dementia rates and the pressing need for innovative care approaches, Tatvika stands out by utilising immersive technology backed by data-driven insights to deliver personalised care for the aging mind.

Our vision with Tatvika is to elevate autonomy and enrich the lives of seniors by maintaining active brains and bodies. As we continue to refine our solution, our ambition is to integrate seamlessly into the UK's formal mental healthcare ecosystem, providing a scalable and impactful tool that supports the well-being of our aging population.",Collaborative R&D,Closed,0,,,https://gtr.ukri.org/projects?ref=A257C142-AD3B-487E-87CF-01D6223E681C
A26B1A50-2221-4E82-85DC-00B50A16F0C4,Platform Workers In Global Production Networks,"Drawing from research in the fields of industrial relations, HRM, global political economy and the sociology of work and employment, the project will explore the extent to which platform workers are involved in global production networks. The aim will be to develop an understanding of workers' position in global production networks and patterns of outsourcing, workers' experiences of such employment, wider employment relations and the degree to which existing governance mechanisms are able to regulate such employment. In considering the conditions of such workers employment, attention will focus on issues such as skills and wages.
The project looks at platform labour in the context of global production chains. To explore this topic will require an interdisciplinary lens. The literature of global value chains is diverse and cuts across business and management, economics and labour geography. Likewise, literature on platform labour cuts across numerous academic disciplines, including employment relations, sociology, employment law, economics and labour geography. Key points of interest include the economic organisation of business (ie employer form), labour contracts and conditions of work and legal issues related to the governance of business and labour standards, all of which draw in diverse areas of academic interest.",Studentship,Closed,0,,,https://gtr.ukri.org/projects?ref=A26B1A50-2221-4E82-85DC-00B50A16F0C4
A27A6A9C-3A84-49C2-BB78-007C502461AF,"MICA: Targeting C5aR in chronic inflammation, renal fibrosis and late graft dysfunction","Early inflammation after organ transplantation caused by disturbance of blood flow can cause tissue damage and increase the risk of graft dysfunction. Complement is a set of inflammatory proteins that are easily activated during organ transplantation and we have shown it may have a causal role in this type of injury. Our aim is to identify whether the tissue receptor that detects the activated complement fragment known as C5a can be blocked to protect kidneys during transplantation. If this can be achieved with a new agent that we are testing in mice, this could lengthen the life of the transplant and make more kidneys available by organ donation.",Research Grant,Closed,0,,,https://gtr.ukri.org/projects?ref=A27A6A9C-3A84-49C2-BB78-007C502461AF
A2B771B4-CD9C-41A0-9B56-01E5814AF007,Metabolic regulation of immune responses during infection.,"Effective immune responses during infection or vaccination require successful activation, differentiation and antibody production by B cells. A key mechanism controlling immune cell activation is cellular metabolism, as regulation of metabolic pathways influences fate choices and the functions of activated immune cells. While the metabolic pathways controlling B cell activation remain poorly understood, recent studies suggest a key role for lipid metabolism in the regulation of B cell responses. Accordingly, highly activated germinal centre B cells show a reprogramming of lipid metabolism with an increase in fatty acid oxidation; while impairment of lipid metabolism results in dysregulated B cell activation. Given the key role of B cells in protective immunity and autoimmune diseases, it is of central importance to understand how metabolic programs are regulated 

Unpublished data from our lab demonstrate a unique function for the lipid presenting molecule CD1d in the regulation of cellular lipid metabolism. As CD1d is highly expressed on B cells, we aim to investigate the link between CD1d and B cell metabolism and how this in turn controls B cell activation and antibody production. 

Aim of the investigation:

Investigating the mechanisms controlling B cell activation 

 

Proposed plan of work:

Year 1/2. We will use a combination of next-generation sequencing and lipidomics to identify the molecular links between CD1 and lipid metabolism pathways in B cells 

Year 2/3. We will take advantage of in vitro cultures and cellular and molecular biology techniques to manipulate lipid metabolism pathways and determine their effect on B cell responses 

Year 3/4. We will use transgenic mice and in vivo models of vaccination to uncover the link between B cell metabolism and antibody production.",Studentship,Closed,0,,,https://gtr.ukri.org/projects?ref=A2B771B4-CD9C-41A0-9B56-01E5814AF007
A2C6D30D-2099-4A8D-A098-0029390A93E1,Tailorable &amp; Adaptive Connected Digital Additive Manufacturing (TACDAM),"The TACDAM project will remove the the final hurdles for the adoption of additive manufacturing in automotive applications in a staged low-mid-high volume approach. The essential requisite for this, besides having the right portfolio of products, is meeting automotive expectation of low cost and high quality, the delivery of which is the primary objective of the project. Although the biggest single contributor to product cost across the value chain has been Additive Manufacturing (AM) build time it is expected that by the end of 2017 substantial further increases will have been made. A result of this is that costs associated to pre- and post-processing are becoming relatively much more significant. Key enabling technologies, that will be developed by The University of Sheffield, include the creation of model-based approaches, that are used to optimise the part life-cycle in the manufacturing environment. This includes the identification of key factors in the value-chain, and data-driven methodologies that will 'learn' from data towards the better fundamental understanding of the process.",Research Grant,Closed,0,,,https://gtr.ukri.org/projects?ref=A2C6D30D-2099-4A8D-A098-0029390A93E1
A2ECBCA0-6117-443C-AA52-01F0B9F9B335,Design and Characterization of Inverted Singlet and Triplet Excited States with Organic Radicals (DECOR),"The exchange of energy between p-conjugated molecules and light underpins current and future technologies for displays from light-emitting diodes, electricity generation in solar cells, bioimaging and photochemical production. These applications require molecules to transition between different excited energy states within a manifold of levels. The ‘normal’ ordering of molecules set the first excited states to have weak light absorption and emission properties, forming (triplet) states that are detrimental for these applications by lowering their efficiency.
In this proposal we explore ‘inverted’ molecules – working against ‘normal’ expectations from quantum mechanics (Hund's rules) to solve this problem – where now the first excited states (singlet) exhibit strong light absorption and emission. By coupling these molecules to stable radicals with unpaired electron states we enable magnetic characterization of ‘normal’ vs ‘inverted’ order of levels. We will explore new opportunities in upconversion that converts lower energy states to higher energy: demonstrating the potential to get more energy and work done from less in future applications. This project will push the boundaries of spin and optical properties of advanced molecular materials for energy management with potential future applications in more efficient and sustainable energy generation and consumption (UN SDG 7: Affordable and Clean Energy; UN SDG 11: Sustainable Cities and Communities), as well as photocatalysis in production of fine chemicals and pharmaceuticals (UN SDG 12: Responsible Consumption and Production).
The programme is enabled by two leading early-career researchers from the UK (Evans) and Japan (Aizawa) with complementary expertise in molecular materials design, characterization and exploitation.",Research Grant,Active,0,,,https://gtr.ukri.org/projects?ref=A2ECBCA0-6117-443C-AA52-01F0B9F9B335
A2F82815-1B86-474F-9A07-008A0F39C447,Improving Scientific Reproducibility with Applied Philosophy of Science,"Concerns about the replicability of research have continued to interest researchers across a number of scientific disciplines, particularly during the last decade. Within psychology, numerous explanations for low replicability have been proposed. Most notable are the problems of current publication standards, which disincentivise the publication of null findings, as well as incentivising the use of questionable research practices (QRPs). Estimates of the prevalence of QRPs have suggested that they may be alarmingly common within psychology. However, researchers themselves, as well as independent judges, often rate the use of most QRPs as defensible in certain situations. One pertinent and hitherto unanswered question is how these QRP justifications fit into the wider epistemological frameworks which underpin the practices of many researchers. 

The question of epistemic justification for QRPs comprises one part of a wider topic that is particularly deserving of examination: to what extent do psychology researchers actually take note of, and account for, the difficulties of causal inference in their field? It has been suggested that insufficient adherence to an appropriate and well-defined epistemology is an important contributory factor to the poor replicability of findings in social psychology. While both interesting and plausible, this is no more than speculation at present. Consequently, I am proposing a project which will explore the extent to which a lack of epistemological consideration may be hindering the replicability of research, and how it can be improved. This project is both novel and ambitious insofar as, while authors have theoretically discussed how research could be improved with philosophy of science, the topic has yet to be addressed experimentally. I am proposing to collect qualitative and quantitative data on researchers' beliefs and opinions, collaboratively analyse logical consistencies with philosophers of science, and apply the ideas generated in randomised control trials aimed at testing if research practices can be improved.",Studentship,Closed,0,,,https://gtr.ukri.org/projects?ref=A2F82815-1B86-474F-9A07-008A0F39C447
A3164EB6-A9DC-40D1-8B7F-00343A9F1628,Robotic technologies for Automated Adaptive Laboratory Evolution,"Context &amp; background:Engineering biology addresses global challenges in healthcare,sustainable biomanufacturing,waste management,and agriculture often through microbial engineering.Adaptive Laboratory Evolution (ALE) is a powerful yet simple method to achieve these goals.By culturing microbes under selection pressures and naturally selecting those that adapt, ALE provides an elegant solution for developing organisms with enhanced functionalities. ALE also offers valuable insights into evolutionary trajectories, particularly in microbial strain engineering and antimicrobial resistance (AMR).For example, mimicking antibiotic exposure can reveal key mutations leading to resistance against multiple antibiotics.Meanwhile, adapting cells using ALE can overcome severe growth defects induced by metabolic engineering, or specialise bacterial strains for growth in harsh conditions such as complex waste streams. Adaptive Laboratory Evolution (ALE) has traditionally relied on serial batch cultivation, which introduces bottlenecks that reduce genetic diversity and create complex, fluctuating selective pressures due to changing environmental conditions. Continuous growth systems like chemostats and turbidostats offer stable conditions, but face challenges such as biofilm formation and high operational costs, limiting their scalability and long-term use. Our work develops automated platforms developed to mitigate these issues, which this project will extend to new applications.
Aims &amp; Objectives: 1.Biotechnology applications of ALE: Method: Build on current ALE platform that already achieves control of selection pressure and population density to explore a broader range of stresses and environmental conditions.Application:Engineer organisms with industrial significance, such as bacteria with high-temperature tolerance or waste-degrading capabilities.Potential to learn key lessons in learning genes leading to antimicrobial resistance (AMR) and gain insights into the effectiveness of current clinical antibiotic administration strategies.
2.Engineering of novel ALE instrumentation and technologies: -Machine Development:Iteratively improve the physical components of the ALE platform to enhance performance, reliability, and scalability. Such as the introduction of differing pumps and reservoirs for nutrient sources or alternative bacterial populations.-Software Enhancement:Refine software, user experience and algorithms controlling the ALE platform. Build and test algorithms that learns against behaviours of population against differing selection pressures and design appropriate responses.
Novelty of the Research Methodology:
The novelty of this research lies in building machine learning algorithms and computational control to continuously improve technologies developed based on EPSRC funding over the past four years. By dynamically optimizing growth conditions and precisely managing differing selective pressures, the proposed strategy enhances precision control in experimental design and accelerates evolution experiments in ALE.Additionally, the high scalability and automation of the platform enable high-throughput evolution experiments. By facilitating parallel processing of multiple strains or conditions, the research significantly accelerates discovery and optimization,and (as above) this will be explored for diverse biotechnological applications in academic and industrial research.
Alignment to EPSRC's Strategies and Research Areas:This project falls within the EPSRC Engineering Biology research area. It aligns with EPSRC's strategic priorities by fostering innovation in synthetic biology and advancing the precision and predictability of engineered biological systems. The potential impact on understanding and mitigating antimicrobial resistance also aligns with EPSRC's focus on Healthcare Technologies and tackling global health issues. The interdisciplinary nature of the project exemplifies the approach encouraged by EPSRC's strategies.",Studentship,Active,0,,,https://gtr.ukri.org/projects?ref=A3164EB6-A9DC-40D1-8B7F-00343A9F1628
A34392A7-55D1-4892-8EBE-01DAA74F7882,Longitudinal structural and cognitive functional imaging and outcome prediction in focal epilepsy treated with gene therapy and surgical resection.,"Background:
In people whose epilepsy does not respond to epilepsy medications (drug refractory epilepsy), epilepsy surgery to remove the part of the brain where seizures arise (the epileptic zone), may be an option. One of the most serious complications of epilepsy surgery is memory and language decline if critical brain areas are removed during surgery. This affects quality of life after surgery even in people whose seizures stop after surgery. To date, there is no standardised way of predicting whose memory may decline after surgery. It is very important that we are able to have an informed discussion with people and their families before epilepsy surgery. Discussions include the chance of stopping seizures with surgery and the risks incurred, including memory and language decline. Potassium gene therapy (EKC) where an engineered potassium gene is inserted neurosurgically into the epileptogenic zone via a probe /rod was shown to be effective in reducing seizure activity in mice. Professor Walker (project partner) and colleagues secured a MRC Developmental Pathway Funding Scheme for a Phase I/IIa pilot clinical trial for the first in-human trial of potassium gene therapy in the treatment of medication refractory epilepsy. 10 patients from our surgical cohort at the National Hospital for Neurology and Neurosurgery (NHNN) will be recruited. The risk of EKC to brain structure and function including cognitive functions and mood is not known.

Main aims:
In this project
1) we aim to describe the memory network in people with drug refractory epilepsy compared to healthy controls using novel connectivity methods applied to memory functional magnetic resonance imaging (fMRI) and related diffusion imaging (dMRI)
2) We will then study the effect of both epilepsy surgery and EKC on brain structure and function four and twelve months after these procedures. 
3 Using these two different scans in combination, we aim to create a model of predicting memory outcome in people undergoing epilepsy surgery by creating a machine learning (artificial intelligence) model of prediction.

Method:
We will study 30 healthy controls, 10 EKC and 60 patients who will have surgical resection. 
Patients will be clinically assessed in hospital and as a multidisciplinary group we will decide if the best suited treatment for them is surgical resection or EKC. All participants will have a full memory and neuropsychiatric assessment. They will then have memory functional magnetic resonance imaging (fMRI) to show precisely where in their brain their memory functions lie. By using diffusion MRI (dMRI) we will study brain tracts that are important for memory functions. Novel graph theory techniques will be used to study the memory network. Four and 12 months after surgery and EKC, patients will have the same assessments of memory, mood and repeat memory fMRI and dMRI. Controls will have a similar assessment at three equivalent timepoints to patients. We will then investigate both memory fMRI and dMRI together to see if these methods in combination in a machine learning model will be useful in predicting memory decline after surgery.

Importance:
1. Exploring the changes in memory, mood and corresponding MRI networks will be critical in describing the safety and efficacy of both novel gene therapy and conventional surgical resection for future wider application. 
2. Using the information above, in the future, we will be able to individualise epilepsy surgery. There is a computer programme called EpiNav that will take into account which brain areas are most important for memory in each person. Using EpiNav, the safest trajectory/ pathway for inserting the rod into the brain for EKC by avoiding these critical brain areas can be planned. It will also suggest how much of the brain can be safely removed during surgery to reduce the risk of memory decline.",Research Grant,Active,0,,,https://gtr.ukri.org/projects?ref=A34392A7-55D1-4892-8EBE-01DAA74F7882
A350FE58-5F21-482C-B12B-013C0BBD80F2,Stratification of Patients using advanced Integrative modelling of Data Routinely acquired for diagnosing Rheumatic complaints,"Globally 1.Globally 1.71 billion people have musculoskeletal symptoms, the leading contributor to disability. Early disease stratification is important to ensure appropriate care (most suited healthcare provider and best treatment choice). Currently the patient journey to diagnosis and effective treatment is long and inefficient, resulting in persistent disease burden and economical loss. This is due to insufficiently understood relations disease causes and similarities in symptoms between diseases, insufficiently distinguishing tests, trial and error approach in initial treatment. SPIDeRR aims to disentangle the real-life complexity of early diagnosis of rheumatic diseases by considering the complete web of factors influencing patients’ symptoms. SPIDeRR’s approach will go well beyond the state-of-the-art in the following ways: - By identifying different disease groups, requiring different therapies, amongst patients with similar symptoms in contrast to the traditional approach aiming to only capture one disease early. - By integrating all relevant data dimensions from every healthcare level (primary and secondary care and patients seeking advice online). - By translating and applying machine learning techniques from the “omics” field to clinical patient data, which will result in new pipelines for translational data science SPIDERR will deliver three clinical models -a symptom checker for patients -a decision support tool for (primary) care providers providing guiding additional examination and referral decisions -a patient-patient similarity network to optimise diagnostic groups in rheumatology and support treatment decision To achieve this we additionally deliver solutions for data integration and shared analyses though GDPR compliant digital research environment and federated learning pipelines. Finally we will test the acceptability of the models through stakeholders studies and provide an implementation scene tailored to current healthcare in Europe",EU-Funded,Active,0,,,https://gtr.ukri.org/projects?ref=A350FE58-5F21-482C-B12B-013C0BBD80F2
A35FC1D3-7DA5-48F7-A356-0031E8BD6509,Sperm-induced signalling events in cells of the female tract.,"We know almost nothing of the biology occurring as sperm traverse the female tract, but intriguing new evidence suggests that sperm may activate signaling responses in cells of the female tract and play a key role in preparation for embryo implantation. It may even be that signaling triggered by sperm before embryo implantation in the uterus go on to affect the health of any child born.

A powerful canine model (developed at Nottingham), using sperm from healthy stud dogs and material from routine castrations and spays, has already been used to investigate effects of environmental chemicals at concentrations present in testis and ejaculate. In this project we will use state of the art imaging and proteomic techniques to study sperm-tract interaction in human material, and extend the canine studies to a parallel co-culture model. This unique approach will enable us to investigate what actually happens during the journey of a sperm - and how that may influence future adult health under normal and environmentally perturbed conditions. This PhD unites the internationally leading human sperm research team in Birmingham www.birmingham.ac.uk/chrs with the canine research team at the school of Veterinary Medicine in Nottingham.",Studentship,Closed,0,,,https://gtr.ukri.org/projects?ref=A35FC1D3-7DA5-48F7-A356-0031E8BD6509
A3AF9064-9976-4489-8929-00A0044E24B7,Characterisation of the United Kingdom thrombotic thrombocytopenic purpura (TTP) patient cohort,"Thrombotic thrombocytopenic purpura (TTP) is an acute, sudden onset, life threatening illness, affecting females: males 3:1, typically 30-40 years, but can present at any age between birth and 80 years. The true incidence is unknown, but values of 4-6/million of the population are quoted. Von Willebrand Factor (vWF) with platelets acts to prevent bleeding. VWF is broken down by ADAMTS 13. ADAMTS 13 is missing in TTP. This results in widespread, small vessel thrombosis, affecting all organs, but a variable clinical phenotype. The main treatment is plasma exchange, the removal on a special cell separator machine, of blood plasma and replacement with large volumes of donor plasma, which is a replenishing source of ADAMTS 13. 

The South East (SE) England TTP group have identified TTP subgroups. Cases of congenital TTP, in adults and children require individually based treatment programmes depending on their clinical phenotype. The majority of cases are acquired idiopathic TTP, the majority ( 90%) have antibody, mainly IgG, against ADAMTS 13 and prevent its action. Patients with recurrent or unresponsive TTP episodes were treated with Rituximab, a monoclonal antibody against B-lymphocytes, important in antibody formation. With standard therapy (plasma exchange and steroids) patients have had excellent responses clinically, increases in ADAMTS 13 enzyme levels, decrease in IgG antibody levels and significantly reduced relapses. Approximately 15% of cases have defined precipitating causes, such as HIV, pregnancy or pancreatitis. Some pregnancy cases present as adult congenital TTP and HIV patients require antiretroviral therapy with plasma. 
The aim of the grant is to organise a UK wide TTP registry, to determine the incidence, important epidemiological data regarding patient characteristics and mortality/morbidity in different areas. Baseline ADAMTS 13 assay, repeated in remission, to define if specific antibody levels are associated with related clinical characteristics. Further work on other antibody subtypes/groups within a larger cohort may highlight characteristics in patients not evident from clinical presentation, such as risk of relapse. DNA analysis, in all cases, to determine if mutations or polymorphisms in the ADAMTS 13 gene may be responsible for precipitating subtypes of TTP, or alter responsiveness to therapy. Ultimately, randomised clinical trials, to improve time to remission, by turning off the thrombotic process and improve mortality, using monoclonal antibody therapy. Genetically engineered ADAMTS 13 will be available for congenital TTP.",Research Grant,Closed,0,,,https://gtr.ukri.org/projects?ref=A3AF9064-9976-4489-8929-00A0044E24B7
A3E48C13-1CE2-41E2-81A3-014C09CD4A12,Ecological consequences of genetic variation: does genetic variation in a keystone parasitic plant species drive community response to infection?,"This work is concerned with the ecological consequences of genetic variation. Ecological communities are made up of populations of many interacting species. Different types of interactions between species (e.g. parasitism, competition, predator-prey interactions) will have different consequences for the individual players involved. The effects of interactions between two species can often also be seen on the whole community, in the presence, absence, abundance or behaviour of different species. Within a population of a single species, individuals will vary in their response to the environment and to other interacting species. If this variation has a genetic basis and is linked to the fitness of the individual it can be selected upon and the population can adapt and evolve. Genetic differences among individuals within a single species can change the outcome of the interactions between that species and other partners. These differences can often be seen at the community level as changes in species diversity or abundance. Changes in community species diversity caused by genetic variation within individuals can have large implications for the conservation and management of ecological communities and in how they respond to environmental change. The study focuses on the parasitic interactions of a single species with its hosts, how genetic variation within the parasite changes the outcome of interactions with host species, and the effect that this has on host community species diversity. The focal species is a parasitic plant called Yellow Rattle (Rhinanthus minor L.), which is common to grasslands in the UK, Europe and some parts of North America. Presence of Yellow Rattle within grassland can have profound effects on the wider community. Direct interactions with host plants indirectly change the competitive interactions between plants in the community, and can result in an increase in plant species diversity. Previous experimental work has shown that the outcome of interactions between Yellow Rattle and its hosts depends on genetic variation within host and parasite. The key aims of this work are to discover whether genetic diversity in the parasite population (high diversity verses low diversity), specific genetic identity of the parasite (the effects of individual genotypes), or geographic origin of the yellow rattle are important factors in determining the outcome of infection on the host community, and the resultant change in host community species biodiversity. Secondary aims are to examine the role that host species diversity plays in conjunction with parasite genetic diversity in shaping grassland community structure. The work will provide valuable information for conservation management policy on how important genetic diversity is in maintaining species biodiversity in ecological communities. The research will begin in 2011 and continue for 3 years. It will be undertaken at the University of Sussex, Falmer, Brighton and will build on current work by researchers at the University on the ecology of Yellow Rattle. Genetic analysis of Yellow Rattle will be undertaken at, and in collaboration with, researchers from the NERC Biomolecular facility in Sheffield.",Fellowship,Closed,0,,,https://gtr.ukri.org/projects?ref=A3E48C13-1CE2-41E2-81A3-014C09CD4A12
A4331025-F7E6-452F-ADDB-0000EE4638E3,Open Access Block Award 2022 - Edinburgh Napier University,"Abstracts are not currently available in GtR for all funded research. This is normally because the abstract was not required at the time of proposal submission, but may be because it included sensitive information such as personal details.",Research Grant,Closed,0,,,https://gtr.ukri.org/projects?ref=A4331025-F7E6-452F-ADDB-0000EE4638E3
A4347E1A-8191-4AA4-BB50-01AF344AC684,Enriching understanding of climate and energy related behaviours (Energy Behaviour Fellowship Follow On Fund),"Government policies across many fields are currently being steered by the concept of 'behaviour change' as a 'light-touch' alternative to regulation. Behaviour is neither simple to understand, nor to change. Current political circumstances have led to a high profile for a group of approaches that are aimed at 'nudging' behaviours, however the theories and understanding behind these are just one of a range of possible ways of interpreting the reasons people behave in the ways that they do. Not all behaviours are alike, and in terms of developing effective policies it is useful to have a range of possible approaches to choose from. For the non-expert though, understanding potential complementarities or conflicts between different approaches can pose a significant barrier to employing new strategies or to using a variety of methods, particularly when certain approaches may have more political acceptability despite potentially not being as effective.

The project will provide support to a range of stakeholders involved in developing and implementing policies around public behaviours in relation to energy usage and climate change. Following on from a successful 12-month social science placement Fellowship in DECC, the project will allow Dr Chatterton to build on the work and relationships already established in the Fellowship, in order to improve understanding with regard to a) public behaviours and social practices, and b) cross-departmental challenges in relation to climate change policies.

The project has support from the four government departments most closely identified with climate and energy related behaviours (DECC; the Department for Environment, Food and Rural Affairs (Defra); the Department for Transport (DfT), and the Department for Communities and Local Government (DCLG)). This will provide Dr Chatterton access to spend time within each Department (an average of one month per Department) to help them to implement the latest thinking on behaviours into policies, and through concurrently working with the various Departments, take the opportunity to help them better understand the overlaps and possible conflicts or synergies between their respective policies.

The project will also take the learning from the original Fellowship, as well as from the departmental working, and share it with a limited number of relevant stakeholders from businesses and NGOs working in the area. This will help them improve their understanding of current approaches to behaviour, so as to enable them to more effectively play a positive role in their work with government and the public.",Research Grant,Closed,0,,,https://gtr.ukri.org/projects?ref=A4347E1A-8191-4AA4-BB50-01AF344AC684
A4418727-8FB7-4A33-ADDC-0207129445F1,Opportunities for change? An exploration of the masculinities and capabilities of men in prison and the effectiveness of educational interventions,"Many prisoners deal with the &quot;pains of imprisonment&quot; (Skyes, 1958) - such as emotional turmoil,
deprivation and loneliness - by using behaviours which can be associated with extreme or problematic
masculinities (Taylor, das Nair &amp; Braham, 2013) including violence, self-harm and excessive drug use.
To give recent statistical evidence to support this phenomenon, Her Majesty's Prison Service (HMPS) has
seen record breaking levels of assault, death and self harm in recent years. The highest number of
deaths in prisons in England &amp; Wales were recorded in 2016- 354 in total. Self-harm is at an all-time
record high; there were 40,414 reports of self harm in 2017 and 119 self-inflicted deaths. Assaults have
also continued to increase dramatically; there were 28,165 assault incidents in 2017, the highest number
since records began (MoJ, Safety in Custody Statistics bulletin, 2018).
There are two key research aims of this project. The first aim is to explore the identities, practices and
belief systems relating to the more extreme or problematic masculinities of men in prison and how this
can affect their well-being or capabilities. The second aim is to explore whether existing educational
provision addresses behaviours effectively, and whether there are genuine opportunities for prisoners to
develop and move forward with their lives.
Sykes, G. (1958). The Society of Captives: A Study of a Maximum Security Prison. New Jersey: Princeton
University Press
Taylor, das Hair &amp; Braham. (2013) Perpetrator and Victim Perceptions of Perpetrator's Masculinity as a
Risk Factor for Violence In Aggression and Violent Behaviour (18:6)",Studentship,Closed,0,,,https://gtr.ukri.org/projects?ref=A4418727-8FB7-4A33-ADDC-0207129445F1
AE44A1E3-B3D9-493F-8087-00E5D8F89435,Modifying the bone metastatic niche by targeting hypoxic response: a novel therapeutic approach to reduce breast cancer metastasis?,"Background: 70% of patients with advanced breast or prostate cancer develop incurable bone metastases. These have devastating effects in patients being associated with pain, fractures, spinal cord compression and life threatening hypercalcaemia. The mechanisms driving targeted metastases are complex, requiring changes in both the primary tumour and the metastatic niche. The latter creates a permissive environment for the establishment of metastatic growths. Hypoxia is a physiological condition prevalent in solid tumours that is known to associate with metastases. Hypoxia directly induces pro-metastatic behaviour in tumour cells and upregulates a number of proteins associated with breast to bone metastasis including chemokine receptor-4, lysyl oxidase, receptor activator of NF-kB (RANK) and osteopontin. Hypoxia also plays a key role in the bone metastatic niche influencing both osteoclast differentiation and macrophage behaviour that are prerequisites for breast cancer cell colonisation. Hypoxia is a focus for anti-cancer therapies, either directly or via inhibition of oncogenic signalling pathways which impact on activity of the key hypoxia-associated transcription factor HIF-1. Our studies have previously demonstrated that hypoxia-targeted approaches can ameliorate metastatic phenotype in cancer cells, but we have not yet investigated what is co-incidentally happening within the niche environment.

Our aim is to model the influence of hypoxia, directly or through cross talk from the primary tumour, on the bone metastatic niche and investigate the utility of therapeutic approaches that target hypoxia-mediated cell signalling as a means to modify the propensity for metastatic progression to bone. 

Objectives: 
1) Investigate using media transfer experiments the impact of hypoxic-priming of breast cancer cells on osteoclast and macrophage differentiation under differing oxygen tensions
2) Profile cytokine changes that could impact response
3) Evaluate the effects of molecular targeted therapies on hypoxia-mediated changes
4) Apply in vivo methodology to investigate impact of primary breast tumours on the bone metastatic niche
5) Investigate in vivo impact of targeted approaches on niche formation and cancer cell colonisation

In vitro methods: Mouse bone marrow cells will be isolated from femurs and adherent cells treated with M-CSF (macrophage colony-stimulating factor) to generate bone marrow-derived monocyte/macrophage lineage cells [BMMs]. Metastatic breast cancer cells (MDA231, BT-549, 4T1; luciferase/EGFP tagged) will be cultured under varying oxygen tensions, media removed and applied to recipient BMMs also at varying O2. Osteoclast differentiation will be tracked via TRAP (tartrate-resistant acid phosphatase) staining with RANK-Ligand used as a positive control. Differentiation will be confirmed via pit formation assay (Osteo assay plates). Morphological changes in TRAP-negative BMMs suggestive of changes in macrophage polarisation/activation would indicate evaluation of Galectin-3. Experiments will be repeated in the presence of therapies targeting phosphoinositide 3-kinase (PI3K) and extracellular-signal-regulated kinase 5 (ERK5), known to converge at HIF-1 signalling. Cytokine arrays will be used to identify putative mechanistic drivers of effects.

In vivo methods: Breast tumours will be established in the mammary fat pad. Co-incidental bone specific changes will be imaged using microCT, and fluorescence imaging of MMP-9 activity. Tumour cell dissemination and changes in bone pathology will be investigated post-mortem. Primary tumours can be surgically removed, and/or treated with radiotherapy to extend experimental timeframe and increase likelihood of visible metastases which will be tracked by luciferase-imaging.",Studentship,Closed,0,,,https://gtr.ukri.org/projects?ref=AE44A1E3-B3D9-493F-8087-00E5D8F89435
AE52D505-FC88-4BD7-8DB8-00CCAA0EAE49,South Bank - ESRC/CLG Bursaries DTG,"Doctoral Training Partnerships: a range of postgraduate training is funded by the Research Councils. For information on current funding routes, see the common terminology at https://www.ukri.org/apply-for-funding/how-we-fund-studentships/. Training grants may be to one organisation or to a consortia of research organisations. This portal will show the lead organisation only.",Training Grant,Closed,0,,,https://gtr.ukri.org/projects?ref=AE52D505-FC88-4BD7-8DB8-00CCAA0EAE49
AE88FD6C-7C12-45E7-BCF4-00859BF82052,Improving predictive validity of tumour markers. Developing and validating predictive models using a nationally representative UK primary care databas,Improving predictive validity of tumour markers. Developing and validating predictive models using a nationally representative UK primary care database,Studentship,Closed,0,,,https://gtr.ukri.org/projects?ref=AE88FD6C-7C12-45E7-BCF4-00859BF82052
AEA7A0C1-1767-4D72-B7C8-00C238E4A0B8,"Shifting climate as a predictor for change in marine biodiversity at local, regional and global scales","Climate change affects everyone and every living thing on the planet. There is a general agreement among scientists that the world is warming, and that burning coal, gas and oil by people is the main reason for this, through the production of greenhouse gases, primarily carbon dioxide. 
 
As people living in poverty are vulnerable to the effects of change, so are those organisms living near their tolerance limits for temperature, and other environmental factors, at the edges of their geographical ranges on the planet. A small increase in temperature might mean little to those in the middle of their comfort zone but, to those animals and plants already at their extreme limits, this can mean the difference between life and death. Small warming in global and regional temperatures will mean that new environments, that were previously too cold, will become habitable thus extending current distributions whereas, at the other end of the scale, some areas will start to experience temperatures that are too warm and the organism dies out in the region. Thus, the patterns of temperature change can be used to show how species' boundaries could shift as a consequence of climate change.

Similarly, temperature can be the signal for when many animals breed, start migrating and for when plants grow, flower, and fruit. In a warming world spring temperatures are becoming earlier and autumn temperatures are delayed, so if animals or plants are to operate best in their new climates they should adjust when they undertake their seasonal events like mating or producing leaves and flowers.

We have developed a way of turning measurements and projections for climate change into expectations for changes in animals and plant distributions, using an existing measurement called the 'velocity of climate change', and for changes in seasonal events, using a new approach developed by ourselves called the 'seasonal climate shift'. These measures show by how much life should have shifted its operations over the last 50 years to stay in the same temperatures. In this project we wish to see how well this new approach matches up with observed responses of marine life to climate change in order that it can be used by conservation and wildlife decision makers. The sources of biological evidence have already been compiled into a database, but the detailed comparisons have not yet been made.

Our project has six aims:

1. We wish to compare patterns of velocity and biodiversity across the globe, and see how life in fast moving climates differs from that in slow moving climates.

2. We want to see whether there will be a loss of species in some areas and a gain in others, for example where land obstructs the climate-driven movement of life in the ocean, as predicted by the patterns of movement of average temperatures. 

3. Velocity of climate change allows us to predict by how far and at what rate life should have moved over particular periods. We want to compare our predictions with observed changes, and see how well these match up.

4. In a similar way, our 'seasonal climate shift' will be used to predict the changes in timing of seasonal events for those changes in timing already reported and for changes in timing that have not yet been analysed in this way.

5. We will make predictions on the effects of future climate-related change by applying our methods to the ocean temperatures predicted by global climate models for 2010-2100. 

6. Finally, we want to make the findings of the project as widely applicable as possible. We will start this process by preparing recommendations for the layout of protected areas in the ocean to allow for the longest possible effects of any protection, to help life move from one place to another while still enjoying protection, and to help manage change in seasonal efforts like fishing.",Research Grant,Closed,0,,,https://gtr.ukri.org/projects?ref=AEA7A0C1-1767-4D72-B7C8-00C238E4A0B8
AED6A1A0-7FC7-4C96-83B8-01A16E83788B,ABC: use of Azolla for Biomining of heavy metals towards a Circular bioeconomy,"Azolla is a small floating fern which grows vigorously due to its highly adaptable nature and symbiotic relationship with a nitrogen-fixing cyanobacteria. Azolla has an interesting root system, which can be discarded and regrown to suit a changing aquatic environment. This allows the plant to adapt to water contaminated with heavy metals, and provides a route towards exploiting this for repurposing Azolla into a biological biomining agent. 
Each year, Europe produces an estimated 200,000 tonnes of spent consumer batteries. In addition to being a significant source of waste, these batteries also contain high levels percentage of hazardous heavy metals. To improve the sustainable use of batteries, conserve natural resources, and minimize environmental degradation, novel biotechnology routes towards heavy metal biomining are required.",Research Grant,Closed,0,,,https://gtr.ukri.org/projects?ref=AED6A1A0-7FC7-4C96-83B8-01A16E83788B
AF689FC2-8F35-4945-A6A4-020E9F7066AA,ABC2ALL,"Abstracts are not currently available in GtR for all funded research. This is normally because the abstract was not required at the time of proposal submission, but may be because it included sensitive information such as personal details.",EU-Funded,Closed,0,,,https://gtr.ukri.org/projects?ref=AF689FC2-8F35-4945-A6A4-020E9F7066AA
AF885EFA-A3F1-4DA9-868D-005C251F9955,Collective behaviour of cognitive agents (renewal),"Human interactions are substantially more complex and intensive than our nearest primate relations, as well as other vertebrate species. Nonetheless, as in animal groups human sociality is an adaptive response and can be understood as the product of natural selection. However, more than most animal species, humans now live in a physical and social environment far removed from that in which these social responses evolved, and one that continues to change rapidly. Novel transport and communications technologies exposed individuals to an ever-increasing number of potential interactions throughout modern history, and individuals can obtain social benefits, status and belonging in a number of loosely connected communities, such as their workplace, friendship groups and online forums. The rapid pace of change means that our instinctive social responses may now be unsuitable for the types of groups we inhabit, and for the quantity and quality of social information that we receive. 

The potential pitfalls of human collective behaviour are well established, ranging from crowd panics to stock market crashes. Many scholars have described taxonomies of cognitive biases in human decision-making as explanations for apparent human irrationality. However, others have argued that such irrationality is not simply the result of cognitive limitations but stems from the divergence between the environment humans evolved in and that they now inhabit. A limitation of mapping human biases is that such a map serves to document how decisions are made at the time the map is made, rather than to predict how further changes will influence decision-making. To understand how ongoing changes in the social world will be reflected in human decision-making, we must identify what individuals are trying to accomplish when they make decisions, and what implicit knowledge and beliefs they draw on in trying to achieve those goals.

This fellowship extension will develop a first-principles theory of human social interaction, focused on how individuals use social information (observing what others have done or said) to inform their own choices and expression of opinions. This will extend on the research in the first stage of the fellowship that focused on social information use in animal groups. The key novelty in considering human groups consists in two parts:

1. The large discrepancy between the present social environment and that which human sociality evolved. In the first stage of the fellowship I explored how some such discrepancies might occur in animal groups, and the likely consequences, considering for example different physical environments in the wild and in the laboratory as an explanation for observed behaviour differences in these contexts. However, for human groups these differences are more pervasive, since the 'wild' environment is now also substantially changed. Moreover, recent developements have substantially altered the social environment, rather than the physical environment, in which most people now live. I will investigate how individuals' implicit beliefs about the social world, shaped by evolution within a different social environment, determine how they react to social information in the modern world of global interconnectivity.

2. Whereas in animal groups the goal was to understand what drives social interactions between individuals, in studying human groups I will seek to develop strategies for improving these interactions so as to enable the best of collective intelligence to emerge from human groups. That is, to identify how pathologies of collective behaviour emerge (such as vulnerability to misinformation, or mass panics) and what interventions can reduce these risks.

This research program will ultimately deliver a robust understanding of human social behaviour that predicts the consequences of changes to the social environment, allowing the design of strategies for maximising collective wisdom in the modern world.",Fellowship,Active,0,,,https://gtr.ukri.org/projects?ref=AF885EFA-A3F1-4DA9-868D-005C251F9955
AFE6BF90-EBC4-439B-865C-01783E672153,Building Japanese research capacity around disability studies and sport to positively impact the lives of people with disabilities - 2020 and beyond,"The aim of this bid is to expand an already existing international collaboration and foster a long term sustainable multi-partner network in order to further develop our understanding in the field of disability studies and sport (DSS). This project will bring together a network of Social Sciences, Arts and Humanities (SSH) researchers across the UK and Japan, including ECRs, who will both strengthen and develop current relations. In 2020 Tokyo, Japan, will become the first city to host the Paralympic Games twice, having previously hosted them in 1964. This, therefore, provides an ideal opportunity to both meet the aims of this grant call, whilst at the same time improving our understanding of the field of DSS by furthering our cultural understandings of people with disabilities (PWD) using an interdisciplinary approach that adopts participative methodologies to foster co-creation of new knowledge in the field.

The researchers from the UK come from three universities: Coventry, West of Scotland and Worcester). The Japanese network members are drawn from three universities based in or around Tokyo: Juntendo, Tsukuba and Waseda, as well as one publicly-funded non-academic research body: the Nippon Foundation Paralympic Research Group. The Japanese group also includes the founding Director of the Co-Innovation Laboratory (COIL) who will act as a stakeholder representative and a direct conduit to groups of PWD in Tokyo with whom COIL work towards achieving an inclusive society. Both the UK and Japanese networks include experienced and early career researchers as the project is designed to make this area of research sustainable over the long term by involving and developing the capacity of young researchers who will lead the field in the years to come. The two groups of researchers will experience a programme of knowledge exchange and collaborative research planning (in both the UK and Japan), assisted by other key stakeholders including PWD and policy makers in Japan, to which various members of the overall network already have access. This will culminate in a planned longitudinal programme of collaborative research to take place before, during and up to four years after the Tokyo 2020 Paralympic Games that will form the basis for a larger funding application to be written as the final part of the proposed project. 

As a baseline, the planned research programme for the larger bid will be aimed at investigating many of the claims made by the International Paralympic Committee (IPC) that are often repeated by Paralympic host city organising committees, regarding the potential social impact of sport and the Paralympic Games themselves upon the lives of PWD in the host country. These include: improved health, greater inclusion, better transport and infrastructure, environmental accessibility, enhanced support services and improved attitudes towards PWD amongst the non-disabled population (Brittain, 2018). This would be underpinned by a narrative analysis of the role of prejudice and normative values within Japanese society using ableism as a lens to see how disability is currently constructed and the impact hosting the Paralympic Games has on this narrative.",Research Grant,Closed,0,,,https://gtr.ukri.org/projects?ref=AFE6BF90-EBC4-439B-865C-01783E672153
B00BC5C3-F710-43C6-A7A5-00CA3FB2148F,Combinational and Homotopy Theory of Classifying Spaces of fusion Systems,"The concept of p-local finite groups provides a natural framework to explore the deep relationship between Topology and Algebra. Since the introduction of p-local finite groups there is a growing interest in the subject by both representation theorists and topologists, yielding fresh interdisciplinary research contacts between researchers in these areas. The new theory gave rise to interesting results, as well as fascinating new questions.Underlying a p-local finite group is a finite p-group S together with two categories. The first category is called a saturated fusion system over S which is a central object in modern Group theory. The second category, called a centric linking system , is an ingenious development of Broto, Levi and Oliver. It endows the fusion system with, among other things, a classifying space which establishes the link to Topology. Our aim in the project we propose is to explore these spaces. We review below a few of the themes in this project and give a more elaborate description in the Case for Support.The main new ingredient in p-local finite groups, that was not available before, is their classifying spaces. Our main goal is to understand the homotopy type of these spaces. The benefit is twofold. First, such information is crucial to the understanding of mapping spaces between p-local finite groups. This is an ultimate goal of the theory, in fact, p-local finite groups were motivated by the desire to understand the mapping spaces between p-completed classifying spaces of finite groups. Second, by having a grip on algebraic invariants of the classifying space of a p-local finite group, for example its fundamental group, we aim to recover the p-local finite group from its classifying space by a purely combinatorial procedure, rather than the complicated topological one, which is currently at our possession. Such a construction is desirable because it will make the topological data in the classifying space more accessible to group theorists.There are two approaches we will exploit to achieve our goals. The first approach is to use homotopy decompositions. The philosophy behind this approach is to approximate the classifying space under consideration by gluing together simpler spaces. Then one analyses each one of the components and the gluing information in the decomposition. This procedure has a long history, but the known methods cannot be applied to p-local finite groups. Fresh ideas are needed to apply the philosophy of decompositions in the new setup.The second approach is the usual one in Algebraic Topology, that is, to study algebraic invariants of spaces. So far only the cohomology rings of the classifying spaces of p-local finite groups are understood. Our aim is to introduce and study more algebraic invariants that will reflect the combinatorics in the two categories underlying a p-local finite group.Funds are requested to cover the cost of a full time research assistant for 24 months.",Research Grant,Closed,0,,,https://gtr.ukri.org/projects?ref=B00BC5C3-F710-43C6-A7A5-00CA3FB2148F
B0323EDC-FBE5-47F7-B781-01582D87BEBF,"Development of a novel oral vaccine platform using spores of probiotic, Clostridium butyricum, for heterologous antigen display","The original project was focused on exploiting Escherichia coli as a chassis strain for the expression and purification of protective antigens from Clostridium difficile for coating onto a liposomal-based mucosal vaccine platform. This project focuses on genetically engineering the probiotic, Clostridium butyricum, to express C. difficile antigens on the spore coat. The recombinant C. butyricum spore will act as a live vaccine targeting the intestinal mucosa following oral administration.",Studentship,Closed,0,,,https://gtr.ukri.org/projects?ref=B0323EDC-FBE5-47F7-B781-01582D87BEBF
B0B58129-7B15-4D0E-AE9B-01A7FDD89ADA,Latin America and the peripheral origins of nineteenth-century international order,"Debates about the state of the international order have leapt from academic journals to the front pages of newspapers and into the discourses of policymakers concerned about sustaining cooperation to address global challenges. International order-a complex of international norms, institutions, and practices that helps structure world politics-is understood to be challenged from without by the rise of new powers and weakened from within by a hollowing out of support from key states. This attention has driven scholarly attempts to better understand international order's foundation and evolution-and to criticize assumptions of that order's beneficence. 

Many of the norms, institutions, and practices that underpin today's order emerged in the nineteenth century; the great power bargains that shaped the order were intertwined with the expansion of empires and imposition of racial hierarchies. Scholarship in both global history and international relations increasingly understands the nineteenth century as a pivotal moment in the development international order. This project seeks to better understand the role of Latin America in this process-how did Latin American states shape and how were they shaped by their interactions with these foundational international projects? Given its status during this period-mostly independent but bereft of great powers and marginal to European international society-Latin America has been largely absent from discussions of international order or seen through the lens of their relations with the United States. This absence matters if we want to better understand how projects of international order relate to countries outside their cores. Our research will further de-center understandings of international order's creation and examine the constraints and possibilities for peripheral influence.

The period was also pivotal for Latin American state consolidation and international insertion. Latin America was long presumed to be an illiberal backwater during the nineteenth century; however, recent scholarship of the history of political ideas has shown the vibrancy of liberalism and republican projects and practices. Legal history, in turn, has emphasized the relevance of legal traditions and the way in which they informed state formation and international relations. However, we still know little about how domestic and international practices were connected; as such we propose the examination of &quot;Latin America republican internationalism&quot; as a lens through which to examine how domestic politics were manifested in diplomatic practice. The research will benefit global historians, international relations scholars, and historians of republicanism and liberalism in Latin America's nineteenth century.

The project will examine these developments from 1864-1919 through original archival research in Argentina, Brazil, Colombia, Mexico, and the USA. We will focus on key moments, such as international and regional summits and the creation of international organizations, and re-engage the region's international intellectual currents. We seek a better understanding of how republicanism and liberalism shaped Latin American diplomatic practices, how Latin America's peripheral position affected its engagement with projects of order-building, and how its proposals may have influenced practices of multilateralism. The initial period starts with the First Geneva Conference and is marked by the growing domestic consolidation and international economic insertion of Latin America. At a global level, it was characterized by early creation of international public unions and larger projects of inter-imperial international order-building. From about 1889, we enter a second period in which disparate diplomatic initiatives begin to coalesce into forms that resemble today's international organizations. Many of these bodies exist today or have been reborn in the post-Second World War institutional architecture.",Research Grant,Active,0,,,https://gtr.ukri.org/projects?ref=B0B58129-7B15-4D0E-AE9B-01A7FDD89ADA
B10C0B15-61A6-4A9A-8D66-00FBF661195B,To observe and document SES-related individual differences in L1 ultimate attainment,"This project seeks to observe and document SES-related individual differences in L1 ultimate attainment, by recording adult native speakers' grammatical competence in online reading and comprehension tasks and exploring the potential relationship between SES-related correlates and lateacquired, syntactically complex constructions. A growing body of research has demonstrated that some native speakers do not fully master basic grammatical constructions in childhood (or even by adulthood), challenging the widely held assumptions of Chomskyan L1 acquisition device (see most recent review in Kidd et al., 2017). It has also been extensively evidenced that individual variation in ultimate L1 attainment is related to socioeconomic status (SES) (Warren, 2015; Greenfield and Moorman, 2018). Low SES has been shown to restrict access to a high-quality education and other non-linguistic variables such as exposure to print, potentially having a negative effect on later life chances (Field, 2010; Koster et al., 2006; Dabrowska, 2018).",Studentship,Closed,0,,,https://gtr.ukri.org/projects?ref=B10C0B15-61A6-4A9A-8D66-00FBF661195B
B1AC346A-A171-4C1F-B95D-01ABEFAF5E91,Industrial CASE Account - University of Leeds 2015,"Doctoral Training Partnerships: a range of postgraduate training is funded by the Research Councils. For information on current funding routes, see the common terminology at https://www.ukri.org/apply-for-funding/how-we-fund-studentships/. Training grants may be to one organisation or to a consortia of research organisations. This portal will show the lead organisation only.",Training Grant,Closed,0,,,https://gtr.ukri.org/projects?ref=B1AC346A-A171-4C1F-B95D-01ABEFAF5E91
B1B8C72F-E543-4E4A-9985-00CC2A9877C3,"Game theoretic approaches for the mathematical control, modelling and optimization of interactions between autonomous vehicles and other road users","The rapid advance in the development of autonomous vehicle (AV) technology has brought their widespread deployment to the near horizon. As well as their use in personal transportation, small robots such as the Starship have been designed to provide small goods deliveries such as groceries. However, deploying AVs in dense urban areas is a major unresolved challenge, given their need to interact safely and efficiently with regular vehicles, pedestrians and cyclists. The purpose of the PhD study is to explore the application of mathematical game theory to represent, understand and design such interactions. Such techniques have been found to be previously useful in designing safe transportation systems (Elvik R, 2014: A review of game-theoretic models of road user behaviour. Accident Analysis &amp; Prevention 62: 388-396). Building on research in the on-going research projects CityMobil2 and interAct, and in the expertise of the supervisors in modelling and optimization of transport systems, the research will involve formulating alternative mathematical models, implementing and testing them computationally, and devising appropriate optimization/control mechanisms for both the AVs and the infrastructure, in order to ensure safe and efficient movement for all road users",Studentship,Closed,0,,,https://gtr.ukri.org/projects?ref=B1B8C72F-E543-4E4A-9985-00CC2A9877C3
B1BA32CF-C94E-49CA-8541-00790F999A88,Bangor University And Aneurin Bevan Health Board,To create and disseminate nationally a bespoke interactive self-management package that greatly advances the independent living capabilities of patients.,Knowledge Transfer Partnership,Closed,0,,,https://gtr.ukri.org/projects?ref=B1BA32CF-C94E-49CA-8541-00790F999A88
B1DC0121-F76E-4643-BF9E-0080812885A4,Intelligent engineering of multicomponent drug crystals,"Only one in five thousand drug molecules that are developed, reaches the market. One of the main factors for this low statistic is the fact that these drugs cannot be formulated in a way that can be easily dissolved and made readily available in the body to have the therapeutic effect required. For decades, researchers in academia and industry have been trying to improve this physical property of drugs by growing stable solid forms with other safe molecules. However, the success rate of finding a winning combination of drug and a co-former that is stable and has improved solubility is dwindling. With only eight such formulations known in the market, we need improved methods to enable higher success rates. Machine learning is now fast becoming the method that tackles such combinatorial issues. This project brings together key experimental information such as the molecule’s solubility in solvents and cutting-edge inter-molecular interaction information from synchrotron X-ray scattering techniques, together with state-of-the-art computational methods. All this information on how the drug molecule behaves in liquid state as well as in solid state will be probed using machine learning models build on known successful solid forms and will be tested to predict the formation of new solid forms.
This project would advance finding solutions to challenges in data science such as brining in different kinds of data together in a single model as well as help advance technical abilities at central facilities for the study of soft matter systems. A successful model that continues to be developed and added to, would see the production of new stable drug solid forms with improved solubility reaching the market in record times. This would also prove to be a leap towards being able to personalise medicine in a sustainable way.",Research Grant,Active,0,,,https://gtr.ukri.org/projects?ref=B1DC0121-F76E-4643-BF9E-0080812885A4
B20F339C-09A1-4C63-9FD1-012058FCCB9B,Whole genome SNP panels for genotyping experimental chicken lines- a vital BBSRC resource,"The chicken DNA sequence bridges the evolutionary gap not previously covered by any other animal, sharing a common ancestor with mammals as long as 310 million years ago. Like genetic studies in mice, the chicken may also provide important evolutionary data on vital genes and how they influence such things as disease resistance and health. Identifying these qualities is only possible when the full extent of genetic differences between animals is available. We are now entering the genetic era of livestock research, made possible by the recent publication of the genome sequence of the Chicken, and the resource of over 3 million genetic variations for the chicken genome in the publicly available Beijing Genomics Institute database. However, the data generated for these genetics variants is from only three animals - a 'typical' layer chicken, a 'typical' broiler chicken and a Chinese Silkie chicken. Although this is a very valuable tool, little is known about the level of genetic variation within and between different breeds of chicken, particularly those used in scientific research and by commercial breeders. The Institute for Animal Health (IAH) is pre-eminent in Europe in its ability to develop approaches to understand host-pathogen relationships in farm animals. The inbred chicken lines housed at IAH are a vital BBSRC-resource used by research centres throughout the EU. The 10 different chicken lines have been selectively bred and vast amounts of data collected over the past 30 years and are unique genetic resources that provide the ability to understand the genetic basis for important traits. As most of these chicken lines are of layer origin they will only contain variations that are specific that line. Our aim is to screen two panels of over 6000 variations and determine a set of variants to be used for comparative studies in each of the inbred lines. Using these genetic markers we will then be able to map traits unique by analysis of genetic crosses of the relevant lines. The tools and resources that will result from the work proposed in this application can be used to fill this knowledge gap, making the identification of genes for important traits a feasible goal. The accessibility of resources for a set of genetic variations for each of the inbred chicken lines will provide genetic tools that will support advances in poultry genomics and enable delivery of results through scientific research to the consumer. Comparisons of these inbred chicken lines may also be very important in answering immunological questions, including some topics of particular importance for human health, such as avian influenza. Furthermore, accessibility of high density maps for genetic variation in the chicken genome will provide enormous opportunities to understand and exploit the genetic control of complex traits to the benefit of poultry flocks, the UK poultry industry, the consumer and the environment.",Research Grant,Closed,0,,,https://gtr.ukri.org/projects?ref=B20F339C-09A1-4C63-9FD1-012058FCCB9B
B2266189-D7E8-4D47-9DE2-01DA09CBAAF2,Investigating Adolescent Violence towards Parents,"Abstracts are not currently available in GtR for all funded research. This is normally because the abstract was not required at the time of proposal submission, but may be because it included sensitive information such as personal details.",Research Grant,Closed,0,,,https://gtr.ukri.org/projects?ref=B2266189-D7E8-4D47-9DE2-01DA09CBAAF2
B2393A1E-FC65-45CB-9C50-0080D30E5F15,The influence of city planning policies on the effectiveness of industrial heritage regeneration processes in UK cities with developed real estate mar,"The industrial past of many big cities is reflected through an impressive amount of land occupied by former factories. To cope with the declining industrial heritage, every postindustrial city government has to create and implement industrial regeneration policies (as a part of the planning policy). The effectiveness of such policies depends on how they are used, and whether the framework of the regeneration process brings more limitations or opportunities for developers and investors. 
The proposed research will focus mainly on British cities with high concentrations of industrial heritage and highly developed real estate markets. The aim is to determine whether and to what extent former industrial areas' regeneration policies influence businesses that conduct regeneration projects and with which impact on local residents, city economies and sustainability. This project seeks to improve the quality of collaboration between private and public sectors in the process of industrial heritage regeneration through the planning policies' effectiveness. This is supported by the main research question: How do city planning policies in British postindustrial cities with developed real estate markets influence the effectiveness of industrial heritage regeneration processes? To answer the research question, the achievement of several objectives will be needed. These are to:
1 Establish the most accurate definition of the built industrial heritage for the needs of the undertaken research.
2 Select case-study cities mainly within the UK that comply with the worked-out criteria: a) existence of a vast industrial heritage; b) developed real estate markets (mainly in terms of availability of sufficient market data); c) developed industrial heritage regeneration programmes.
3 Set up the criteria for evaluating the effectiveness of the industrial heritage regeneration process. 
Thus, for this research, I will need to collect some secondary data about best practices of industrial heritage regeneration and primary data regarding the redevelopment policy-making indicators and the attitude towards them from the private sector. I will use a literature review research method to collect the required secondary data and a combination of interviews and case study methods of qualitative research to collect the primary data that is needed. The reason for such a choice is that the research seeks to gain a deeper understanding of how the decisions in regeneration policy making are made. Moreover, it will be crucial to find out businesses' attitudes to such planning frameworks. Thus, the qualitative method is the most suitable. Nevertheless, some documents and market data analysis (including some quantitative approaches) will be used as well to support the findings made during the case studies and interviews. 
This research will contribute to industrial heritage regeneration knowledge in general and specifically - to the public sector's role in regeneration processes. I will aim to make a step towards understanding the most efficient planning framework for industrial heritage regeneration projects and planning activities mostly demanded by private development businesses to make the regeneration process more feasible. Moreover, I hope that based on my research, there will be a chance to make regeneration policy recommendations that might be useful in future planning policy-making activities.",Studentship,Active,0,,,https://gtr.ukri.org/projects?ref=B2393A1E-FC65-45CB-9C50-0080D30E5F15
B2B481CD-9947-4308-924D-01F9FB7AB4EA,Can small scale mechanical test data be used for structure critical design?' is it in collaboration with Culham Centre for Fusion Energy (CCFE) and my,"This PhD project will investigate the effect of helium on the diffusion of hydrogen (used as an analogue for tritium), in Li-containing ceramic materials, and develop a conceptual model of helium bubble formation and thermal evolution. Li-ceramics are candidates for the tritium breeder blanket material surrounding a fusion reactor core, in which tritium is produced by the transmutation of lithium following capture of a fusion neutron. The production of tritium also results in the formation of helium atoms. This project will investigate whether, at predicted breeder blanket operating temperatures, helium atoms will agglomerate to form helium bubbles; helium bubbles preferentially nucleate at grain boundaries or at intrinsic defects; and if bubble formation and evolution is dependant on material microstructure and composition. The second part of the project will investigate if helium atoms/bubbles act as trapping sites for hydrogen, reducing hydrogen diffusion. If hydrogen retention is found to increase due to the interaction of helium, this could have implications for tritium diffusion. Reduction in tritium diffusion would reduce efficiency and affect the life-time of the breeder blanket. Candidate Li-ceramics will be produced by, for example, solid-state synthesis. Ion implantation will be used to incorporate helium and hydrogen into selected materials and material microstructure and ion implantation induced defects characterised by XRD, SEM/EDX and TEM. The effect of helium atoms/bubbles on hydrogen diffusion will be investigated using thermal desorption spectroscopy (TDS). This research will develop our fundamental understanding of gas ion interactions in ceramics, which is also relevant to nuclear fission applications e.g. the accommodation of fission gasses in nuclear fuels, and accommodation of helium in actinide containing ceramic wasteforms",Studentship,Closed,0,,,https://gtr.ukri.org/projects?ref=B2B481CD-9947-4308-924D-01F9FB7AB4EA
B2CB163C-BBE7-46EF-B83B-019D159943B6,Prosperity Partnership Call 3 Strategic Students-Toshiba and University of Bristol,"Doctoral Training Partnerships: a range of postgraduate training is funded by the Research Councils. For information on current funding routes, see the common terminology at https://www.ukri.org/apply-for-funding/how-we-fund-studentships/. Training grants may be to one organisation or to a consortia of research organisations. This portal will show the lead organisation only.",Training Grant,Active,0,,,https://gtr.ukri.org/projects?ref=B2CB163C-BBE7-46EF-B83B-019D159943B6
B31957AE-A13B-46B0-B433-00D6F20B0130,Development and integration of an embodied conversational agent for the workplace,"We seek to explore how conversational agents can interact with people within the workplace environment. However, we want to move away from the traditional receptionist or service delivery embodied agents that have already been trialled in various public and private spaces.
RQ1: Can we train a conversational agent to effectively facilitate and interact in multi-party meetings within a real world setting?
RQ2: Can we move away from a command based approach to natural cohesion between agents and humans in the real world?
RQ3: How does embodiment affect the acceptance of the agent in the workplace?",Studentship,Active,0,,,https://gtr.ukri.org/projects?ref=B31957AE-A13B-46B0-B433-00D6F20B0130
B322A237-8D39-42A1-B698-0143E645A1B9,"&quot;Deportation, regardless of justice: An examination of the experiences and effects of the 'deport first, appeal later' policy on foreign national pris","Criminological research into borders, the mass movement of people and, perhaps more importantly, the associated (perceived) necessity to control migrant populations has become a burgeoning and essential field of study. In an ever more global society where people are increasingly mobile and able to cross borders, it is unsurprising that there has become a perceived need for control of migrant populations. However it is the control methods that are being employed to manage these globalised citizens that are cause for concern, particularly for criminologists (Sudbury, 2005). In the UK, 2014 saw the introduction of new policy aimed at increasing the efficiency of deportation of foreign national prisoners. Existing provisions of the 'deport first, appeal later' policy were ratified by the Immigration Act 2014 and in its first year of being actioned, some 230 foreign national prisoners have been deported without the prior possibility of appealing the decision (Home Office, 2016). Those that receive a deportation order from the Home Office under the new legislation are unable to appeal the order until after they have been deported, meaning they must file the appeal from the receiving country. The austere rationale for this policy was stated by then Immigration and
Security Minister James Brokenshire, &quot;the deported then have the right to launch an appeal from their own country, rather than clogging the British justice system - costing UK taxpayers time and money in fighting the cases through the courts.&quot; (The Guardian, 2015).
Deportation of foreign national prisoners has been a priority of the Home Office since 2006, and in that time there has been a significant amount of change in immigration policy and legislation. These changes have resulted in immigration systems and penal systems working ever more closely with the aim of increasing efficiency of foreign national deportation (Bosworth, 2011: 583). The introduction of the 'hubs and spokes' prison system meant that immigration policy was firmly embedded within the penal system (Kaufman, 2015) and the 2007 UK Border Act introduced mandatory deportation to all non-EEA citizens serving a custodial sentence of more than 12 months (Bosworth, 2011). The 2014 UK Border Act, which includes the 'deport first, appeal later' provision, is the latest in policy developments concerning deportation of foreign national prisoners and is arguably the most punitive of recent times. According to the Home Office, the number of foreign national prisoners removed from England and Wales via deportation is the highest it has been since 2009 and, in the last year, the deportation of foreign national prisoners has increased by 8% (Home Office,
2016b). Prior to this policy being introduced, foreign national prisoners appealing against deportation decisions could not be removed from the country until their appeal rights had been exhausted. A number of concerns are raised by the introduction of this new policy, not only in relation to the increasingly draconian nature of immigration policy and legislation, but also to the practical implications of such policy on the lives of the deportees and their families. This is particularly true in light of the fact that, so far, very few of the appeals that have been lodged have been upheld. Of the 230 people deported in the period 2014-2015, only 67 lodged complaints and of those, just 3 cases have been determined - all of them dismissed (Home Office, 2016). The proposed research will - as well as exploring experiences of the policy - contribute to an understanding of this scarcity of successful appeals. Removing the timely right to appeal within the UK is likely to inflict additional pain, trauma and trouble to this group of people and it is this potential extension to
the pains of imprisonment that I seek to explore by undertaking the research presented below.
In order to address this, it will be necessary to consider what is meant by punishment within the scope of",Studentship,Closed,0,,,https://gtr.ukri.org/projects?ref=B322A237-8D39-42A1-B698-0143E645A1B9
B32D3003-D40D-4F43-A29B-010C33E00EE3,Transformative Imaging for Quantitative Biology (TIQBio) Partnership,"The Transformative Imaging for Quantitative Biology (TIQBio) partnership aims to develop disruptive technology for the benefit of UK Plc and for solving problems in industry and academia. The mainstay of current imaging methods to look at pre-clinical biological samples is fluorescence microscopy. This technique relies on the use of tags, which emit light when illuminated by the microscope, allowing the location of the structures or molecules to which they are attached to be determined. Insertion or attachment of a tag is an invasive process for any living system and can alter its behaviour and the way it functions. Furthermore, all living systems, tissue and cells are inherently 3-dimensional. Therefore to image in 3D one has to point-by-point collect fluorescence signal and reconstruct an image. This is a very slow and damaging process especially for 3-D live samples that represent real-life conditions. For discovering new drugs or for studying mechanisms in diseases or healing it is obvious that one should use conditions that are as near to real life as possible, before human testing. This is why most biomedical researchers and industrial sectors that operate in the area of diseases, drugs or therapeutics want to use life-like samples. At the moment however, the tools to image them in 3D and in an unperturbed, non-damaging manner simply do not exist. Furthermore, it is desirable to work at the highest resolution so we can see the smallest things that exist at the nanoscale in such biological systems and obtain holistic information about the chemical composition and structural order. This information will reveal unprecedented insight and hence help understand diseases or why a particular drug candidate does or does not work allowing better ones to be made. TIQBio will address these challenges so that unperturbed, live imaging can be carried out at an unprecedented resolution level in full 3D, with holistic information from multiple readouts carried out rapidly on 100s of test biological models. These innovative tools and technologies will allow the discovery of drugs to be improved, reduce costs for bringing a drug to market benefiting the pharma industry and patients alike. Patients with rare diseases or in lower income countries may gain access to new drugs because of the proposed disruptive technology. Biomedical researchers will benefit as they will be able to understand phenomena without misleading results due to tags; the use of real life-like models will better inform or protect the public through the development of therapies or defence countermeasures.",Research Grant,Active,0,,,https://gtr.ukri.org/projects?ref=B32D3003-D40D-4F43-A29B-010C33E00EE3
B33BE9A5-2259-4923-B1E9-004DD41A4A4B,Understanding host factors that regulate the hepatitis B viral epigenome,"Hepatitis B virus (HBV) is a global cause of liver disease. At least 300 million individuals are chronically infected with HBV, leading to over 800,000 cases of life threatening liver cirrhosis and cancers every year. Current therapies limit HBV infections, but do not eradicate the virus from the body, leaving patients at risk of viral reactivation and developing liver disease. Upon infection of the target cell, viruses need to induce expression of viral encoded genes that are essential for replication of the viral genetic material and production of progeny virus. Persistent viruses, such as HBV, also need to manipulate the host cell environment to support long-term infection. This project aims to understand the molecular events that regulate HBV gene expression following infection and support the persistence of HBV DNA. Following viral entry, HBV DNA enters the host cell nucleus and is bound by host cell proteins called histones that serve to organise genetic material into areas where genes are switched on or off. The precise arrangement of these genetic hubs is vital for controlling gene expression and requires further investigation. We have identified the host cell protein CTCF as a key regulator of HBV gene expression. Since CTCF plays an important role in the formation of physical boundaries between active and inactive gene expression hubs within the host genome, we predict that CTCF plays a critical role in regulating HBV gene expression and establishment of chronic infection. We will dissect the molecular organisation of the HBV chromosome and determine the function of CTCF recruitment on HBV gene expression regulation. An in-depth analysis of how these host factors organise viral gene expression immediately after infection and in chronic, persistent HBV infection will provide a step-change in our understanding of this important human pathogen. The novel insights into the HBV life cycle that we will contribute throughout this study are vital in the future design of novel anti-HBV strategies that will be useful in the treatment of chronic HBV infection.",Research Grant,Closed,0,,,https://gtr.ukri.org/projects?ref=B33BE9A5-2259-4923-B1E9-004DD41A4A4B
B3502135-6820-437E-8C41-00E1440AF425,Development of beneficial microbiome communities to increase the resistance against abiotic stress in Carica papaya and Capsicum annuum,"Mexico, with Colima State as main producer, is the main exporter of Carica papaya and Capsicum annuum. Abiotic stress such as drought and heat are the major cause of fruit losses for both crops, a situation predicted to worsen under the prospect of changing climates. Enhancing crop productivity under changing climates is therefore of outermost importance to increase crop resilience against abiotic stresses. This requires new strategies that are more efficient and sustainable in protecting Carica papaya and Capsicum annuum against a broad range of abiotic stresses. 
In nature, plants interact with complex microbial communities, known as microbiomes. Microbiomes include a broad spectrum of beneficial symbionts exhibiting a diversity of beneficial activities that can protect plants against environmental stresses. In fact, symbiont-mediated stress protection enabled plants to colonise land in the changing climates of the Mid-Palaeozoic era more than 400 million years ago. Ever since symbionts have been vital for stress resilience of plants in nature and developed protection mechanisms in co-evolution with plants. However, we just start to understand the true potential of microbiome members and their diverse activities in improving abiotic stress resilience in plants.
It is known that plants and soil contribute to the composition of microbial communities, and that the root microbiota acts to extend the capacity of plants to deal with stress. In previous proof of concept experiments, we identified microbes from both crops with stress-protecting activities. In this project, we want to exploit the bioprotective potential of microbiomes of Carica papaya and Capsicum annuum as a currently untapped resource that can equip us with sustainable and highly effective stress resilience agents. By conducting a systematic approach, we will determine the composition of different microbiomes associated with Carica papaya and Capsicum annuum. Using a combination of different Carica papaya and Capsicum annuum varieties and abiotic stress conditions we will generate a comprehensive microbe culture collection. This collection will build a resource for determining the diverse bio-protecting activities of microbiome members using a series of defined biochemical and functional assays. In collaboration with industry partners we will develop solutions to apply our findings as a strategy to sustainably enhance abiotic stress resilience in Carica papaya and Capsicum annuum.",Research Grant,Closed,0,,,https://gtr.ukri.org/projects?ref=B3502135-6820-437E-8C41-00E1440AF425
B3526568-5A5F-4D1E-BB3B-0157D4D652CD,South American Biomass Burning Analysis (SAMBBA),"Biomass burning aerosol (BBA) exerts a considerable impact on regional radiation budgets as it significantly perturbs the surface fluxes and atmospheric heating rates and its cloud nucleating (CCN) properties perturb cloud microphysics and hence affect cloud radiative properties, precipitation and cloud lifetime. It is likely that such large influences on heating rates and CCN will affect regional weather predictions in addition to climatic changes. It is increasingly recognised that biomass burning affects the biosphere but the magnitude of the effects need to quantified. However, BBA is a complex and poorly understood aerosol species because of the mixing of the black carbon with organic and inorganic species. Furthermore, emission rates are poorly quantified and difficult to represent in models. 
It is now timely to address these challenges as both measurement methods and model capabilities have developed rapidly over the last few years and are now sufficiently advanced that the processes and properties of BBA can be sufficiently constrained by measurements; these can be used to challenge the new aerosol schemes used in numerical weather prediction (NWP) and climate models. 
Amazonia is one of the most important biomass burning regions in the world, being significantly impacted by intense biomass burning during the dry season leading to highly turbid conditions, and is therefore a key environment for quantifying these processes and determining the influence of these interactions on the weather and climate of the region. Though previous large scale studies of BBA over Amazonia and its radiative impacts have been performed, these are now over a decade old and considerable scientific progress can be made towards addressing all of the above questions given the rapid advance of models and measurements in recent years. We are therefore proposing a major consortium programme, SAMBBA, a consortium of 7 university partners and the UK Met Office, which will deliver a suite of ground, aircraft and satellite measurements of Amazonian BBA and use this data to 1) improve our knowledge of BB emissions; 2) challenge and improve the latest aerosol process models; 3) challenge and improve satellite retrievals; 4) test predictions of aerosol influences on regional climate and weather over Amazonia and the surrounding regions made using the next generation of climate and NWP models with extensive prognostic aerosol schemes; and 5) assess the impact of .biomass burning on the Amazonian biosphere.
The main field experiment will take place during September 2012 and is based in Porto Velho, Brazil. At this time of year, widespread burning takes place across the region leading to highly turbid conditions. The UK large research aircraft (FAAM) will be used to sample aerosol chemical, physical and optical properties and gas phase precursor concentrations. Measurements of radiation will also be made using advanced radiometers on board the aircraft and satellite data will also be utilised. 
The influences of biomass burning aerosols are highly significant at local, weather, seasonal, and climate temporal scales necessitating the use of a hierarchy of models to establish and test key processes and quantify impacts. We will challenge models carrying detailed process descriptions of biomass burning aerosols with the new, comprehensive observations being made during SAMBBA to evaluate model performance and to improve parameterisations. Numerical Weather Prediction and Climate model simulations with a range of complexity and spatial resolution will be used to investigate the ways in which absorbing aerosol may influence dynamics and climate on regional and wider scales. At the heart of the approach is the use of a new range of models that can investigate such interactions using coupled descriptions of aerosols and clouds to fully investigate feedbacks at spatial scales that are sufficiently well resolved to assess such processes.",Research Grant,Closed,0,,,https://gtr.ukri.org/projects?ref=B3526568-5A5F-4D1E-BB3B-0157D4D652CD
B35FA19C-3E32-4C03-87B5-01B8871E91A4,"DETERMIND: DETERMinants of quality of life, care and costs, and consequences of INequalities in people with Dementia and their family carers","Context of the research
Dementia is one of the most common and serious disorders we face with over 800,000 affected in the UK, costing &pound;23billion annually. Negative impacts on those with dementia and their families are profound. There are emerging data that there are major inequalities in care for dementia driven by factors that include: ethnicity, whether your care is self-funded or paid for by local authorities, and whether you are diagnosed earlier or later in the illness. DETERMIND is designed to address critical, fundamental, and as yet unanswered questions about inequalities, outcomes and costs following diagnosis with dementia. These answers are needed to improve the quality of care, and therefore the quality of life, of those with dementia and their carers. 

Aims and objectives
Our overall aim is to explore and understand inequalities in dementia care and what drives good and bad quality of life, outcomes and costs for people with dementia and their carers following diagnosis. We do this to identify things that we can change to improve outcomes for them. We will investigate how outcomes and costs vary by content and time of diagnosis, individual circumstances, and with varying health and social care. To do this we have designed a programme of research with 7 complementary workstreams (WS):

WS1: Recruitment and follow-up of the DETERMIND cohort - We will recruit 900 people with dementia and their carers in the 3 months following diagnosis and follow them up closely for 3 years obtaining high quality data on service use, costs and outcomes including quality of life.

WS2: Inequalities in use of dementia care - We will investigate the extent of inequalities in access to dementia care, unmet need for care, impact of unmet need and barriers to addressing inequalities and unmet needs. 

WS3: Relationship between use and costs of services and outcomes - We will investigate relationships between use and costs of services and outcomes for people with dementia and carers.

WS4: Experience of self-funders of care - We will investigate the experience of people with dementia and their family carers as self-funders of care and to compare this and their outcomes and costs with those the council funds.

WS5: Understanding decision-making by people with dementia and carers - We will seek to understand the processes by which life-plan decision-making occurs and what influences decision-making by people with dementia and their carers.

WS6: Effect of diagnostic stage and services on outcomes- We will investigate the impacts of earlier or later diagnosis and subsequent provision of post diagnostic treatment and care on quality of life and other outcomes for people with dementia and their carers.

WS7 - Programme management and Theory of Change guided research development, coordination and promotion of impact - We will develop, organise and deliver the WSs so they work together to generate data that answers critical questions, and the strategy and actions needed to translate them into better systems and services for people with dementia and carers.

Potential benefits
During the life of the programme, first analysing baseline results, and then with the follow-up of the 900 people with dementia and their carers over 3 years, we will build an evidence base where services and practice are currently largely based on assertion or custom and practice. The 7 WSs will deliver novel, detailed data on inequalities in dementia care and what drives positive and negative outcomes and costs for people with dementia and carers, and factors that help or hinder living well with dementia.",Research Grant,Closed,0,,,https://gtr.ukri.org/projects?ref=B35FA19C-3E32-4C03-87B5-01B8871E91A4
B3A32DFA-606B-4523-98A2-0169701F5CA6,Easy Digital to Search Engine Optimisation,"Easy Digital aims to change the way websites are optimised for search engines through innovative technology. We use AI and automation to streamline the process and make it faster and more efficient. By using this cutting-edge technology, we can analyse and improve various aspects of a website in just a matter of minutes, instead of the days or even weeks it would take with traditional methods.

This new approach to optimising websites will also make the process more affordable for businesses. Instead of paying hundreds of pounds per week, we will now only pay a fraction of that amount. The platform will use advanced algorithms to determine the processing power required to optimize a website, so clients only pay for what they actually need.

Easy Digital's main focus is to use AI and automation to optimise websites for search engines. We will analyse the website and provide recommendations, then automatically implement the optimisations. The platform will also use machine learning algorithms to continually improve and update its optimisation techniques, so clients can stay ahead of the competition in the ever-changing search engine landscape.

In summary, Easy Digital is a user-friendly platform that will revolutionise the on-site SEO industry by taking out the human element and providing custom solutions for each client's unique business. By using AI and automation in a unique and innovative way, we will stand out from competitors and provide a comprehensive solution for effective SEO optimisation.",Collaborative R&D,Closed,0,,,https://gtr.ukri.org/projects?ref=B3A32DFA-606B-4523-98A2-0169701F5CA6
B3CED13D-364F-4298-A390-0040DD2CC477,Network structures: from fundamentals to functionality,"Disordered networks are at the heart of a multitude of materials with functional properties where examples range from the glasses used in optical communications technology to the role of water in geological processes. Establishing the network structure, and its relation to a system's physico-chemical and opto-electronic properties, is a prerequisite for making new materials through the principle of rational design. Here we tackle this issue by using an integrated approach to investigate the fundamentals of basic networks, using pressure to manipulate the bonding and network topology. Oxide and chalcogenide glasses along with water will be investigated, the systems chosen to be exemplars of network forming materials with different bonding mechanisms. The contrasting bonding schemes confer the networks with different characteristics and have the potential for making modified materials with tailored functional and structural properties. Applications include the recovery to ambient conditions of materials with novel characteristics, sequestration of the green house gas CO2 by geological fluids, and the effect of rare-earth clustering on the photonic properties of glass.

The inherent disorder of liquid and glassy network structures is a blessing, in delivering materials of unique scientific and technological importance, but is also a curse, in providing complexity on the atomic scale. The method of neutron diffraction with isotope substitution (NDIS) has played a pivotal role in unravelling the mysteries of disordered materials since it allows access to the so-called partial structure factors i.e. to the maximum information that can be extracted from a diffraction experiment. Over the last 3 years, Bath has led an initiative to develop the techniques for measuring accurate neutron diffraction patterns for glasses and liquids at high pressures using the Paris-Edinburgh press. Thus, the time is now ideal to exploit the NDIS method to make in situ high pressure and temperature investigations of structurally disordered materials.

We intend to investigate the mechanisms of structural collapse in three classes of system with different bonding schemes and concomitant network properties, namely oxide glasses (GeO2), chalcogenide glasses (e.g. GeSe2, As2Se3, AsSe) and water. These particular systems are chosen because they are archetypical materials for the study of disordered networks e.g. they either show or are anticipated to show polyamorphic phase transformations in which there is an abrupt change in their structure and physical properties with change of pressure and/or temperature. In the case of the chalcogenide glasses, the large structural variability leads to the possibility of recovering new materials with novel functional properties to ambient conditions.

The structure of two types of adapted networks will also be considered, namely salty water and rare-earth alumino silicate glasses. In the former, the experiments will be made under the high pressure and temperature conditions relevant for geological fluids where applications include the sequestration of CO2. In the latter, the phenomenon of rare-earth clustering will be investigated with a view to controlling the separation of nearest-neighbour ions and hence the optical properties of these materials.

Complementary information will be provided, where applicable, by NMR (Warwick), high energy x-ray diffraction, EXAFS spectroscopy and other experimental techniques. The NMR work will include well established nuclei (27Al and 29Si for the alumino silicates) but will extend the boundaries of the method by using 17O, 73Ge and 77Se. A combination of isotopic enrichment and NMR enhancement schemes will maximise the amount of structural information that can be extracted by using these nuclei as probes. Importantly, the experimental work will be enriched and complemented by molecular dynamics simulations made in collaboration with groups in Oxford, Cambridge and Strasbourg.",Research Grant,Closed,0,,,https://gtr.ukri.org/projects?ref=B3CED13D-364F-4298-A390-0040DD2CC477
B3EEF9B2-28C5-459F-8F4A-005DA2EB99CE,Kent - ESRC Project Linked Transition DTG,"Doctoral Training Partnerships: a range of postgraduate training is funded by the Research Councils. For information on current funding routes, see the common terminology at https://www.ukri.org/apply-for-funding/how-we-fund-studentships/. Training grants may be to one organisation or to a consortia of research organisations. This portal will show the lead organisation only.",Training Grant,Closed,0,,,https://gtr.ukri.org/projects?ref=B3EEF9B2-28C5-459F-8F4A-005DA2EB99CE
B45F1AB9-E8B4-4136-9F17-003D5077FA4C,Development of Parallel Search Algorithms,"Many computational tools in the materials and chemistry discipline make use of geometry optimisation techniques, often minimisation of the energy with respect to the atomic positions to find equilibrium structures, or saddle points on the potential energy surface to locate transition states for a chemical reaction. Traditionally these stationary points are found by performing energy and force calculation at an initial, guessed geometry and then approaching the stationary point by successive, sequentially calculations on new geometries, hopefully converging to the required stationary point.The availibility of large scale parallel computers, with tens of 1000s of processors offers both challenges and opportunities to the computational chemistry and materials science disciplines. The chief challenge is that the effective exploitation of such a machine requires software to have an extremely high parallel efficiency and for many modern techniques this is very difficult to achieve when computing the energy and forces for a given geometry. One way to increase the level of parallelism is to consider multiple geometries simultaneously and we propose to explore the possibility by implementing and testing a number of parallel geometry optimisation algorithms. These will include genetic algorithms and stochastic searches as well the exploration of multiple starting points. The evaluation of second derivatives by finite difference of first derivatives (forces), while expensive, may become possible when large scale parallelism is available.We will develop the new code in such a way that it can be used within a variety of computational science packages, including the materials chemistry codes CASTEP and CRYSTAL, the classical forcefield MD code DL_POLY, the ab initio quantum chemistry package GAMESS-UK and ChemShell which performs mixed Quantum/Classical calculations (for example, combining GAMESS-UK and DL_POLY). The resulting codes will accellerate the solution of many materials modelling and computational chemistry problems on large-scale facilities such as the UK's next national facility (HeCTOR) and similar facilities worldwide.",Research Grant,Closed,0,,,https://gtr.ukri.org/projects?ref=B45F1AB9-E8B4-4136-9F17-003D5077FA4C
B493A79A-4A7D-40FB-87E1-00051F2F7F8B,"Research interests: effects of technology on police legitimacy, networks of police misconduct, and military gear usage by local law enforcement.","My research interests lie in policing. First, I am interested in the effects of technology on police legitimacy. Specifically, body-worn cameras (&quot;BWCs&quot;) have been shown to contribute to police legitimacy (Ariel et al., 2020) and modulate complaints against police (Mitchell et al., 2018). I am eager to investigate how technologies like BWCs affect police legitimacy in areas of significant police distrust. Second, I hope to apply social network analysis to police misconduct.
Specifically, US cities like Chicago, Illinois, and Bloomington, Indiana have publicly released their police complaint records. Because police complaints can be used as rough proxies for misconduct (Hassell &amp; Archbold, 2010), I am eager
to apply social network analysis to these datasets to better understand networks of misconduct. Third, I hope to investigate the effects of military gear usage by local law enforcement agencies (&quot;LEAs&quot;). Specifically, local LEAs in countries like the USA, China, and Israel are increasingly using military gear like armored personnel carriers on their local populace (Brewer et al., 2016; Balko, 2013; Kraska, 2020). The effects of this military gear usage are not well understood: all studies to date are correlation-based and suffer from self-selection (e.g. Bove &amp; Gavrilov, 2017; Gunderson et al., 2020). I would therefore be eager to design a randomized control trial to contribute substantially to this inquiry.",Studentship,Closed,0,,,https://gtr.ukri.org/projects?ref=B493A79A-4A7D-40FB-87E1-00051F2F7F8B
B4958165-54B0-4670-A4F8-0071848167EF,Small cell imaging using smartphones and single-board computing: analysing platelet function and microbial pathogens using consumer optoelectronics,"Microscopes are used in clinical diagnostics to analyse tissue, to examine blood cells, and to identify or analyse disease-causing micro-organisms. Whilst cell measurement instruments called &quot;flow cytometers&quot; are also often used, for many clinical areas analysis of cells and tissue such as red and white blood cells still relies on expert lab workers, who use traditional microscopes based on complex optics, designed for visual examination by eye. 
Likewise, clinical and diagnostic microbiology still relies heavily on 40- to 135-year old tools such as agar plates. Antibiotic resistance testing uses paper discs soaked in antibiotic to perform 'disc diffusion' assays that have barely changed since Fleming first discovered penicillin. There are many reasons that that old technology (optical microscope) and techniques (agar plates) are still used. Often experts are already trained and it can be hard to replace experts with automated or electronic systems. Another major barrier to rapid change is that the materials needed to run current conventional tests are often extremely cheap (petri dishes, glass slides, agar and broth media, microwell plates) and labs are already equipped (optical microscope, incubator, pipettes, autoclave, spectrometer). 
The biggest revolutions in clinical diagnostics can therefore only occur when we develop truly low-cost ways to replicate traditional human methods such as microscopic analysis or microbiology lab tests. 
An excellent example where consumer electronics have made centuries-old technology redundant is in digital microscopy. Miniature CMOS sensors - only cheap because consumers buy millions of smartphones - combined with cheap plastic lenses - developed for mass market products such as DVD players - can magnify bacteria without microscope objectives and tubes. This technology revolution can be demonstrated dramatically using &quot;smartphone microscopes&quot; which can be made either from 3D printed parts, or even simpler laser-cut Perspex or plywood frames. Similarly, the &pound;30 Raspberry Pi single-board computer can be transformed into a high power digital microscope.
Over the next decade, low cost digital microscopy promises to revolutionise various clinical diagnostics.
Purpose of Travel
This Overseas Travel Grant will fund a visit to the BIGHEART biomedical technology institute at the prestigious Department of Biomedical Engineering at the National University of Singapore, to learn from leading researchers and gain new expertise in optical, electronic and software development. This will complement applicant Edwards' prior expertise in fundamental biomedical science, microfluidic clinical diagnostics, and healthcare innovation.
Target clinical applications: Leptospirosis bacteria and blood platelets
The new digital microscopy devices will be targeted to two clinical applications linked to recent and ongoing research by the applicant. Edwards' group recently demonstrated bacterial detection, identification and antibiotic resistance testing in very low cost microfluidic devices, with smartphone detection; this research continues funded by another EPSRC grant awarded early in 2018. Edwards also works closely with cardiovascular disease experts within Reading's Institute of Cardiovascular and Metabolic Research (ICMR), studying new methods to measure platelet function. The first target is Leptospirosis - which causes Weil's disease - was selected as it illustrates many of the common characteristic challenges faced by clinical microbiologists across the globe. The second target is measurement of platelets - linking with ICMR research - is important because blood clotting is a critical process behind the majority of cardiovascular disease. Novel applications of advanced low-cost digital microscopy technology will be developed that address clinical challenges faced across the SE Asia region, the UK, and worldwide.",Research Grant,Closed,0,,,https://gtr.ukri.org/projects?ref=B4958165-54B0-4670-A4F8-0071848167EF
B4E7F3DB-2AA6-4EC1-A57E-00FB8CB34046,Translating technical solutions into socio-technical possibilities: enabling technological transfer in the Bangladesh shipbreaking industry,"Abstracts are not currently available in GtR for all funded research. This is normally because the abstract was not required at the time of proposal submission, but may be because it included sensitive information such as personal details.",Research Grant,Closed,0,,,https://gtr.ukri.org/projects?ref=B4E7F3DB-2AA6-4EC1-A57E-00FB8CB34046
B4F69433-6EC7-45FF-9C9B-00761067A83C,Oxford Brookes University and The Metal Window Company Limited T/A The Rooflight Company,"To develop and commercialise novel, leading edge building technology products as a means to building the R&amp;D and product innovation capabilities.",Knowledge Transfer Partnership,Closed,0,,,https://gtr.ukri.org/projects?ref=B4F69433-6EC7-45FF-9C9B-00761067A83C
B521C042-8A4B-4230-877A-01B53409DFAC,Ecommerce Cyber Security,"Technology Startup - Wave Mobile Phones Ltd
Requires Impenetrable security; Consultation on system design and network architecture implementation. System build configuration and deployment.
Excellent ‘value for money Cyber Security services for software to ensure a robust, secure system that complies with Data Protection Act and Payment Card Industry Data Security Standards. Data must be held in encrypted format and accessible through a reliable web presence through to high-traffic, mission-critical systems demanding maximum levels of performance and security. A guaranteed reliability, scalability, flexibility, resilience, security and performance to PCI-DSS and ISO/IEC 27001:2005 accreditations.",Vouchers,Closed,0,,,https://gtr.ukri.org/projects?ref=B521C042-8A4B-4230-877A-01B53409DFAC
B53FCC57-6496-465F-A1BA-01B7D1A1F2AE,A Novel High Intensity Short Interval Dance Intervention for Non Communicable Disease(NCD) Prevention in Asian Indian Adolescent Girls-THANDAV,"A Novel High Intensity Short Interval Dance Intervention for Non Communicable Disease (NCD) Prevention in Asian Indian Adolescent Girls - THANDAV - a pilot study. This proposed developmental grant protocol will take place in India with a duration of 18 months. We will test a personalized exercise and education intervention, aided by digital technology to deliver this novel 'THANDAV' (Taking HIIT And Dance to Adolescents for Victory over NCDs) intervention. 

The principal research question will be - Can a culturally appropriate high intensity short duration (10 min) dance intervention become sustainable exercise in Asian Indian girls aged 10- 17 years to improve their physical fitness and prevent NCDs? The burden due to NCDs has reached explosive proportions with the largest increases happening in low and middle-income countries like India. Exercises levels are abysmally low in India with women being less active than men. The benefits of physical activity in adolescents and youth are well established, with most global guidelines recommending at least 60 minutes of moderate to vigorous physical activity per day. Evidence suggests that adolescence is the time of steepest decline in physical activity, thus making our chosen cohort high-risk age group for diabetes and other non-communicable diseases. The age of onset of type 2 diabetes in India is in the age group of 25- 34 years. Hence, efforts to promote physical activity among adolescents and youth are essential.

The barriers to exercising in females include time constraints and exercise not being 'culturally acceptable'. Dance is a socially and culturally accepted form of activity in India. We hypothesize that the short duration and fun element of the THANDAV intervention, coupled with the cultural and social acceptability of dance, will aid the long-term sustainability of such an intervention, which is vital for NCD prevention. We aim to investigate the development, feasibility, acceptability of the intervention and resulting improvements in physical activity and fitness levels in adolescents. The primary outcome will thus be increases in physical activity as measured by step count leading to improvement in fitness levels as measured by heart rate of adolescent girls. After assessing the methodology and impact of the intervention through this pilot study, we plan to apply for the full trial grant wherein we will evaluate the sustainable impact of the THANDAV intervention with an improvised digital design on tangible metabolic health outcomes in a randomized controlled trial mode. The outcomes in the full trial grant will be metabolic parameters including weight, body fat, blood pressure, glucose, lipids, insulin along with important outcome measures including sustainability and scalability. 

MDRF has been collaborating with multi-disciplinary investigators from the University of Dundee (UoD), Scotland (UK) since 2017 as part of a 4-year NIHR Global Heath Research Unit on Global Diabetes Outcomes Research. The India-Scotland Partnership for Precision Medicine in Diabetes (INSPIRED) project aims to improve the understanding of genetic, lifestyle and environmental factors underlying the high burden of diabetes and its complications. The THANDAV proposal is an extension of this existing collaboration with Dr. Colin Palmer being the Co-Investigator from University of Dundee (UoD), Scotland (UK).",Research Grant,Closed,0,,,https://gtr.ukri.org/projects?ref=B53FCC57-6496-465F-A1BA-01B7D1A1F2AE
B555B1DE-A876-4087-A165-00BA34070D43,University of York and Croda International plc,To develop methods to objectively and quantitatively compare the similarity of speciality chemical ingredients manufactured in different locations based on data sets produced by analytical chemistry instrumentation. The data will be related to the molecular structures of their constituents.,Knowledge Transfer Partnership,Closed,0,,,https://gtr.ukri.org/projects?ref=B555B1DE-A876-4087-A165-00BA34070D43
B567C330-C3E5-4B0F-816F-00DA4EEEE4CF,Industrial CASE Account - Swansea 2010,"Doctoral Training Partnerships: a range of postgraduate training is funded by the Research Councils. For information on current funding routes, see the common terminology at https://www.ukri.org/apply-for-funding/how-we-fund-studentships/. Training grants may be to one organisation or to a consortia of research organisations. This portal will show the lead organisation only.",Training Grant,Closed,0,,,https://gtr.ukri.org/projects?ref=B567C330-C3E5-4B0F-816F-00DA4EEEE4CF
AAFB46EB-D814-41AD-9C47-01DEFD11D555,Aberrant gene expression from chromosome X in autoimmunity,"Autoimmune diseases predominantly affect women. The reason for this sex bias has been historically attributed to 'hormones'. Although sex hormones clearly have some influence on the immune system and autoimmunity, it is becoming increasingly apparent that genetic differences between males and females also contribute to sex related differences in immune function that are likely involved in autoimmune disease. Genetic material in packaged into symmetrically paired chromosomes in the cell with the exception of the sex chromosomes: which in males are XY and in females are XX. The unique male Y chromosome, which confers sex determination, is small and codes for a much smaller set of genes than the X chromosome, which is much larger. In order to compensate for the extra X chromosome present in females compared with males, one of the female X chromosomes is silenced in each cell. This random inactivation of one if the two X chromosomes in each cell results in parity of X chromosome genes in males and females. Interestingly, the process of chromosome inactivation is not completely efficient. Between 10-20% of genes coded on the X chromosome escape the silencing process to some extent, that renders the majority of genes on that X inactive. Thus, for the group of genes escaping inactivation, females would exhibit a greater gene activity because there are two working pairs of genes. The magnitude of the increased gene activity will be contingent on the degree of escape, but if the escape is complete then the elevation in gene activity will be double in females compared with males. 
 
SLE is an instructive autoimmune disease to investigate in the context of the X chromosome because it is nine times more common in females than males. Moreover, preliminary results from separate genetic studies in humans and mice as well as a small study in SLE immune cells provide support for the hypothesis that aberrant X chromosome is associated with the disease. 

In this project we will be studying B lymphocytes as these cells are an important immune cell in SLE and other autoimmune diseases. We will primarily employ a technique called single cell RNA sequencing to study the question of X chromosome inactivation in immune cells. In this technique individual cells are isolated and the RNA in the cells is purified, amplified and sequenced. RNA is the material that is immediately derived from genes and reflects the activity of the genes. The purpose of sequencing is RNA is twofold: it provides information about the amount of starting RNA in the cell and secondly, it can tell us about the parental origin of the gene from which it arose. Sequence differences in the gene creating the RNA between the two X chromosomes can be used to distinguish the origin of the RNA, (one X from the person's mother, the other X from the person's father). Thus, RNA sequencing can be used to quantify the parental source of the RNA from each gene in a cell. 

If X inactivation is complete, as it will be for most genes present on X, then in each cell the RNA will be derived from only one of the two X chromosomes. If there is some escape from inactivation, then the RNA from the genes will be derived from both of X chromosomes. The amount arising from each chromosome will have some relationship to the extent to which the second X chromosome is active. Single cell RNA sequencing is technically challenging and hence we will use another method using pooled cells (bulk) RNA sequencing as a point of comparison. Bulk RNA sequencing is simpler to undertake, but the results are not as informative or sensitive as single cell sequencing. The RNA sequencing results of B cells from women with SLE and an equal number of healthy controls will be compared to ask a number of questions: which genes escape X inactivation, do more genes escape X inactivation in women with SLE? What function do these genes have? And how might these gene influence the development of SLE?",Research Grant,Closed,0,,,https://gtr.ukri.org/projects?ref=AAFB46EB-D814-41AD-9C47-01DEFD11D555
AB33C0B8-DCB9-4AF1-A4A6-018C09D2BEAA,FCL/B: An Integrated VSC-HVDC Fault Current Limiter/Breaker,"Multi-terminal DC networks and meshed DC grids have been advocated by transmission utilities, industry and academe, as a potentially more cost effective means of integrating offshore renewable energy than point-to-point links. National Grid's Electricity Ten Year Statements and the European Network of Transmission System Operators for Electricity's Ten Year Network Development Plan as well as studies by The North Seas Countries' Offshore Grid Initiative all support this view.
To realize such HVDC networks, DC circuit breakers are necessary to isolate faulted DC sections. The unacceptable alternative would be to temporarily de-energise the whole DC network to then allow isolation of the faulted section. This is unacceptable because the resulting simultaneous loss of supply to the AC system would radically exceed onshore network design limits and would lead at least to severe disruption among consumers. For larger DC grids and power loss it would even cause widespread black-outs.
ABBs proactive HVDC circuit breaker comes close to the required efficiency and operational speed and indeed provides a solution for some cases. However it is fairly large, especially when the series 100mH inductor it requires to operate is considered. It is also appears to be targeted at a 5ms operating time, and commentators have indicated the need for protection against frequent faster events. The fastest such events have a rate of rise of current that requires breaking action in 2ms. A faster, smaller, cheaper solution is therefore still needed to enable offshore location of circuit breakers to allow offshore wind park integration.
This project will investigate novel designs integrating the circuit breaker with fault current limiter technology, which may thus be capable of achieving these size, speed and cost transformative targets.",Research Grant,Closed,0,,,https://gtr.ukri.org/projects?ref=AB33C0B8-DCB9-4AF1-A4A6-018C09D2BEAA
AB48F86D-0958-4C15-BF0D-01B12D608025,Golf for Healthy Ageing,"**Golf in Society CIC is driving a fast-growing social movement.**

We are introducing the social, health and wellbeing benefits of golf to our ageing population.

Older people with diagnosed health conditions enjoy moderate exercise, discover a renewed sense of purpose, enjoy the beautiful outdoors and meet new people. They discover how their local golf club can become an integral part of a happier, healthier life.

Our core values are: Dignity; Respect; Compassion, and; Togetherness and beneficiaries co-design all of our services. For example, the times, duration and days of the week are arranged to suit each individual and no prior golfing experience is necessary.

Trained golf coordinators (many with lived experience of an age-related health condition) deliver person-centred sessions, which make our golfers feel special. Supported golf sessions then become part of their weekly routine and something exciting to look forward to. This also gives their carers the chance to plan their lives, knowing they can rely on us for a regular respite break.

In addition, along with our inspiring golf sessions, we are launching more _Carer Wellbeing Events_ that focus on supporting unpaid carers.

Just some examples of what beneficiaries say include:

&quot;The golf is amazing and the group so friendly. It's like another family, all with the same interest in golf.&quot;

&quot;It helps my wife, it gives her time of her own, a good break. I've won a couple of trophies. It all has the purpose of making you feel better.&quot;

Just some carer testimonials include:

&quot;I can't get him to a day centre, but I can't stop him coming here&quot;

&quot;It allows me to be at work. I'm very reluctant to let him go to a lot of places but am not worried when he is here.&quot;

&quot;The best way of describing it is that it makes him buoyant, he lights up when he comes here, it brings him to life again.&quot;

Since 2015, we've faced many challenges. However, through our passion and care we have always managed to move forward. This is why we believe that social enterprises have a crucial role to play in tackling healthy ageing. As we emerge from Covid19, the demand for Golf in Society is greater than ever. With inactivity, loneliness, depression and poor mental health at record levels, we are ready to expand and make an even greater difference to the lives of more, older people, and their carers.",Small Business Research Initiative,Closed,0,,,https://gtr.ukri.org/projects?ref=AB48F86D-0958-4C15-BF0D-01B12D608025
AB7E9DBE-B4E7-48B6-BBC0-00BE8C8B6375,CIMA Centre Students,"Doctoral Training Partnerships: a range of postgraduate training is funded by the Research Councils. For information on current funding routes, see the common terminology at https://www.ukri.org/apply-for-funding/how-we-fund-studentships/. Training grants may be to one organisation or to a consortia of research organisations. This portal will show the lead organisation only.",Training Grant,Closed,0,,,https://gtr.ukri.org/projects?ref=AB7E9DBE-B4E7-48B6-BBC0-00BE8C8B6375
AB8F46D1-7BF5-49A7-85B2-01FB82F52C81,The shaping of mental health and the mechanisms leading to (un)successful transitions for care-experienced young people,"One in 30 UK children are taken into care before their 18th birthday and placed with foster carers, in residential care, or are adopted. Children who are removed from their families are a very vulnerable group. Many have experienced abuse and other difficulties, such as seeing violence and drug use. Once in care, they are often separated from brothers and sisters and live with many different carers. We know that these experiences can have a big effect on young people, that lasts long into their adult life. Compared to other young people, those who have been in care are five times more likely to have a mental health problem, like anxiety or depression. They are also more likely to be excluded from school, be exploited, and during adulthood have higher rates of not having a job and being homeless. Care-experienced young people are also twice as likely to die early, particularly by suicide. But, these types of outcomes do not have to be so common - some young people flourish in care or after adoption. We know little about why some young people struggle with mental health difficulties, while others struggle less, and others do well. Our project addresses this gap and will provide important information that can be used to improve the lives of this group. 

The aim of our research is to learn what processes are linked to the mental health of care-experienced young people and how they manage at two key periods ('transitions'). These are: moving from primary into secondary school and moving into adulthood. Specifically, we are interested in understanding the role of: (a) pre-care experiences (what they experienced before they came in to care); (b) service-level issues (e.g., their experiences in care and in school); and (c) individual psychological and social processes (e.g., how they see themselves and others, manage emotions, and their feelings about support from friends and at home). If we can understand what processes are important and what they mean for these young peoples' wellbeing, we can help social workers, teachers, and mental health workers better identify those who might need help, and design better prevention and intervention programmes. More effective support could enable young people in care to feel better about themselves and reach their full potential. 

We will complete three studies in four years. In one, we will link national data in England and Wales on 14,000 care-experienced young people. Using data on care histories, mental health, and school, this study will help us to understand what 'successful' and 'unsuccessful' transitions look like, and what factors are linked with successful transitions through to adulthood. In two further studies we will identify the role of service-level and psychological processes that are thought to shape mental health and transition 'success'. To do this we will recruit two groups, each of 300 young people. One group will be ages 10-13 (moving into secondary school) and one will be ages 17-18 (moving into early adulthood). They will answer questions twice, 1-year apart. We will also talk twice to 30 children (10-11yrs) and 30 young people (17-18yrs) and their caregiver, to learn more about their hopes and worries before and after the move, and the support they received and would have liked. 

We are researchers from social policy, psychology, social work, education, and medicine supported by leading charities: Adoption UK and Coram Voice. Three panels of care-experienced young people (11-14yrs; 17-25yrs) and adopted young people (13-21yrs) will contribute to every stage of the research. We will also offer work experience in our universities to at least four care-experienced young people. Alongside care experienced young people and our partners, we will share our findings widely via articles, blogs, interviews, academic papers, and workshops with services, foster carers and adoptive parents, and policy makers such as the Department for Education.",Research Grant,Closed,0,,,https://gtr.ukri.org/projects?ref=AB8F46D1-7BF5-49A7-85B2-01FB82F52C81
AB91365D-1840-4AF7-A18B-00DC0A31085F,Quantum Hive gravity system,"The Quantum Hive project is a joint initiative between the University of Birmingham (UoB) and Silicon Microgravity (SMG). It aims to deliver an innovative, viable way forward for commercialising the cold atom Quantum sensor developed at the UoB by adopting a hybrid approach with MEMS gravity sensors developed by SMG. Gravity sensors have historically struggled to gain commercial traction but by adopting a hybrid approach using the technical strengths of each sensor system will deliver a gravity sensing system which meets the end-users needs.

The Quantum gravity sensor has the ability to a) provide levels of sensitivity unachievable today with MEMS sensors, b) measure with very low levels of drift and c) provide absolute gravity and gravity gradiometer measurements. However, its form factor, lack of mobility and cost provide a challenge where surveying of larger areas is required. MEMS gravity sensors lack the absolute accuracy of Quantum sensors and have larger drift levels but have a form factor, power consumption and cost which enable them to be deployed either as a single sensor or swarm on drones or autonomous vehicles, stopping to make measurements and then moving again. As a result of these different attributes, a hybrid approach can take advantage of the relative strengths to provide a truly innovative system for use in real world environments.

The Quantum system will be used as a Base station providing an absolute gravity reference for the MEMS sensors. The Quantum Base station (the hive) will have limited mobility being either stationary or mobile of a rail. The MEMS sensors (the bees) will leave Base station on autonomous vehicles or drones, stop to take stationary measurements at pre-defined locations and then return to the Quantum Base for drift elimination.

By adopting this hybrid approach, the project will meet the needs of the end customers who require gravity surveys over a large area in an acceptable time period and at a viable cost. End customers are multiple but include civil engineering companies, utilities, environmental organisations, carbon capture facilities and defence/security entities.",Collaborative R&D,Closed,0,,,https://gtr.ukri.org/projects?ref=AB91365D-1840-4AF7-A18B-00DC0A31085F
ABB88A32-9BDD-42BA-9C1D-00393316BC5A,Plerith GH,We are developing a new wind turbine design for use in urban and built environments. The Innovation Voucher will allow us to carry out a technical review of the design concept before we invest funding in the prototype design stage.,Vouchers,Closed,0,,,https://gtr.ukri.org/projects?ref=ABB88A32-9BDD-42BA-9C1D-00393316BC5A
ABD6A8B6-507A-4A9E-83D8-0103E9C13468,Vaginal drug delivery system using advanced material,"Liberum health is a UK based biotech company. Our mission is to address the unmet needs of women's health by providing smart solutions to help manage chronic condition such as pelvic pain and endometriosis, menopause, incontinence and pelvic infections.

Our solution is a drug delivery system made for women, comprised of a biodegradable material. It serves as a vehicle to deliver established treatment in a unique way, providing sustained targeted therapy with reduced side effects. This product is simple to use, can be self-administered without medical assistance and provides women with autonomy to self-manage their pelvic pain. This project will allow development of a novel medical device to support individuals navigate different health transitions through the various stages of a woman's life.",Grant for R&D,Closed,0,,,https://gtr.ukri.org/projects?ref=ABD6A8B6-507A-4A9E-83D8-0103E9C13468
ABE24E15-98C8-4EEC-8C01-0138FDC213C7,Listen to us! The psychosocial impact of COVID-19 on adolescents - A mixed-methods study,"The continued impact of COVID-19 on adolescent mental health, educational attainment and future prospects is of great concern. The aim of our proposed study is to capture the experiences of adolescents as the pandemic unfolds and longer-term societal and economic consequences emerge. Adolescents may be of particular risk for adverse effects due to COVID-19 as this is a period of increased risk for developing psychopathology (Fairchild 2011, Paus et al 2008), as well as a crucial time for establishing personal identity/independence. During this period, peer relationships are especially important (Albarello et al 2018, Hay &amp; Ashman 2003, Steinberg &amp; Morris 2001). Hence, the normal developmental processes of adolescence are likely to be disrupted by the COVID-19 pandemic. Nonetheless, there are individual differences in responses to adversity so that not all individuals exposed to the same stressors will experience adverse effects or impaired mental health (Cicchetti 2010) and some exhibit better-than-expected responses to adversity, a phenomenon known as 'resilience' (Galatzer-Levy et al 2018, Masten 2011, Yule et al 2019). This study has been designed to explore which factors (e.g., gender, ethnicity, socioeconomic status, family function, decision-making abilities) determine the impact of the pandemic on young adolescents. 

The basis for this work was established just over a year ago when we conducted an online survey to examine the impact of Covid-19 on young people aged 13-24 (n = 2002, stratified by age, ethnicity and deprivation index) as part of the COVID-19 Research Consortium Study (C19PRC, https://osf.io/v2zur/wiki/home/). Our findings revealed unique challenges faced by younger adolescents in terms of the impact of the pandemic on their mental health and highlighted the importance of key factors that are not currently being addressed, e.g., young people's social and psychological adjustment and difficulty in enacting health behaviours (Levita et al 2020a, Levita et al 2020b). Due to a lack of resources, this study did not include follow-ups or further exploration of the lived experience of the pandemic from young people themselves. Consequently, our objective is now to build on this work and enrich the self-report data to more accurately profile the mental health and well-being of adolescents, by following a representative sub-sample aged 13-16 from our original cohort one year on. 
 
To that end, we will (1) conduct qualitative individual personal interviews (virtually) with participants. This is a more personal form of research that helps to better explore and understand participants' opinions, behaviour, and experiences and has been missing from research on the Impact of COVID-19 on young adolescents (e.g., Ares et al 2021, Copeland et al 2021, Hawes et al 2021). (2) We will gather mental health, well-being, and resilience indices from an online survey. (3) We will capture, using short smartphone tasks, decision-making indices, that can provide an accurate way (less prone to bias) to gauge how mood affects the way these young people make decisions about risk. These tasks have been shown by our team to predict anxiety symptoms and real-time COVID-19 health behaviours (including social distancing adherence) in adults (Lloyd et al 2020). 

This work is both timely and urgent, as pupils have now returned to school following the latest lockdown, and we wish to capture both their recent experiences of the lockdown and their current experiences of returning to school. This time period is the last opportunity to capture data at a critical time point before the start of the next school year. 

In a rapidly changing context, this work will help policy makers understand, from young people's perspective, which groups of young people need support to aid their well-being; when they need support and what kind of support they would like, from evidence-based research.",Research Grant,Closed,0,,,https://gtr.ukri.org/projects?ref=ABE24E15-98C8-4EEC-8C01-0138FDC213C7
AC8ECA2B-0427-4876-9314-01599AFB31E8,Robust graph analysis of brain connectivity,"A broad range of neurological diseases and disorders have been linked with pathological alterations in the connectivity of the brain. However, robust methods for identifying and characterising abnormalities in connectivity, their evolution over time and response to treatments, are lacking; and addressing this omission represents a pressing clinical need. In this proposal we aim to meet this need using novel methods based on medical imaging and graph theory, a well-established mathematical framework with which to describe and characterise interconnected systems. To establish a clear baseline, we will characterise the typical &quot;normal&quot; connectivity network, and model statistically its variability in a healthy population. We will also investigate approaches to classifying graphs into groups, and identify common factors underlying structural and functional connectivity, to be used as new biomarkers. We will use magnetic resonance imaging (MRI) and electroencephalography (EEG) to obtain connectivity information in the living brain; and childhood epilepsy and autism spectrum disorders will be investigated as neurological disorders which can display altered brain connectivity. Our developments will also be applicable to other data which can be represented graphically. This work will provide major novel tools for graph analysis of brain connectivity, thereby driving connectivity network methods towards reliable and routine clinical application. Through our close links with clinical colleagues we will ensure that our developments are well positioned for wide-ranging applicability, elucidating connectivity failures in disease and their recovery with treatment.",Research Grant,Closed,0,,,https://gtr.ukri.org/projects?ref=AC8ECA2B-0427-4876-9314-01599AFB31E8
ACB57DB2-B92F-460E-AA8E-00F08E840C6E,fusing MEDICAL IMAGES and CFD for precision VASCULAR INTERVENTIONS (MEDICARE),"Abstracts are not currently available in GtR for all funded research. This is normally because the abstract was not required at the time of proposal submission, but may be because it included sensitive information such as personal details.",Research Grant,Closed,0,,,https://gtr.ukri.org/projects?ref=ACB57DB2-B92F-460E-AA8E-00F08E840C6E
ACEF958A-F667-4294-B2B9-01258C61DB2C,Scottish Economics and Social Science Knowledge Exchange Network,"Abstracts are not currently available in GtR for all funded research. This is normally because the abstract was not required at the time of proposal submission, but may be because it included sensitive information such as personal details.",Research Grant,Closed,0,,,https://gtr.ukri.org/projects?ref=ACEF958A-F667-4294-B2B9-01258C61DB2C
AD3AD9B4-2705-4A8E-90FF-00F8EF7A7324,Environmental Surveillance of Coronavirus in Malawi,"With early and prolonged gastrointestinal shedding of SARS-CoV-2 during and after infection
regardless of presentation of symptoms, environmental surveillance provides a promising
monitoring tool for estimating circulating COVID-19 in a community, in the absence of clinical
testing. However, current methods of concentrating virus from wastewater (ultrafiltration, PEG
precipitation, and electronegative membrane adsorption) can readily co-purify contaminants that,
both hinder detection of virus RNA by PCR and, and also do not allow for subsequent processing of
virus in culture to determine viral viability and thus infectiousness. An attractive solution is to
construct high affinity binding reagents which specifically enrich for intact virus from large volumes
of wastewater. We propose the use of the SARS-CoV-2 entry receptor ACE-2 fused to tags (histidine
and streptavidin) for the purification of intact PCR detectable SARS-CoV-2 from wastewater using
magnetic beads.
A recent clinical surveillance study in Malawi illustrated a high prevalence (13.3%) of SARS-CoV2
present within the population (unpublished). However, currently only having 19 COVID-19 testing
sites, Malawi thus has limited capacity to facilitate large scale clinical surveillance. Within the
Malawi-Liverpool Welcome Trust previously established environmental surveillance systems in
place for typhoid have been utilized to monitor COVID-19 in wastewater from as early as May 2020.
Preliminary data shows that SARS-CoV-2 was detected in 19% of samples using the CDC N1 assay.
This limited dataset highlights the potential for large scale environmental surveillance of SARS-CoV-
2 to understand transmission hotspots and monitor intervention strategies in Malawi. This project will establish if tagged ACE-2 can be used to purify intact virus from wastewater and scaled up for
appropriate use in LMIC's, followed by establishing infectivity of purified virus and genomic analysis
following NGS.",Studentship,Closed,0,,,https://gtr.ukri.org/projects?ref=AD3AD9B4-2705-4A8E-90FF-00F8EF7A7324
AD63307D-EECA-474C-BA7A-00CCD12C3BBB,Exploring the Efficiency and Sustainability of Green Hydrogen Production: Utilizing Solid State Electrocatalysts and 3D printed cells in Water Electro,"The project aims to utilize our library of solid state electrocatalysts, including thin films, to find efficient ways for hydrogen generation using commercial and 3D printed electrolysis cells. The PhD scholar will also investigate improving the water oxidation reaction efficiency and exploring opportunities to implement electrolysers that can split water. Overall, the focus is on advancing hydrogen generation from water electrolysis through electrocatalyst and cell optimization.",Studentship,Active,0,,,https://gtr.ukri.org/projects?ref=AD63307D-EECA-474C-BA7A-00CCD12C3BBB
AD76FA5F-E6CE-4791-8FE7-0077661D9187,Physical and biological dynamic coastal processes and their role in coastal recovery (BLUE-coast),"The BLUE-coast consortium addresses NERC highlight topic B, Coastal morphology: coastal sediment budgets and their
role in coastal recovery. This project will adopt a holistic and multidisciplinary approach, combining the expertise of
biologists, coastal engineers, geologists, geomorphologists and oceanographers with complementary experimental (field
and laboratory) and numerical skills, to understand what processes control the coastal system dynamics and answer the
relevant scientific questions.
BLUE-coast will explicitly address uncertainties in the prediction of medium-term (years) and long -term (decadal and
longer) regional sediment budgets and better understand morphological change and how the coast recovers after
sequences of events, such as storms by: (i) improving representation of both transportable and source material within the
coastal zone within models; (ii) establishing how transportable material is mediated by the ecological system using
exemplar habitats representative of the UK coastal zone; (iii) assessing sensitivities of this mixed-sediment physical and
biological system to possible changes in external forcing, including the combined impact of multiple variables and
sequences of events, with the goal of understanding the internal dynamics of the system (e.g. nonlinearities, critical
thresholds, tipping points, precursors and antecedent conditions) in parallel with assessments of behavioural uncertainties,
and (iv) reduce uncertainties in medium to long -term prediction of regional sediment budgets and morphological change.
Project Overview: the scope of the Highlight Topic sets a requirement for quantitative knowledge on both physical and
biological dynamic coastal processes in order to improve hydrodynamic model predictions of regional sediment budgets
and morphological change. To deliver an integrated, holistic and cost effective response, our main activities will combine (i)
a detailed study of representative shelf sea landscapes that spans the full variety of organism-sediment conditions typically
observed in temperate coasts, with (ii) in situ validation studies of key processes, and (iii) manipulative laboratory and field
experiments aimed at unambiguously identifying causal relationships and establishing generality, and (iv) integration of
new understanding of controls and effects on coastal morphodynamics at regional scales and under environmental forcing.
By undertaking a substantial element of in situ observation and process studies, we will directly quantify the effect of
antecedent conditions on coastal erosion and recovery, the effect of biota on mediating sediment fluxes and pathways and
the effect of event sequencing on coastal erosion and recovery, across a range of geographically significant sediment
habitats. These data will act as calibration and validation datasets for existing and innovative numerical models that will be
able to simulate the coastal morphological consequences of key biological and physical drivers, alone and in combination.
We will gain mechanistic understanding and achieve generality by performing carefully controlled experiments, generating
different flow regimes using flumes, tracking changes during natural events using state-of-the-art field measurement
technology and, in the laboratory, using intact sediments and sediment communities exposed to anticipated future
conditions (warming, ocean acidification, nutrient loading). As it is not feasible to quantify all the relevant morphodynamic
processes at high spatial resolution across the entire UK coast, our approach is to address the principal objectives through
4 interdisciplinary workpackages that follow a logical progression of scientific themes.",Research Grant,Closed,0,,,https://gtr.ukri.org/projects?ref=AD76FA5F-E6CE-4791-8FE7-0077661D9187
ADC9ED53-747C-40DA-A091-0178D3053885,Quantification of dental caries using a 3D X-ray device at the dentist's chair,"&quot;Almost everyone will have had a dental X-ray. These help dentists make informed decisions about diagnoses and treatments. However, each X-ray is just a 2D shadow of a 3D shape so assessing the size and shape of feature such as cavities in teeth can be difficult. Large 3D imaging systems do exist today but they are expensive, only available at specialist centres and they give a relatively high radiation dose.

Adaptix has a new method of obtaining 3D X-ray data. Adaptix have miniaturised the X-ray emitter meaning that many emitters can be arranged in flat panel array. Electronically firing X-rays from 45 different positions means that 3D information can be derived, in the same way that having 2 eyes in different positions gives us depth perception. Adaptix's device is small enough to be used at the dentist's chair, gives a low radiation dose and the 3D images give more information to the dentist than is obtained from current devices. This project will go further and develop software to analyse the 3D slices and _quantify_ the size of cavities. This will help dentists decide if a cavity needs to be filled or whether it can be safely left until next time and monitored to see if it will improve over time or get worse and need treating. This will make dentists more confident in their decisions and improve the quality of care that is provided. This is important as dental caries is one of the most prevalent diseases (42% of an adult population in the UK, Source: Murray et al. 2015, https://onlinelibrary.wiley.com/doi/full/10.1111/jcpe.12677).

Enabling Adaptix to bring this healthcare technology to the UK, will support the NHS by reducing the cost of high-quality dental care, as well as enabling our dentists to make earlier and more accurate diagnoses.

Adaptix is a UK company, setting up a UK manufacturing site, creating jobs in the UK. Supporting Adaptix will enable its UK technology to be brought to market, which will benefit the UK, as well as dental care worldwide.&quot;",Feasibility Studies,Closed,0,,,https://gtr.ukri.org/projects?ref=ADC9ED53-747C-40DA-A091-0178D3053885
ADDABBBD-F94B-4C6F-95CD-014628B3A83E,Office furniture design for remanufacturing,"This project is to investigate how to better design commercial furniture for remanufacturing to address today’s 165,000,000 kg of furniture sent to landfill every year.

It will do this by bringing essential but missing design and remanufacturing skills to our company, enabling us to reshape the furniture put into service so that it has many lifetimes. This will reduce furniture waste, create UK jobs in remanufacturing, reduce furniture costs for UK businesses and improve national balance of payments and resource security.",Vouchers,Closed,0,,,https://gtr.ukri.org/projects?ref=ADDABBBD-F94B-4C6F-95CD-014628B3A83E
AE28BBD7-D7D1-4776-A0E5-0036217369EB,Improved Earthworks Drainage for Safer Reliable Railways,"Recent study of NR earthworks failures has confirmed a statistically significant link between poor drainage condition and incidents of failure in certain geological conditions. However, with 10,000km of earthworks on the network a prioritisation approach is required to determine where and when to intervene to improve earthwork drainage condition. This project will develop models of the precipitation, evapotranspiration, infiltration, runoff system for earthworks and their associated vegetation and use this model to develop prioritisation guidelines for identified vulnerable asset groups. The model will include examination of the balance between improved earthwork stability linked to vegetation and the potential for leaves and roots and clog drainage materials and disrupt pipes. The model will also couple to a holistic view of the drainage network to consider the impact of improved earthwork drainage on the overall drainage system including downstream capacity.

The aim of the project is understand the integrated slope-vegetation-drainage system for railway earthworks to permit prioritisation of drainage renewals and maintenance. Specific objectives are to:-
(i) Develop a models for interactions between climate, slopes, drainage and vegetation to enable identification of groups of vulnerable earthworks which would most benefit from drainage renewals and/or planned maintenance. 
(ii) Understand the trade-offs between the positive and negative impacts of vegetation on the NR drainage asset leading to improved vegetation management strategies. 
(iii) Understand the impact of improved earthwork drainage capacity on the overall drainage system, especially downstream capacity and consequences. 


The potential benefits of the project include 
(i) Increased resilience of earthworks resulting in improved safety with fewer failures, reduced earthworks renewal costs and increased customer satisfaction through improved reliability and reduction in delay minutes. 
(ii) Better prioritisation of drainage renewals &amp; maintenance budgets. 
(iii) Better integration between the provision and maintenance of drainage and earthworks assets, including vegetation management strategies that work for both types of assets.

The project outputs will include, system models, identified vulnerable earthwork groups, improved renewals prioritisation guidelines and vegetation management strategies.",Studentship,Closed,0,,,https://gtr.ukri.org/projects?ref=AE28BBD7-D7D1-4776-A0E5-0036217369EB
AE35DDC7-52E0-4CCC-B33D-01E4DEC7C008,Simplified Electrode Manufacturing (SEM),"Abstracts are not currently available in GtR for all funded research. This is normally because the abstract was not required at the time of proposal submission, but may be because it included sensitive information such as personal details.",Collaborative R&D,Closed,0,,,https://gtr.ukri.org/projects?ref=AE35DDC7-52E0-4CCC-B33D-01E4DEC7C008
AE36B5DD-F362-434D-9D43-00AF1541C49E,From Data to Knowledge: Understanding peace and conflict from afar (seminar series),"This series begins with a set of questions which UN peacekeepers, aid workers, governments, researchers and conflict analysts are increasingly troubled by: how do we know what we know about fragile and conflict-affected regions and how far do our understandings reflect - and take account of - the views and perspectives of communities living in these regions? Bringing together leading scholars and partners in the worlds of policy and practice - including Save the Children, the UK Government (DFID and FCO), OECD and Somalia NGO Consortium (Somalia NGOC), Nairobi - the series will provide a critical and innovative set of fora for analysing how conflict knowledge is generated and disseminated - and with what implications for research and policy in the UK and abroad.

This exploration comes in the context of a growing focus by Western governments and organizations on working on, and in, fragile and conflict-affected regions. The UK Government - now legally committed to spending at least 0.7% of GNI on international development - has steadily re-focused its aid portfolio around fragile states since the later 2000s and these countries now absorb over one-third of the DFID budget. Similar trends are apparent among other Western aid donors and organizations as well as among NGOs and researchers whose funding is often tied to these bodies and their agendas. Along with the UN, the militaries of developing states are also increasingly involved in peacekeeping and statebuilding exercises in fragile regions and polities.

Alongside these developments, however, have emerged a number of issues which actively limit Western actors' ability to gain direct access to - and understandings of - communities living in fragile contexts. The growing number of UN and aid workers now being targeted by criminal and terrorist groups in conflict zones has led most Western organizations to introduce risk management procedures which ultimately reduce direct interaction between the 'international' and the 'local'. This includes the creation of heavily-fortified aid 'compounds' to house aid workers and their families, the collection of data from afar (via drones or other technologies, for example) and the remote management of projects. Thus DFID's Somalia Office (a Project Partner for the series) is based in neighbouring Kenya. 

This culture of risk aversion has also steadily come to curtail the ability of Western researchers and NGOs to live and work in regions viewed as too remote or dangerous by insurance providers, ethics committees or managers. Thus these communities also increasingly rely on ever-distant chains of 'local' interlocutors and mediators to gather data or implement projects - in a Western political context where ensuring clear and measurable developmental results for all aid disbursed is paramount.

This series of research seminars will pose and engage with several key questions and concerns which emerge from these various paradoxes. Most prominently - what tools and methodologies can be used to collect conflict data remotely and to what extent can they replace or substitute more direct forms of information-gathering? To what extent can - or should - different social and cultural understandings be reflected in the collection and interpretation of 'local knowledge'? What role do local actors play in mediating or resisting the generation of knowledge on - and in - their communities? How is conflict 'data' transposed into conflict 'knowledge' and how far does Western policy and research on conflict regions take account of local perspectives?

The series engages with a prominent set of debates in contemporary policy-making circles and global scholarship across a range of disciplines, notably Politics, International Relations, Development Studies, Economics and Anthropology. The participation of early-career researchers and scholars from the developing world is a key focus of the series and enhances its strength and credibility.",Research Grant,Closed,0,,,https://gtr.ukri.org/projects?ref=AE36B5DD-F362-434D-9D43-00AF1541C49E
BD94EFCE-6B29-4EBB-95CE-01C8BEF59E6A,Continuous-flow Synthesis of Functional Polymeric Materials,"In recent years, the field of continuous flow chemistry has become a powerful technique for multi-step synthesis of a wide range of organic compounds. It can provide a faster, cleaner and cheaper means of organic synthesis, while complex, multi-step syntheses can be conducted in series with relatively high yields through the rapid progression of intermediates. At present, most industrial scale polymer synthesis is carried out using batch techniques, which have some inherent disadvantages, such as the requirement to deal with large volumes of potentially hazardous chemicals, poor heat transfer and large volumes of waste material when batches fail. 

The aim of this project is to design continuous-flow systems, which are optimised for the synthesis of a range of polymeric materials. A range of well established, controlled polymerisation techniques such as reversible addition fragmentation chain transfer (RAFT) polymerisation and atom transfer radical polymerisation (ATRP) will be used will be used to synthesise various controlled structure polymers and responsive polymer nanoparticles. The unique properties of flow systems will be exploited in order to achieve finer control over the architecture of the polymer chains. For example, reducing the molecular weight distributions using precise temperature control; fine tuning the molecular weights of polymer chains by simply altering flow rates; and the synthesis of multi-block copolymers by sequential monomer addition will be investigated. Furthermore, subsequent block copolymer self-assembly and encapsulation will be attempted in series.

The resulting polymers and particles will be fully characterised using a range of analytical techniques including NMR spectroscopy, gel permeation chromatography (GPC), dynamic light scattering and electron microscopy. There may also be opportunities for developing on-line analysis during the synthesis in order to understand and further optimise such continuous-flow processes (e.g. On-line GPC). 


Such accurate control will allow for reliable and reproducible preparation of polymeric systems with tuneable properties and potential applications in the healthcare, personal care, automotive and agrochemical industries. Furthermore, better heat transfer and reduced waste products allow a reduction in energy consumption, emissions and running costs.",Studentship,Closed,0,,,https://gtr.ukri.org/projects?ref=BD94EFCE-6B29-4EBB-95CE-01C8BEF59E6A
BDC1BE2A-D70F-4893-B4FF-02077A6A4A3E,Lyssavirus entry,"Investigating the impact of lyssavirus glycoprotein variation on virus entry and susceptibility to antibody neutralisation, including that elicited by a novel Chimpanzee Adenovirus-based vaccine. This will include investigation of the impact and role of glycan shielding in antibody sensitivity and entry efficiency",Studentship,Closed,0,,,https://gtr.ukri.org/projects?ref=BDC1BE2A-D70F-4893-B4FF-02077A6A4A3E
BEA26281-78D5-4B56-834A-0038E625BC78,"HIV prevention in Tanzania: the role of types of sexual partnerships, early sexual histories and community factors","Nature of proposed research
HIV prevention among young people is an urgent priority. Research has shown that prevention interventions such as sex education in schools can increase knowledge about HIV and sexual and reproductive health. However, such interventions have not been able to reduce the number of young people infected with HIV and other sexually transmitted infections (STI). There is a gap between knowledge of how to avoid HIV and other sexual risks among young people and actual behaviour change. We need to find effective ways to prevent HIV among young people in sub-Saharan Africa.

This research will use data collected during a recent survey of over 13,000 young people in rural Tanzania. Young people told us who they have sex with and described the type of relationship with each of their recent sexual partners. We can make a map to see if young people infected with HIV live in certain areas eg near to a major road or town. Analysing this information will help us to understand where and when a young person is most likely to take risks. The results of this research will be used to design interventions that will help young people to reduce their risk of being infected.",Fellowship,Closed,0,,,https://gtr.ukri.org/projects?ref=BEA26281-78D5-4B56-834A-0038E625BC78
BEAEE417-E771-472A-A73E-00B781E84CDB,APPCOMM - AI Powered Process for Communicating Orchard Management Metrics,"Abstracts are not currently available in GtR for all funded research. This is normally because the abstract was not required at the time of proposal submission, but may be because it included sensitive information such as personal details.",Collaborative R&D,Closed,0,,,https://gtr.ukri.org/projects?ref=BEAEE417-E771-472A-A73E-00B781E84CDB
BF0DBC85-3B76-4934-A572-010CDE136122,Sustainable Bioconversion of CO2 to Polyhydroxyalkanoates Biopolymer by Anaerobic Mixed Bacteria in a Single-Stage Gas Fermentation (CO2BIOPOL),"The increasing carbon dioxide (CO2) emissions are a significant contribution to global warming and climate change. The carbon capture and utilisation (CCU) strategy has emerged to convert the CO2 to carbon-based chemicals through gas fermentation to move towards a low-carbon economy. An interesting case for CCU is to produce intracellular biopolymers such as polyhydroxyalkanoates (PHA) from CO2 feedstock by anaerobic microorganisms. PHA holds several industrial and bulk applications, and it has been recognised as long-term sustainable green alternatives to petrochemical plastics since they are entirely biodegradable and biocompatible. This project is developing the concept of a novel biotech process for the sustainable bioconversion of CO2 into PHA by anaerobic mixed microbial cultures (MMC) via single-stage gas fermentation using novel high-rate gas transfer reactors. First, the project aims to investigate the appropriate anaerobic microbial communities for PHA synthesis. Secondly, intensification of PHA production conditions by selecting and controlling operating parameters along with PHA chain length elongation and medium-chain-length PHA synthesis by anaerobic MMC. Thirdly, optimised PHA production conditions will be evaluated under pilot-scale level along with cost-benefit analysis to demonstrate the sustainable long-term PHA production via single-stage gas fermentation. The proposed project is significant in terms of PHA production from renewable feedstocks (CO2) and would be an asset in the development of the bioeconomy within UK and European biotech industries. PHA production from CO2 would be an example of sustainable future clean technologies to save natural resources and energy.",Fellowship,Closed,0,,,https://gtr.ukri.org/projects?ref=BF0DBC85-3B76-4934-A572-010CDE136122
BF6A5872-1349-4F0C-98F8-0096CA41ECCA,Application of machine learning in molecular materials discovery,"This project will investigate the use of machine learning, in particular neural networks, for the discovery of new molecular materials. This will focus on porous molecular materials, investigating their formation reactions and properties for separation applications. It will also investigate other organic molecular materials, such as organic molecules for water splitting and hole transport materials. A significant portion of the early work will require building up training sets of data and the use of an evolutionary algorithm in this area.",Studentship,Closed,0,,,https://gtr.ukri.org/projects?ref=BF6A5872-1349-4F0C-98F8-0096CA41ECCA
BFBBAC21-1735-42FA-A8C4-0067E0E2EC5E,SA-ISO and CREST certification,"We are a specialist IT/Data Security &amp; Compliance company with many years of direct security experience and industry relevant qualifications, providing a niche service offering to forward thinking businesses. We specialise in the following services:Penetration Testing (Ethical hacking)Cybersecurity Consultancy3rd Party Audit and Due DiligenceWebsite SecurityApplication/Software SecurityNetwork SecurityData Centre AuditingOutsourced Security ManagementSecurity Awareness e-LearningISO22301 Business Continuity",Vouchers,Closed,0,,,https://gtr.ukri.org/projects?ref=BFBBAC21-1735-42FA-A8C4-0067E0E2EC5E
BFC030B7-5738-42D1-A9FD-001158F21276,Valuing the mental health and well-being benefits of nature engagement through measures of soundscape complexity,"There is growing recognition of the value and benefits of spending time in nature for human health and well-being, with governments and organisations around the world now developing green prescribing programmes to treat mental health issues and support mental well-being through contact with nature. The COVID-19 pandemic has served to highlight the value of such contact, both in terms of the detrimental impacts of local and national lockdowns on mental health and the widespread appreciation of the benefits of nature engagement during this period. The health and well-being benefits derived from nature represent globally important cultural ecosystem services (CES). However, whilst we know that the quantity of natural space available can influence these CES, the importance of the quality of this space remains largely unknown. We also have only a limited understanding of the role and impact that different elements of biodiversity play in driving nature-health relationships. These knowledge gaps have limited the systematic integration of these CES into wider ecosystem service frameworks, conservation and sustainable development policies, and landscape and urban green-space management.

Sound plays a key role in our experience of nature, with bird song in particular providing the soundtrack to time spent outdoors. Indeed, from Vaughan William's &quot;The Lark Ascending&quot;, to Rachel Carson's &quot;Silent Spring&quot;, bird song has long been a defining component of our relationship with nature and our assessment of environmental quality. The acoustic characteristics of these soundtracks, or natural soundscapes, can be readily measured. Birds are frequently used as an indicator of wider biodiversity and the composition of bird communities is driven by many factors, such as habitat availability and landscape structure, that are also known to influence the quality of nature experiences. The acoustic characteristics of soundscapes provided by birds can therefore indicate the state of landscape biodiversity more generally. As such, soundscapes have the potential to provide an objective measure of the contribution of biodiversity to mental health and well-being benefits though nature engagement and to enable fuller integration of these CES into the ecosystem service framework and into natural capital policy and management decisions. In this project, our team of academic researchers and key stakeholders from conservation, mental health, industry, planning and policy arenas will develop the mechanistic understanding of the pathways linking landscape structure, soundscape complexity, perceptions of soundscape quality, derived mental health and well-being benefits, and economic values required to achieve this. 

Rather than relying on recordings of actual soundscapes, we will use a novel approach that combines bird monitoring data with existing recordings of individual species to construct simulated natural soundscapes across the UK and relate their acoustic properties to local habitat and landscape characteristics. Using both laboratory and online experiments, we will also explore short-term responses to and long-term implications of exposure to soundscapes with varying acoustic characteristics, examining the contextual and individual factors which drive variation in the strengths of these relationships. We will examine the psychological mechanisms that underpin these relationships and investigate whether human noise reduces the benefits of natural soundscapes. We will also relate spatial patterns in soundscape characteristics to indicators of mental well-being and antidepressant prescriptions rates, and quantify people's willingness to pay for improvements in natural soundscape quality. Taken together, these advances will allow us to measure, monitor and predict temporal and spatial patterns in natural soundscape stocks and the flows of derived benefits.",Research Grant,Closed,0,,,https://gtr.ukri.org/projects?ref=BFC030B7-5738-42D1-A9FD-001158F21276
C0155262-12C2-4DBE-B061-01C0876EBB66,Developing novel photonic nanomaterials inspired by photosynthetic biomembranes,"Photosynthesis is essential for life on Earth and a source of great inspiration for the design of new optically-active materials [1]. &quot;Light-harvesting&quot; (LH) proteins found in plant chloroplasts absorb photons of light using a network of coordinated pigment molecules (e.g. chlorophylls). Energy absorbed is transferred between LH proteins, which act collectively as a satellite dish for energy trapping with remarkable quantum efficiency [2]. Yet, they are inherently limited by lack of stability of proteins and limited wavelength range of light absorbed. Novel systems with enhanced optical properties and greater stability can be designed by interfacing LH proteins with non-natural nanomaterials [3].
This PhD project will investigate the potential for integrating nanomaterials, such as lipid dyes and quantum dots, with photosynthetic systems. LH proteins and lipids will be used as building blocks and combined with a range of nanomaterials to generate modular biomembrane systems with an enhanced absorption range. You will use absorption and fluorescence spectroscopy and graphical analysis to quantify the efficiency of energy transfer, showing the improvement over the protein alone. The micro- and nanoscale organization of such LH systems can be controlled with surface patterning techniques and characterized with atomic force and fluorescence microscopy. Objectives include: (i) proof-of-concept demonstration of a bio/hybrid system with high efficiency energy transfer, (ii) micro-patterning these LH membranes on solid surfaces, (iii) exploring applications for novel chip-based devices. This project is suitable for applicants with an interest in biophysics, biochemistry, or nanoscience.",Studentship,Closed,0,,,https://gtr.ukri.org/projects?ref=C0155262-12C2-4DBE-B061-01C0876EBB66
C0273C4E-D0A3-4016-A602-00D43F39C8B1,(DYNAMOS): Dynamic and reconfigurable data centre networks with modular optical subsystems,"DYNAMOS develops fast (1 ns) and widely tuneable (&gt;110 nm) lasers, energy-efficient (~ fJ/bit), broadband (100 GHz) electro-optic modulators, and high-speed (1 ns) broadcast-and-select packet switches as photonic integrated circuits (PICs). DYNAMOS meets the expected outcome objectives and call scope by proposing the development of low energy (few pJ/bit) PICs, which are integrated into modular and scalable subsystems, and subsequently utilized to demonstrate novel data centre networks with highly deterministic sub microsecond latency to enable maximum congestion reduction, full bisection bandwidth (lower congestion) and guaranteed quality of service while reducing cost per Gbps. The proposed network offers optical circuit switched reconfiguration and guaranteed (contention less) full-bisection bandwidth, allowing any computational node to communicate to any other node at full-capacity. DYNAMOS builds on recent developments in III-V optoelectronics, thick silicon-on-insulator waveguide technology, and silicon organic hybrid (SOH) modulators. It co-develops the entire ecosystem of transceivers, switches, and networks to boost overall performance and to reducing the total cost of data exchange, instead of focusing on the improvement of individual optical links or interfaces. The objectives of DYNAMOS perfectly match the major photonics research &amp; innovations challenges defined in the Photonics21 Multiannual Strategic Roadmap 2021-2027.",EU-Funded,Active,0,,,https://gtr.ukri.org/projects?ref=C0273C4E-D0A3-4016-A602-00D43F39C8B1
C0886E63-3ADF-4DD7-8EDD-01D83EA345A2,The Global Methane Budget,"Methane is the second most important greenhouse gas contributing to human-induced global warming. Atmospheric methane concentrations have increased sharply since 2007, and dramatically in 2014, for reasons that are not understood. 

The overall increase since 2007 is comparable to the largest growth events over the past 1000 years. The recent rises have occurred worldwide, but after an Arctic pulse in 2007, the growth has been primarily in the tropics and southern hemisphere. Strong growth continues in 2015. Carbon isotopic evidence suggests that the increase is due to sources that are predominantly biogenic in origin, with changes in the anthropogenic sources from fossil carbon and burning (e.g., natural gas leakage, coal mining and so on) playing a subordinate role. This, taken with the tropical locus on growth, suggests that the increase has primarily been driven by meteorological change (e.g., temperature, rainfall). 

Moreover, the global methane budget is currently not well understood. &quot;Bottom-up&quot; estimates, made by aggregating inventories of emissions (e.g. from gas leaks, fires, landfills, cows, etc) or from process models (e.g., wetlands) balanced with known loss processes, are significantly different from '&quot;top-down&quot; budgets assessed by direct measurement of methane in the atmosphere. Why this discrepancy occurs is not known.

The project has four components:
1. Better Observations are needed to derive estimates of emissions. The project will support a UK observation network for methane and its isotopes. Continuous stations will be at Kjolnes (Norway), Weybourne, Jersey, NERC ship RRS JC Ross, Cape Verde, Ascension, Falklands, Halley Bay, Hong Kong, with partner stations in Canada, Spitsbergen, Bolivia, S. Africa, India, Rwanda and Malaysia. Flask or bag sampling (for methane, 13C and D/H isotopes) will also be undertaken at these stations and at a number of continental stations in S. America, Africa and S, SE and E Asia, with offline analysis in the UK. A D/H measurement facility will be set up. The UK FAAM aircraft will carry out flights across the Atlantic tropics, from Azores to Cape Verde to Ascension.

2. Process Studies will address the largest information gaps in the global budget. Tropical emission fluxes and isotopic signatures are not well constrained. Field campaigns will be undertaken in tropical wetlands in Amazonia, Africa, India and SE Asia, and C4 savanna biomass burn regions. Poorly understood anthropogenic sources will be studied in Kuwait and S, SE and E Asia. Characteristic isotopic signatures of regional emissions will be determined, to support global and regional modelling. Land surface modelling and satellite studies will study emissions and responses to change in temperature and precipitation. Major sink processes will be investigated in the tropical atmosphere, with vertically and latitudinally resolved OH and Cl budget studies by the FAAM aircraft, and quantification of tropical uptake by soils.

3. Atmospheric modelling will be used to derive regional and global fluxes, apportioned by source type and geography using integrated in situ and remote sensing observing systems. We will carry out regional trajectory studies using models like NAME to assess regional emissions. Global modelling using 3D models will test synthetic estimates of the methane mole fraction and isotopic record. Global inverse modelling for mole fraction, 13C and D/H will be used to estimate fluxes by geographic source and source type, including a comprehensive assessment of the uncertainties that remain once all available observations have been used.

4. Integrative studies will use the results from the project to test top-down and bottom-up emission estimates, and evaluate the responses of the global methane budget to projections of climate change.

The project will deliver a state of the art greenhouse gas monitoring network and much better knowledge of the global methane budget.",Research Grant,Closed,0,,,https://gtr.ukri.org/projects?ref=C0886E63-3ADF-4DD7-8EDD-01D83EA345A2
C0955A07-EC72-459E-9594-01888FC4795E,Mapping the chemistry of phosphorus-containing analogues of urea. From fundamental chemistry to high-performance compounds and materials.,"The isolobal analogy is frequently invoked to draw comparisons between the fundamental chemistry of small inorganic molecules and more established organic species. For example, the diagonal relationship between a methine fragment (C-H) and phosphorous has led to the latter being nicknamed a &quot;carbon-copy&quot;. This has resulted in extensive chemistry aimed at developing phosphorus-containing analogues of organic molecules such as phospha-alkenes (RP=PR) and -alkynes (PCR), amongst many other examples. However, an isolobal relationship does not imply that phosphorus-containing congeners of specific organic molecules can be readily synthesized. In fact, the synthesis of relatively simple molecules where a C-H unit, or even an isoelectronic element such as nitrogen, has been replaced by a phosphorus atom still represents a significant technical and intellectual challenge. In this regard synthetic inorganic chemistry lags far behind organic synthesis.

As a case in point, while urea was first synthetically isolated in 1829, it was not until late 2013 that our research group succeeded in the isolation of a phosphorus analogue, phosphinecarboxamide. Considering the importance of urea as a chemical feedstock, we propose to utilize this heavier analogue (and other related species) for the synthesis of novel molecules and solids. This is a completely new approach to organophosphorus compounds which, while inherently risky, has the potential to generate fascinating new species that are related to those derived from urea, but that have fundamentally different chemical and physical properties. 

Current methods for the synthesis of phosphorus-containing chemicals (employed, for example, in pharmaceuticals and specialty chemicals such as photo-initiators) require the use of phosphorus (III) chloride as a feedstock. While such processes currently represent the industrial state-of-the-art, the use of alternative non-toxic precursors remains a highly desirable objective. Alternative strategies to organophosphorus compounds based on the chemical activation of white phosphorus are possible (and well-documented in the literature), however such transformations are often marred by low selectivities or require multiple subsequent manipulations to be competitive with industrial processes. Moreover, white phosphorus is itself highly pyrophoric and dangerous to manipulate. The risks associated with these precursors make the identification of novel phosphorus-atom feedstocks highly desirable.

We propose to develop the chemistry of a new class of phosphorus-containing small molecules that are accessible using red phosphorus, a non-pyrophoric allotrope of the element. Ultimately, this will allow us to reduce the safety risks typically encountered when manipulating conventional precursors for the synthesis of specialty chemicals. Building on recent breakthroughs in our laboratory, we will explore the chemistry of the 2-phosphaethynolate anion and phosphinecarboxamide, two novel phosphorus-containing analogues of otherwise ubiquitous chemicals (the cyanate ion and urea, respectively). Our ultimate goal is to access novel molecular, supramolecular and polymeric species with potential applications in catalysis, chemical sensing and materials chemistry. This proposal represents an entirely novel approach to the development of phosphorus-containing molecules and solids of enormous potential societal and economic impact.",Research Grant,Closed,0,,,https://gtr.ukri.org/projects?ref=C0955A07-EC72-459E-9594-01888FC4795E
C0A2438E-7310-4A33-A22B-002189C5267A,OSI - One Step Interconnect for Thin Film PV Modules,"The purpose of this project is to use a novel cell interconnect process to enable perovskite based semi-transparent Photovoltaic (PV) modules with non-standard dimensions for Building Integrated Photovoltaics (windows of high rise buildings), flexible PV modules using the material CIGS or for industrial roofs, and conventional thin film PV modules (CIGS/CdTe). In this project, the interconnect is achieved using a new laser ablation/inkjet process that works at speeds of up to 3m/sec. The sales target for this new process is &gt;$10M per annum with attractive ongoing sales of specialist inks. The project will dramatically changes the way PV modules are manufactured reducing complexity and cost of manufacture, with flow on savings to customers and increased uptake of solar technologies which will offset fossil fuel demand, decreasing GHG emissions and increasing security of energy supply in the UK.",Collaborative R&D,Closed,0,,,https://gtr.ukri.org/projects?ref=C0A2438E-7310-4A33-A22B-002189C5267A
C0B26C32-932E-4CDD-9764-015395AC9C93,Analysing the decline in the British Coronary Heart Disease epidemic,"Death rates for coronary heart disease (CHD) in the UK have halved since 1980, but CHD is still the commonest cause of death. The decrease since 1980 may be because fewer people now get CHD in the first place, or because more people survive after experiencing CHD, or both. If fewer people now get CHD, this may be due to changes in risk factors in the population (for example, fewer people now smoke). If survival after CHD is better, it will mainly be due to more effective treatment by hospitals or by family doctors, or both. Since 2000, the National Health Service has greatly increased its expenditure on CHD, and the UK spends more per head than any other European country. However most of the spending increase has been concentrated on facilities for people in hospital with CHD. It is therefore important that we understand the main reasons why CHD has fallen in the last two decades. Then government departments will be able to make informed choices about how they best allocate future expenditure, to bring about further decreases in deaths due to CHD. We will analyse three data sets; (i) the British Regional Heart Study which has followed up over 7000 British men for 25 years; (ii) the General Practice Research Database (and the similar THIN database), which has captured computer-recorded information on patients from hundreds of general practices since 1990, and (iii) the Health Survey for England (HSE), which surveys about 19,000 people every year, and in 1994, 1998 and 2003 concentrated on issues concerning cardiovascular disease. From these studies, we will describe trends in heart disease rates, in risk factors, treatment rates, and survival rates after heart disease. Using a computer model called IMPACT, we will then estimate the contribution of changes in risk factors, and increases in treatment, in decreasing the CHD epidemic. We will work with the National Heart Forum, a well-established and influential advocacy group concerning government health policy, to help guide our analysis, and to disseminate our findings.",Research Grant,Closed,0,,,https://gtr.ukri.org/projects?ref=C0B26C32-932E-4CDD-9764-015395AC9C93
C0CDCD36-A86D-4B48-8249-00129A8D6366,Requirement Evaluation of CAV Location Performance and Platform Development (RECAPD),"Location and sensing are two important components for Connected and Autonomous Vehicles (CAVs). Sensing techniques using LiDAR, camera, radar have limitations when driving environments change due to bad weather conditions. The mass-market location techniques utilising GNSS, dead reckoning are currently unable to meet the required CAV location performance such as accuracy, availability, robustness. RECAPD will focus on the R&amp;D of affordable new location solutions through identification of location issues on a mix of UK roads using defined CAV location parameters as major indicators. An advanced survey vehicle capable of delivering high-rate centimetre positioning accuracy will be utilised to produce &quot;ground truth&quot; trajectories for assessing the performance of different combinations of potential CAV location sensors. A new CAV location platform that is empowered with the latest processing engine capable of smartly switching among different location solutions according to CAV environments will be developed. It will use the existing national geospatial infrastructure, GNSS carrier-phase signals, inertial data, embedded low-cost beacons (RFID), etc., for the provision of a ubiquitous location solution. The consortium will also work with RECAPD end users for its market opportunities.",Feasibility Studies,Closed,0,,,https://gtr.ukri.org/projects?ref=C0CDCD36-A86D-4B48-8249-00129A8D6366
C10D98F1-F9B3-4BB9-8390-01DBEC2E1D43,Rapid-Transfer Dynamic Nuclear Polarization,"Nuclear magnetic resonance (NMR) is a powerful method that probes the structure and dynamics of small and large molecules. NMR is also at the heart of magnetic resonance imaging (MRI). In both cases the signal arises from nuclear spins, which can be pictured as tiny magnets. These nuclear magnets can be aligned in an external magnetic field, but because they are so weak, the net alignment in a typical magnetic field is extremely small, and on average only 1 in 100 000 spins is aligned. The signal in magnetic resonance is obtained by sending and receiving radio-frequency waves to and from the nuclei, but only the aligned spins contribute to the signal. 

Using a method referred to as hyperpolarization, it is possible to increase the alignment, or the fraction of spins that contribute to the signal, by orders of magnitude. In one method, referred to as dissolution-dynamic nuclear polarization (D-DNP), a sample containing a molecule of interest is hyperpolarized in a device called polarizer. In the polarizer the sample is kept in a magnetic field of several Tesla at a temperature of 1 Kelvin. Free electrons present in the sample also act as little magnets, and they are about 700 times more magnetic than protons. The electron alignment can be transferred to the nuclei using microwave irradiation. The material is then dissolved using a jet of hot solvent, propelled by helium gas, and the signal is recorded in a secondary apparatus which can be an MRI scanner or a liquid-state NMR spectrometer. Signal enhancements of more than 10 000 are achieved on small metabolite molecules like pyruvate, an important imaging agent in cancer research.

While D-DNP is already a powerful technology, serious disadvantages are associated with the dissolution procedure. For spectroscopic applications, the transfer of the dissolved material to the secondary apparatus takes several seconds, and the propulsion of the sample with helium gas causes foaming in particular for biomolecules. During the transfer time the nuclei loose their alignment - often most of the alignment is already lost by the time a spectrum is recorded. The procedure is also not scalable towards small volumes, as a minimum of 3 mL of hot solvent is needed to prevent freezing of the solvent in the cold regions of the polarizer. Lastly the procedure is not very robust and difficult to automate.

Our preliminary research that underpins this grant application shows that it is possible to transfer the polarized sample in the solid state while keeping most of the nuclei aligned. In our prototype apparatus the hyperpolarized sample is located in a Teflon capsule that is shot from the polarizer to the secondary magnet within 200 ms, and a signal enhancement of 16000 is obtained. This new scheme addresses all the above mentioned issues: The transfer is fast, foaming can be avoided, and the method is scalable towards small volumes.

Within this grant application we will establish the scope of the new technology by optimizing the transfer, and by quantifying the alignment loss for a range of relevant samples. We will capitalize on the new methodological approach and seek to develop dissolution-DNP into a technology that can quickly generate and reveal structural information of a broad range of small and large molecules, with greatly increased sensitivity. 

The new approach in addition offers benefits for the hyperpolarization of substrates for clinical applications. For example the new dissolution method can yield solutions with larger concentrations, giving better contrast in MRI, and the geometry of the apparatus facilitates cross-polarization, a technology by which nuclei can be more strongly polarized in shorter time. Both these improvements can ultimately lead to more accurate images of cancerous tissue in clinical studies.",Fellowship,Closed,0,,,https://gtr.ukri.org/projects?ref=C10D98F1-F9B3-4BB9-8390-01DBEC2E1D43
C14969E0-7BF8-4219-94E4-0116B8822196,People's Trust: A Survey-based Experiment,"Abstracts are not currently available in GtR for all funded research. This is normally because the abstract was not required at the time of proposal submission, but may be because it included sensitive information such as personal details.",Research Grant,Closed,0,,,https://gtr.ukri.org/projects?ref=C14969E0-7BF8-4219-94E4-0116B8822196
C15B5502-F16E-4EC7-BE95-012FF2B55481,Manipulating the chemosynthetic and photosynthetic support of river food webs,"We are probably all familiar with the basic principle that life on earth is reliant on primary production i.e. photosynthetic plants driven by energy from the sun. There was a great deal of interest in 1977 when images of bizarre 6ft tubeworms and giant clams came up from the depths of the Pacific to reveal significant production, indeed whole communities reliant upon chemical energy (chemosynthesis). Few, if any, would suspect that such chemosynthetic life may be significant in the classic chalk rivers of southern England. However, a fortuitous finding, as part of a wider NERC LOCAR project into the ecological significance of river water and groundwater exchange, suggests that this is the case. We measured the stable carbon isotope values of common aquatic invertebrates (small crustacea and insects) and their putative food sources in one of our focal model systems (the River Lambourn) because we can use stable isotopes to trace energy sources and fluxes through food webs. Whereas the values for small shrimps and blackfly larvae reflected that of the dominant photosynthetic production, the cased larvae of the common caddisflies were distinctly different. Remarkably, such isotope values characterise an input of methane-derived carbon and our calculations suggest that the caddisflies were receiving a 20-25 % chemosynthetic carbon 'subsidy'. Freshwater may comprise only 3% of the Earth's total water, and rivers a vanishingly small percentage of that, yet it is this tiny percentage with which we think we are most familiar, and upon which we rely in our everyday lives. Our earlier research suggests we do not know as much about the processes in rivers as we first thought; a completely novel source of carbon, in effect, fuelling life in the river. Of course, methane is a powerful greenhouse gas and the more we know about how it is produced and cycled in the environment, the better. These first findings prompted us to examine the relative proportion of chemosynthetic to photosynthetic production under simple conditions in the laboratory and we showed that chemosynthesis was indeed a significant source of energy; around 6% but with the potential to be higher under natural conditions. What we need to do now is to scale up these simple measurements in the laboratory to realistic field-trials in which we can manipulate both the amount of methane and sunlight. Then we can map the stable isotope 'patterns' we see in the insects directly onto the processes which we hypothesised were the drivers of that pattern and close this knowledge gap. At the River Laboratory of the Freshwater Biological Association, there are a number of stream channels which we can use as the basis for our experimentation, although we will need to modify those to our specific requirements. The channels are fed with water from the R Frome which we have previously found to have the highest summer concentration of methane, ideal for our experiments. In a series of experiments, we will manipulate methane concentration, sunlight and animal numbers, while measuring concurrent photosynthetic and chemosynthetic production. If we can demonstrate that the whole food web, including the plants, are ultimately affected by methane cycling, then our first calculations of the importance of methane subsidy (20-25%) are underestimates, and chemosynthetic production is even more important to the life in these rivers. In summary, we will combine the traditional river ecology expertise of Hildrew and Woodward, with the stable isotope expertise of Grey, and gas and nutrient cycling expertise of Trimmer in a new collaboration to re-appraise how productivity in our rivers is governed.",Research Grant,Closed,0,,,https://gtr.ukri.org/projects?ref=C15B5502-F16E-4EC7-BE95-012FF2B55481
C15DCE18-9973-4B65-A00C-005D1EC0E40C,"Smart control room for construction industry, powered by 3D AI","Construction is a $12Tn industry suffering from very low productivity and digitization. This results in major delays and cost-overruns to be the norm, wasting $5Tn annually. 

In 2018, we identified the lack of real-time visibility on construction progress and performance to be a key
problem. The manual reporting process means decisions made based on intuition as opposed to actionable insights and risks/issues managed with significant delay, resulting in major rework, low productivity and compounding risks.

Last year, the Contilio and Imperial College London (ICL) partnership was awarded a significant Innovate UK R&amp;D grant through the &quot;transforming construction&quot; challenge to tackle this key problem. Through application of cutting-edge technology, we have successfully developed an AI-based software for automating the broken construction
progress and performance, thus, helping deliver construction and infrastructure projects on-time, on-budget and with significantly enhanced productivity and reliability. We have also conducted state of the art research into computer vision and deep learning methods for the Built environment.

Building on the successful momentum of last year's grant, this project will further advance Contilio's 3D deep learning technology, conduct state-of-the-art research, and develop a complementary software module. We will develop a scalable and automated data labelling approach for 3D deep learning applications in the built environment and create an AI-based software prototype that fully automates the construction quality and certification processes. We will compare different data collection technology to evaluate whether low cost camera outputs could be used to collect reliable quality site data. We
also will investigate the use of Scan-to-BIM methods, contributing significantly to the creation of smart and structured digital twins.

This project is conducted by Contilio, a fast-growing construction tech startup based out of London and Imperial College London's Department of Computing and Department of Civil and Environmental Engineering with the support of multiple industry partners. It is aligned with the objectives of the UK Government Construction Strategy and ties into the overall BIM process.",Collaborative R&D,Closed,0,,,https://gtr.ukri.org/projects?ref=C15DCE18-9973-4B65-A00C-005D1EC0E40C
C1611458-9FED-4910-8BD5-017866260BFE,"Historicising and reconnecting rural community: black presences and the legacies of slavery and colonialism in rural Britain, c.1600-1939","The conventional image of the English country house is one of luxury and splendour and forms part of a wider rural idyll central to ideas of British identity and rural community. This project aims to unpack such conventions by reviewing evidence from a range of sources and disciplines of the historical impacts of slavery and colonialism on the British countryside, including evidence on black lives and their integration into rural society. It also seeks to examine the social dynamics surrounding the production and reception of such histories and to develop further opportunities for engagement with them. Collective notions of identity, expressed as community, are important frames for both rural and black groups. However, as appeals to community can be used to separate as well as connect people this project aims to understand how the term is used in historical and contemporary contexts and the material effects of its deployment. Knowledge of these historical presences, connections and legacies in rural Britain is patchy, and sites in the eastern part of the country have been especially neglected.

There are three main elements to the project. Firstly a review of academic, agency and third sector literature on: a) histories both of black and ethnic minority presences and of slavery and colonialism in rural Britain, c.1600-1939; and b) recent public heritage initiatives. Secondly archival scoping to create a summary database of collections relating to black and ethnic minority presence and the histories of slavery and colonialism in the rural East Midlands and East Anglia, c.1600-1939, identifying any related public heritage work in these regions today. Thirdly a series of four workshops to bring together academics, heritage and museum professionals, local authority heritage/outreach officials, 'community' group representatives and wider publics to exchange information and reflect on the issues surrounding the public representation of such histories. This would involve the challenges of repositioning conventionally powerful groups, including those whose histories offer contrasting philanthropic and enslavement narratives, as well as the presentation of subaltern stories in ways which can be integrated into heritage sites in a practical way. An advisory group comprised of academic, agency and third sector representatives will provide expert advice throughout the duration of the project. These activities will enable more reflective and contextualised collaborative relationships between academics, heritage organisations and diverse publics over histories and legacies of slavery and colonialism in rural Britain.",Research Grant,Closed,0,,,https://gtr.ukri.org/projects?ref=C1611458-9FED-4910-8BD5-017866260BFE
B9DCF3F7-4A32-40D6-B7B7-006B373ED802,4He/3He laser microprobe analysis: a disruptive new technology for in-situ U-Th-He thermochronology,"Ernest Rutherford received the 1908 Nobel Prize for the discovery that radioactivity is a product of the spontaneous disintegration of a radioactive element (the parent) into another element (the daughter). He soon realised that if the decay rate is known, this system can be used to determine the age of geological materials. This is analogous with an hourglass in which sand in the top is the amount of radioactive parent and sand in the bottom is the amount of radiogenic daughter. Rutherford's idea was first applied to the radioactive decay of U and Th, which produces Pb and He, resulting in two chronometers. The proposed method aims to develop and apply a radically new technology in which both chronometers are combined on microscopic samples in a fraction of the time required by conventional techniques.

U-Th-He ages are currently measured by (1) heating entire grains of U,Th-bearing minerals such as apatite or zircon with a long wavelength (IR or visible light) laser, (2) analysing the released He with a noble gas mass spectrometer, (3) dissolving the degassed grains in acid and (4) measuring their U,Th-content on a separate (ICP-MS) mass spectrometer. One problem with this method is that it is time consuming, especially for zircon which is an extremely hard to dissolve mineral. A second problem is that it assumes minerals to have a uniform U and Th composition, because He is spatially separated from its parent due to the energetic nature of the radioactive decay process, and this spatial separation can only be corrected for by making assumptions regarding the location of the parent isotopes.

To solve these problems, the proposed research will develop a radically new technology in which He is not released by degassing entire grains with a long wavelength laser, but is extracted from a small pit in a polished surface by ablation with a short wavelength (UV) laser, and ultimately measured on a noble gas mass spectrometer. U, Th (and Pb) are then analysed by exactly the same means using an ICP-MS. The key innovation of the proposed method over previous attempts at 'in-situ' U-Th-He dating is that all the measurements are done relative to a standard of know U-Th-He age, which is irradiated alongside the sample with high energy protons to produce an internally uniform background signal of 3He (which is a rare isotope of helium).

The new method will deliver a two orders of magnitude increase in sample throughput while enabling us to map out the spatial distribution of U, Th and He within individual grains and producing (U-Th)/(Pb-He) 'double-dates' by default, thus revealing a wealth of geological information previously invisible to the conventional method. We anticipate in-situ U-Th-He dating of proton-irradiated samples to replace conventional whole-grain degassing and dissolution in many (albeit not all) applications, warranting the label of a 'disruptive technology'. We are seeking funds to develop this new dating method as a continuation of Rutherford's groundbreaking research, at a modest cost to the tax payer.",Research Grant,Closed,0,,,https://gtr.ukri.org/projects?ref=B9DCF3F7-4A32-40D6-B7B7-006B373ED802
B9FFC6AA-EE95-4B5B-A4B4-01F86B5D9002,Smart Urban Resilience: Enabling Citizen Action in Disaster Risk Reduction and Emergency Response,"Natural hazards in Mexico are a significant source of human suffering and economic loss. With earthquakes, hurricanes and floods, amongst others, generating estimated annual average losses of $2.9b USD, identifying novel, integrated and shared forms of disaster risk reduction (DRR) and emergency response is a national priority. Such need is particularly salient for medium-sized cities, which are home to the majority of the world's urban population yet poorly understood. Previous studies have identified that Mexican cities, given their broad diversity of geomorphological and hydro-meteorological conditions as well as the current changing climate, are likely to experience more frequent and extreme weather events. Out of the 87.7 million Mexicans living in areas exposed to various natural hazards, 70% live in urban and 10% in peri-urban areas. 

Responding directly to these challenges, this project focuses on the intersection between smart/digital urbanism practices, disaster risk reduction (DRR) and emergency response to determine how the smart city (and associated technologies) can enable (or disable) citizen action in planning for and responding to disasters and emergencies. It draws on the objectives established by the New Urban Agenda (UN Habitat 2017) and the 'Urban Sustainable Development Goal' (United Nations 2015), including the need to adopt and implement DRR practices and foster participatory approaches in the making of cities, thus examining the possibility of digital technologies contributing to urban resilience in Mexico. Resilience studies and literature have shown that building resilience requires not only hard effective and efficient infrastructure and technological advances, but also capable and functioning 'soft infrastructure' including social networks and institutional capacity and coordination (Susskind 2010). Our project recognizes, seeks to capitalize on, and find ways to strengthen the already significant role that civil society has historically played in DRR and emergency response in Mexico, through examining pathways for smart city approaches towards DRR and emergency response. 

While smart city narratives and digital urban technologies are undoubtedly having a profound impact on the contemporary configuration of the city, their potential for transforming the governance of DRR and emergencies in cities remains largely unexplored. This project's main aim is to understand how smart city and urban digital technologies play a role in building urban resilience through changing the ways in which citizens prepare and respond to natural disasters and emergencies, thereby empirically testing whether and how citizen engagement is important for realising the potential of smart urban technologies in DRR. The project looks at existing practice of and future potential for a range of smart city interventions (such as open data platforms, civic hacking, smart urban planning and others) altering the role of different social actors in DRR and emergency response. Geographically, the project focuses on medium-sized cities, given the potential of exacerbated future risks in these locations resulting from rapid and unplanned growth, urban sprawl and poverty. Globally, most urban residents live in small- or medium-sized cities, yet research concentrates on large- and mega-cities. Medium-sized cities bring their own challenges in governance, resource and capacity, and these challenges directly affect their ways of engaging with DRR and emergency response. The project has selected the cities of Queretaro, Puebla and Acapulco as the main locations for its case study, given the diversity of hazards and ecosystems represented within these 3 cities.",Research Grant,Closed,0,,,https://gtr.ukri.org/projects?ref=B9FFC6AA-EE95-4B5B-A4B4-01F86B5D9002
BA09D5FD-DAE7-4310-ACB7-00FD518678A4,Protective coating of NdFeB sintered magnets,"HyProMag is looking to develop protective coating solutions for sintered neodymium-iron-boron (NdFeB) magnets. HyProMag's patented technology provides a route for manufacturing rare earth magnets utilising end of life components as feedstock. Sintered NdFeB magnets are ubiquitous today and are used in a wide variety of applications from loudspeakers to EV motors to pump and filtration solutions, with most applications requiring a coating on the magnet for corrosion protection. HyProMag is looking for commercially viable and environmentally conscious coating solutions for NdFeB magnets. Indestructible Paint will study compatibility, application and corrosion protection of sintered NdFeB magnets, first with existing products, then with bespoke coatings.",Collaborative R&D,Closed,0,,,https://gtr.ukri.org/projects?ref=BA09D5FD-DAE7-4310-ACB7-00FD518678A4
BAACB21B-9528-48B6-9FE3-012BCF4BB379,Understanding the impact of agri-environment schemes on emerging infectious diseases in pollinators,"Abstracts are not currently available in GtR for all funded research. This is normally because the abstract was not required at the time of proposal submission, but may be because it included sensitive information such as personal details.",Research Grant,Closed,0,,,https://gtr.ukri.org/projects?ref=BAACB21B-9528-48B6-9FE3-012BCF4BB379
BAD5F66C-65DE-45F9-B42A-02008EA7254B,Combining machine learning and human skin explant models to harness beneficial skin microbes to treat atopic dermatitis.,"Background: Atopic Dermatitis (AD) is a debilitating inflammatory skin condition that lacks a curative therapy. AD patients suffer dysbiosis of their skin microbiome, with domination by the pathogen&nbsp;Staphylococcus aureus, which drives immunopathology and disease progression. The extensive use of antibiotics for AD treatment has fostered the spread of antibiotic resistance, underscoring the urgent need for new therapies that can effectively combat AD and skin dysbiosis without promoting antibiotic resistance.
Current AD Animal Model Drawbacks: The AD research landscape is dominated by animal models that inadequately recapitulate human disease and cause significant animal suffering. Our project aims to replace these models by integrating mathematical and machine learning models of the skin microbiome in AD with a more physiologically relevant experimental platform - a human skin explant model.
PhD Project Goals: The aim of this NC3Rs PhD is to use these computational and human explant models to design and test beneficial skin microbes to eradicate Staphylococcus aureus and prevent inflammatory damage in AD. This research will achieve two significant outcomes: replacing the use of animals in AD research and developing a novel, targeted therapeutic approach that reconfigures the skin microbiome to prevent AD. We have support from labs around the world that currently use mouse models of AD who are eager to switch to our non-animal models.
A Multidisciplinary Collaboration Based on a Commitment to the 3Rs: Our project is a collaboration between Dr Thomas Clarke (Department of Infectious Disease) and Prof. Reiko Tanaka (Department of Bioengineering) at Imperial College London. We will also collaborate with Dr Alex McCarthy (Department of Infectious Disease), an expert in human skin explants. Our collective expertise spans the microbiome, mathematical modelling, inflammatory and infectious disease models, and ex vivo human skin models. Our multidisciplinary team and expertise will ensure the feasibility and success of the project.
Multidisciplinary Training and Support: Beyond its impact on the 3Rs and AD therapeutics, this PhD project will also provide exceptional multidisciplinary training, equipping the trainee with cutting-edge skills in the microbiome, human immunology, computational biology, and bioengineering. Our collaboration is well-established, all computational and wet lab models are in place, and we have state-of-the-art facilities. We believe our team is ideally positioned to provide the mentorship, training, and support to ensure the successful completion of this project.",Training Grant,Active,0,,,https://gtr.ukri.org/projects?ref=BAD5F66C-65DE-45F9-B42A-02008EA7254B
BB417CF6-A237-4810-BA0D-00B86B23D064,Exploring the Relationship between Exteroception and Interoception in Neurotypical and Neurodivergent Populations,"Sensory differences are frequently reported within the population perhaps being most commonly associated with different neurodivergent conditions. This includes in autistic individuals, where up to 96% of people have reported sensory differences (Crane et al., 2009), as well as in attention deficit hyperactivity disorder (ADHD). Whether these differences are associated with being either hyper or hypo-sensitive to sensory stimuli, there is a growing appreciation for the adverse effects they can have on a person's emotional and social wellbeing. It is therefore critical to understand what is underlying these differences which, in turn, will help to develop vital interventions to better help and support the neurodivergent population.

With the growing appreciation for the impact and frequency of sensory differences, research has begun to study how these senses are different focusing heavily on the basic external senses including: touch, smell, sight, sound and taste. An area that is rapidly gaining attention, however, is the differences in the internal sensory system within the neurodiverse population. This includes precepts such as interoception (an understanding of what is happening inside the body) and proprioception (knowing where the body is in space). Work conducted by Chen et al. (2021) has highlighted how both the internal and external systems may be interacting in a crucial way to regulate the sensory experience. From this, it can therefore be questioned as to whether this is underlying the differences in sensory experiences. Understanding whether these systems are interacting differently will be crucial to develop a better understanding as to why these differences emerge as well as focus interventions to target specific regulatory differences within the population.

The proposed study aims to take advantage of virtual reality MIRAGE illusion technology to systematically manipulate the relationship between the external and internal sensory systems to better understand how the relationship between these two systems is different in the neurodivergent population. Using MIRAGE, multisensory illusions can be implemented and differences observed between populations. This methodology negates previous challenges that accompany illusions of embodiment where the participant must first adopt a prop as their own body part, something especially challenging within the autistic population. Instead, this method allows a real time image to make it appear that the illusion is happening with the participants body. Thus, this project will take a unique approach to studying the relationship between the external and internal senses and how this may be different in the neurodiverse population.",Studentship,Active,0,,,https://gtr.ukri.org/projects?ref=BB417CF6-A237-4810-BA0D-00B86B23D064
BB525BE1-6080-4537-A3E0-00E0849BD0BA,Development of Smart Hydrogel Oscillators,"Smart hydrogels have become a popular area of research which covers everything from temperature and pH stimulated gel-based systems [1] to more complex fields such as biomimetic [2] and electrochemical systems [3]. Research on these systems has reinforced the core concept that the ability of these systems to swell and absorb fluids while retaining their structure [4], followed by, the subsequent collapse of the system can enable the pulsatile release of fluids [5]. The swelling of the system enables this technology to be used in the fields of drug delivery and analysis, however, a problem arises when attempting to offer pulsed release at specific intervals [6]. Fixing the lack of specific intervals for pulsed release is where chemical oscillator systems as an actuator within hydrogel based polymeric systems become an exciting area of development for smart hydrogels as it enables a degree of control over the release of a substance.

The aim of this project, by developing the following tasks, is to work towards achieving fully autonomous pulsatile materials. These tasks are as follows:


To test the functionality of chitosan supported palladium catalysts with phenylacetylene (PhAc) as a substrate for carbonylation and ensure that oscillations are present and products are recorded.

To test the functionality of the chitosan supported palladium catalysts with alkyne-functionalised poly (ethylene glycol) (PEGA) and ensure that oscillations are present and recorded and there are no unwanted by-products.

To create an oscillatory chemical system that can operate for long periods under batch conditions within a smart hydrogel matrix constructed of chitosan supported palladium catalyst and PEGA that can oscillate facilitating drug release.

Each task presented above will offer an objective to work toward along with enabling the production of novel research and publishable results; the tasks I have outlined are stages to progress to the key goal of producing and developing a smart hydrogel with a chemical oscillator as an actuator.",Studentship,Closed,0,,,https://gtr.ukri.org/projects?ref=BB525BE1-6080-4537-A3E0-00E0849BD0BA
BBA44037-4849-4E33-AE27-00427902DFA8,''The Regions of Poetic Thought': A critical edition of the Selected Literary Criticism of Sara Coleridge',"Between 1830 and 1850 women readers and writers made up the larger part of the literary world, and a woman literary critic, selecting and shaping the literary audience, was an important voice. ''The Regions of Poetic Thought': Selected Literary Criticism of Sara Coleridge' enables us to hear one such voice. \n\nShe emerges as a critic of rare intelligence and theoretical reach as well as a lively commentator on her own times. Her critical contributions range widely. First, she was the polemical and scholarly re-presenter of her father Samuel Taylor Coleridge, in a series of seminal new editions. This pioneering work has been highly praised by later editors and commentators, but has been very difficult to access: the present book represents her most important contributions to 'Aids to Reflection' (1843), 'Biographia Literaria' (1847) and 'Essays on His Own Times' (1850). Secondly, she was an exceptional critic of Wordsworth - both admiring and sceptical - over almost 30 years. Alongside her father, Wordsworth was the great formative figure in her creative life, and the foremost influence (ahead even of STC) on her own poetry. Thirdly, her letters are the best guide to her own increasingly admired poetry and prose fiction. In them she defends her children's verses and 'Phantasmion' against readers who thought they lacked moral design: 'the author's chief end and aim consists in cultivating the imagination by exhibiting the general and abstract beauty of things', she contended -- but even so 'there are plenty of morals in the several parts'. And fourthly, she was a diversely brilliant critic and essayist on literatures ancient and modern, from Homer and Pindar to Tennyson and Charlotte Bront&euml;. In particular, her often hostile remarks on contemporary women writers give us a contemporary's assessment of Victorian writers now being reread and reconsidered, and also a perspective on the mixture of audacity and self-deprecation in her own literary entry into the public sphere. \n\nHer energy and intellectual capacity were extraordinary, and warmly admired by the small but culturally crucial audience her editions reached. Even De Quincey, whom she sought to confute in the 1847 'Biographia', regarded 'her mode of argument as unassailable' . Her brother Hartley praised her 'Essay on Rationalism' (included in 'Aids to Reflection') as 'a wonder. I say not a wonder of a woman's work - where lives the man that could have written it? None in Great Britain since our Father died.' A century later Edmund Blunden 'doubted whether any finer philosopher (or reasoner) can be found among Englishwomen'. She deserves to be seen, without these gender caveats, alongside Mill and Newman as one of the most powerful philosophical thinkers of the early Victorian period. \n\nMuch of the material here is printed from manuscript. Sara Coleridge was a natural writer. She had the Victorian epistolary habit, and well over 2,000 letters survive. She was also a prolific essayist, sometimes in her correspondence, sometimes in manuscript essays which although carefully finished seem not to have been shown widely. She had stamina, and the mass of her writing suggests her appetite to be heard and her consciousness that she had timely and cogent opinions. This volume selects from her finished essays and from private letters in which she expressed herself more sharply and freely than she allowed herself when imagining the public ear.\n\nAlmost none of Sara Coleridge's literary criticism can currently be read except in Victorian editions, and much of it has never been published. Following on from her 'Collected Poems' (2007), which with the aid of the AHRC I brought out in 2007, ''The Regions of Poetic Thought: Selected Literary Criticism of Sara Coleridge' gives us the material for a reassessment of an important undervalued Victorian writer.",Research Grant,Closed,0,,,https://gtr.ukri.org/projects?ref=BBA44037-4849-4E33-AE27-00427902DFA8
BBA8F011-CC0C-45AD-A5DC-016CB541B6BE,SoftWare InFrastructure and Technology for High Energy Physics experiments (SWIFT-HEP) at the University of Manchester,"Abstracts are not currently available in GtR for all funded research. This is normally because the abstract was not required at the time of proposal submission, but may be because it included sensitive information such as personal details.",Research Grant,Closed,0,,,https://gtr.ukri.org/projects?ref=BBA8F011-CC0C-45AD-A5DC-016CB541B6BE
BBAD08CB-426F-4ED0-8C04-00981DAE0912,INNATE Investigating the nature and origins of exoplanets in the Neptunian desert,"Our knowledge of exoplanets has undergone a step change since the discovery of 51 Peg b 25 years ago. Planets are now commonplace, with most stars found to be hosting planetary systems. In the set of over 4300 planets known, trends and gaps in the distribution are seen with respect to planet size, composition and host star properties, arising from the formation and evolution processes which sculpt these worlds.

A striking signature in the planet distribution is the 'Neptunian desert', a dearth of Neptune-like planets orbiting close to their host stars. Planets which arrive so close to their stars are evaporated away, or are disrupted entirely by the strong gravitational forces of the star. Yet, recently a number of planets have been discovered inside the desert, surprising expectations and highlighting a gap in our understanding. The origin of these hot Neptunes is unknown, and they present a unique opportunity to study the extreme outcomes of planet formation. Such outliers of the normal processes allow us to benchmark planetary formation theories, with many of the typical degeneracies stripped away.

With this proposal, we will combine photometric and spectroscopic observations from TESS, NGTS, CORALIE, HARPS and Gaia to carry out an ambitious and comprehensive research program investigating the nature and origins of planets in the desert. (1) We will uncover the unbiased demographic properties of the in-desert planets, finding the distributions of planet mass, radius, density, internal structure and host star properties. (2) We will establish the dynamical context of these systems by determining the presence of outer companions and local density of stars (3) We will connect the measured demographics, dynamics and internal structure to wider formation and evolution theory. The combined results will transform our understanding not only of the in-desert planets but of the wider formation, structure and evolution of planetary systems.",Research Grant,Active,0,,,https://gtr.ukri.org/projects?ref=BBAD08CB-426F-4ED0-8C04-00981DAE0912
BBBE4EF4-5F12-4F85-A8CC-002D6622E217,Commercial Vehicle FCR by AA,"Provide an ''active aerodynamic device'' that is fitted to commercial vehicles to reduce both consumption and carbon pollution.
The device is being designed to improve fuel consumption by over 6% of equipment readily available and fitted today by manufacturers &amp; body-builders or 10% of no device fitted.
The product is intended to be fully automatic that requires no driver interaction and adjusts automatically to accomadate:-
- Variable trailer heights
- Weather, wind and temperature changes
- Speed and driving conditions",Collaborative R&D,Closed,0,,,https://gtr.ukri.org/projects?ref=BBBE4EF4-5F12-4F85-A8CC-002D6622E217
BC500DD4-1898-417C-A04C-0124873F7EBC,SongzapV2,"SongzapV2 incorporates ground-breaking artificial intelligence (AI) music algorithms into RT Sixty Ltd's existing Songzap software application. The new version of Songzap will empower musicians to write detailed songs and music scores more quickly, with less technical reliance, with broader creative expression, and to collaborate with other musicians and music producers more easily. The project responds to a timely problem encountered by the vast cohort of non-technical musicians, who are generally alienated by existing music software solutions.

Led by Directors Professor Rob Toulson and Dr Mike Exarchos, who have both held significant university course leadership roles in the past, RT Sixty will incorporate engaging educational materials into the Songzap ecosystem, to assist musicians in self-learning essential music recording and production techniques and procedures. A new subscription model will also be implemented for Songzap Version 2, incorporating cloud-based file storage capabilities. In addition, RT Sixty will secure intellectual property (IP) for the developed AI algorithms, facilitating a new IP licensing revenue stream.",Collaborative R&D,Closed,0,,,https://gtr.ukri.org/projects?ref=BC500DD4-1898-417C-A04C-0124873F7EBC
BC81F57D-7DED-4607-922B-0103955DB7C7,Quiet Aerofoils of the Next Generation,"Abstracts are not currently available in GtR for all funded research. This is normally because the abstract was not required at the time of proposal submission, but may be because it included sensitive information such as personal details.",Research Grant,Closed,0,,,https://gtr.ukri.org/projects?ref=BC81F57D-7DED-4607-922B-0103955DB7C7
BCC5E25C-186A-41BC-A428-0000EBA9072C,Improving the control of liver fluke infection in cattle in the UK,"Abstracts are not currently available in GtR for all funded research. This is normally because the abstract was not required at the time of proposal submission, but may be because it included sensitive information such as personal details.",Research Grant,Closed,0,,,https://gtr.ukri.org/projects?ref=BCC5E25C-186A-41BC-A428-0000EBA9072C
BD035F64-F2A3-496B-9939-000AA5A869DC,Nucleation and growth of iron sulfides: linking theory and experiment,"Iron sulfides are widespread in the environment, where they regulate and control the global geochemical iron and sulfur cycles. However, despite their application as indicators for seawater anoxia and recorders of early-life isotopic and paleomagnetic data, iron sulfide minerals are still largely unexplored compared to, for example, iron oxide minerals or the silicates or carbonates. 

Numerous iron sulfide phases are known, but many are highly unstable or only partially stable for a short time in the environment. Even the least reactive iron sulfide, pyrite, is no longer stable once exposed to air at the Earth's surface. Its dissolution leads to the problem of acid mine drainage, where sulfuric acid and any trapped toxic metals are released with devastating effects on the environment near the mine. However, iron sulfides also have beneficial effects on the environment, as they easily incorporate metals within their structure, and thus could be sinks for toxic metals or radioactive elements. 

An intriguing aspect of iron sulfides is the crucial role they may have played in the Origin of Life. Thin layers of iron-nickel sulfide are believed to have formed in the warm, alkaline springs on the bottom of the oceans on Early Earth. They are increasingly considered to have been the early catalysts for a series of chemical reactions leading to the emergence of life. The oxygen-free production of various organic compounds, including amino acids and nucleic acid bases - the building blocks of DNA - is thought to have been catalyzed by small iron-nickel-sulfur clusters, which are structurally similar to the highly reactive present day iron sulfide minerals greigite and mackinawite, yet we know little about how they form.

In view of the likely role of such reactive minerals in the conversion of pre-biotic CO2 on Early Earth, we may well be able to harness iron sulfides as present-day catalysts for the same process, thereby potentially aiding the slowing down of climate change by converting the CO2 we produce into useful chemicals. In today's world, the importance of such iron-nickel-sulfide clusters as catalysts has been confirmed, as several life-essential iron-sulfur proteins help transform volatiles such as H2, CO and CO2 into other useful and less harmful chemicals.

In all of the above examples, it is important to understand that the reactions that lead to the formation of all these minerals which are necessary for any of the geologically stable minerals to exist (i.e., pyrite) all rely on our understanding of the nucleation and growth of unstable precursors or of the reaction transforming one phase to another. Furthermore, the structure and reactivity of each of these phase determines its role and potential application in the environment. A few research groups in the UK and abroad have carried out high quality investigations of the properties of a number of iron sulfide minerals, but it is particularly difficult to investigate events early on in the nucleation process, even though they set the scene for all subsequent transformations. 

In this project we propose to employ a robust combination of state-of-the-art computation and experiment to unravel the nucleation of iron sulfide mineral phases. We aim to follow the reactions from the emergence of the first building block in solution, through agglomeration into larger clusters, their aggregation into nano-particles and the eventual transformation into the final crystal. We anticipate that this project, investigating short-lived processes which are only now accessible to study through the development of high temporal and spatial resolution in-situ characterization techniques and High Performance Computing platforms, will lead to in-depth step-by-step quantitative insight into the iron sulfide formation pathways and enhance our fundamental understanding of how a mineral nucleates in solution.",Research Grant,Closed,0,,,https://gtr.ukri.org/projects?ref=BD035F64-F2A3-496B-9939-000AA5A869DC
BD67F2AA-6409-48D1-B63B-00D125E71D0D,The chicken caecal microbiome: from baselines to biological impact,"The intestinal tracts of animals are populated by hundreds, perhaps thousands of bacterial species in vast numbers - tens of billions of bacterial cells per gram of intestinal contents. Collectively these bacteria make up the microbiota, and in its overall composition and genetic makeup, the population is called the microbiome. The metagenome can be defined as the totality of DNA sequences of all the component organisms. Many of these species have not been cultured in the laboratory and most are poorly characterised. Yet they are crucial partners to their animal hosts in nutrition and health - and include the so-called 'good bacteria' of the digestive tract. For the first time, a new approach, high-throughput DNA sequencing (HTS), makes it possible to identify and count on a large scale each bacterial species in a microbiome using specific sequence 'signatures'. These are obtained from a gene, present in all bacteria, that codes for an RNA molecule that is part of the protein synthesis machinery. This gene (16S rDNA) includes both near-constant regions, useful for its specific enrichment from the metagenome, and highly variable regions where the sequence is characteristic of the bacterial species concerned. It is these variable sequence 'signatures' that will identify component bacteria. It is also feasible to infer the biochemical activities of the microbiome by using HTS to identify genes in the metagenome that encode enzymes, capable of digesting dietary substances that could enhance the nutrition of the host organism. For HTS analysis, DNA is extracted from intestinal (caecal) contents or faeces. The16SrDNA sequences are enriched by amplification, using a method called PCR, to create a pool of fragments representing all the bacteria present. These fragments are then individually analysed and their sequences, amounting to one million or more per analysis run, matched computationally to those of all known bacterial species. In this way the bacteria from which they were derived can be identified. If there is no exact match, the closest known relative can be identified. 'Proof of principle' experiments have established the practicality of this approach to unravel the complexities of intestinal microbiology. However few published studies have rigorously defined the variability inherent in the technology, or between individuals, or from day to day and as dietary intake changes. Such data are essential if the enormous power of the technology is to be exploited in rational, hypothesis-based scientific studies. We propose to obtain these data using broiler chickens, so that groups of birds of defined and matched age, breed and diet can be accessed at relatively low cost. Having established robust baselines for analysis, we will tackle some key questions about the role of the microbiota. How does the microbiome change as birds age and change diet? What is the effect of colonisation of the intestinal tract by food borne pathogens such as Campylobacter, and can this information be used to enhance levels of bacteria that may suppress the invading pathogen? We will also assess the potential of sequencing the entire metagenome, the gene pool representing the microbiota as a whole. We will seek evidence for bacterial enzymes that may add to the digestive capacity of the host and thus enhance growth and productivity of the birds. We believe this proposal will firmly establish the scientific credentials of intestinal microbiome research on food animals, and prepare the way for future research into the role of the microbiome in animal health and welfare, efficient utilisation of feed, emergence of antibiotic resistance, and the establishment of intestinal pathogens.",Research Grant,Closed,0,,,https://gtr.ukri.org/projects?ref=BD67F2AA-6409-48D1-B63B-00D125E71D0D
BD6EF231-BF1A-4AB2-B116-0207473D1D7B,Mixed Reality for Interaction in Virtual Reality,"Research Context 

Virtual Reality (VR) Head-Mounted Displays (HMDs) establish a barrier between the real and virtual environment creating an inherent interaction problem between the HMD user and other co-located people. For VR to be adopted and more widely used by consumers and in business such limitations of the technology must be investigated. This topic, while not well researched, is beginning to gain increased attention as VR HMDs start to incorporate brute force methods of blending reality into the virtual environments. The focus of this work is to investigate better methods of incorporating and enabling the interaction between an HMD user and a co-located person. 

Aims and Objectives 

This project will develop and evaluate techniques for interaction using mixed reality in virtual environments, focusing in particular on the interaction between an HMD user and a co-located person. It will utilise depth sensing, chroma-key background subtraction and other sensing techniques to provide a HMD user with information about a co-located person. Methods suitable for one VR application are not suitable for others hence a range of communication and representation techniques must be evaluated and compared. 

Alignment to EPSRC Research Areas 

This project is most associated with the EPSRC's Human-computer interaction research area. The interaction problem is an inherent limitation of the technology itself and this work considers the problem from both sides of the relationship. How the co-located person interacts with the HMD user and how the HMD user interacts with the co-located person.

The UK is a global leader for immersive content, with the fastest growing VR market in Europe. The importance of investing in VR research and exploring new commercial possibilities for immersive experiences has also been highlighted by the Government in their recently published industrial strategy.",Studentship,Closed,0,,,https://gtr.ukri.org/projects?ref=BD6EF231-BF1A-4AB2-B116-0207473D1D7B
BD7CBF0C-C9A7-47FA-9AE4-00AA076FF470,Lakto – the novel milk filter that ‘fills and eliminates’ lactose,"A project to create a new, easy and low-cost way to produce lactose free milk at home, improving access to dairy milk and the nutritional content within for people that suffer from lactose Intolerance, and reducing food wastage from spoilt milk in households that currently purchase several milk types due to dietary requirements.",Feasibility Studies,Closed,0,,,https://gtr.ukri.org/projects?ref=BD7CBF0C-C9A7-47FA-9AE4-00AA076FF470
BD8EF978-1B54-4EC7-A178-013756B652AB,Optimising interactions with virtual environments,"Virtual and Mixed Reality systems enable users to experience different configurations of digital media and computation that give different senses of how a &quot;virtual environment&quot; relates to their local physical environment. In Human-Computer Interaction (HCI), new computational models capable of representing physical and virtual space have been recently developed, thus solving the problems of how to recognise virtual spatial regions starting from the detected physical position of the users. 

How the brain represents physical versus virtual environments is also an issue very much debated within Psychology and Neuroscience with some researchers arguing that the brain makes little distinction between the two while other studies have shown that different brain areas represent different environments and that they are processed in different time scales. 

The overarching goal of this PhD project is to adapt the computational models developed in HCI and apply them to psychological scenarios, to test whether the environmental processing within the brain is different as proposed. This information will then refine the HCI model and ideally allow a refined application to sub-populations of interest",Studentship,Closed,0,,,https://gtr.ukri.org/projects?ref=BD8EF978-1B54-4EC7-A178-013756B652AB
B57A5156-141D-4DDA-84F0-01FB48EA27CD,How is ash dispersed in the ocean around volcanoes?,"The marine record of explosive eruptions on island volcanoes is typically more complete than that preserved on land. Subaerial deposits are more prone to erosion and (or) burial, and almost all of the material in large volume eruptions will be transported into the ocean. The most complete eruption chronologies can therefore be derived from marine sediment cores, typically from layers of fine ash. There are three main sources for marine ash; fall out from eruption columns, pyroclastic flows that enter the ocean, and reworked material from rivers or rainfall-triggered debris flows (lahars) in periods between eruptions. We need to be able to distinguish clearly between these three different types of ash in order to reconstruct accurately the chronology of eruptions, and the type of eruption that an ash layer records. Accurately defining the sequence of past eruptions is important for assessing future volcanic hazards, and testing models of volcano dynamics. Understanding the spatial extent of ash layers associated with eruptions, and how this extent is related to wind or current directions, is also important. When does the lack of ash in a particular core location imply that no eruption occurred on the adjacent volcanic island? The aim of this project is to document how fine volcanic ash is dispersed within the ocean in order to better understand how marine sedimentary sequences record potentially hazardous explosive volcanic eruptions. The 1995-2007 eruptions of the Soufri&egrave;re Hills volcano on the island of Montserrat in the West Indies provide an outstanding natural laboratory for understanding processes that disperse volcanogenic sediment in the ocean. The field site is outstanding because the subaerial eruption sequence has been monitored in arguably unprecedented detail. The character and chronology of terrestrial events that transported sediment into the ocean during these eruptions is unusually well known, together with the location of their entry point into the sea, and the direction of wind and ocean currents. Volumes and temporal changes in fluxes of erupted material are also well constrained for individual eruptions, and it is estimated that over 90% of the 0.7 km3 of magma erupted since 1995 has been transported into the ocean. With the exception of the fine ash component, the character and distribution of coarse-grained marine deposits associated with these eruptions is also relatively well studied. A NERC funded cruise in 2005 mapped and cored coarser-grained deposits from pyroclastic flows that entered the ocean, and the submarine granular flows and turbidity currents that were subsequently generated. However, limitations in the vibro-coring technique used during the 2005 cruise prevented sampling of fine ash from the most recent eruptions, as it forms a 'soupy' layer on the sea floor that was easily lost. We now plan to sample systematically this near surface ash using box cores collected during an upcoming cruise already funded by NERC in December 2007. This would be the first study to document comprehensively the distribution of different ash types around an explosive island volcano, and to compare that distribution to an independently very well constrained eruption sequence. This project will also add value to ongoing NERC funded research currently determining whether ash digenesis significantly alters seawater chemistry, and work analysing the biological response to ash deposition.",Research Grant,Closed,0,,,https://gtr.ukri.org/projects?ref=B57A5156-141D-4DDA-84F0-01FB48EA27CD
B5AE8966-C340-4779-A034-0009F7270306,Peatlands and the global Carbon cycle during the past millennium: a global assessment using observations and models,"Future climate change is one of the most challenging issues facing humankind and an enormous research effort is directed at attempting to construct realistic projections of 21st century climate based on underlying assumptions about greenhouse gas emissions. Climate models now include many of the components of the earth system that influence climate over a range of timescales. Understanding and quantifying earth system processes is vital to projections of future climate change because many processes provide 'feedbacks' to climate change, either reinforcing upward trends in greenhouse gas concentrations and temperature (positive feedbacks) or sometimes damping them (negative feedbacks). One key feedback loop is formed by the global carbon cycle, part of which is the terrestrial carbon cycle. As carbon dioxide concentrations and temperatures rise, carbon sequestration by plants increases but at the same time, increasing temperatures lead to increased decay of dead plant material in soils. Carbon cycle models suggest that the balance between these two effects will lead to a strong positive feedback, but there is a very large uncertainty associated with this finding and this process represents one of the biggest unknowns in future climate change projections. In order to reduce these uncertainties, models need to be validated against data such as records for the past millennium. Furthermore, it is extremely important to make sure that the models are providing a realistic representation of the global carbon cycle and include all its major component parts. Current models exclude any consideration of the reaction of peatlands to climate change, even though these ecosystems contain almost as much carbon as the global atmosphere and are potentially sensitive to climate variability. On the one hand, increased warmth may increase respiration and decay of peat and on the other hand, even quite small increases in productivity may compensate for this or even exceed it in high latitude peatlands. A further complication is that peatlands emit quite large quantities of methane, another powerful greenhouse gas. Our proposed project aims to assess the contribution of peatlands to the global carbon cycle over the past 1000 years by linking together climate data and climate model output with models that simulate the distribution and growth of peatlands on a global scale. The models will also estimate changes in methane emissions from peatlands. In particular, we will test the hypotheses that warmth leads to lower rates of carbon accumulation and that this means that globally, peatlands will sequester less carbon in future than they do now. We will also test whether future climate changes lead to a positive or negative feedback from peatland methane emissions. To determine how well our models can simulate the peatland-climate links, we will test the model output for the last millennium against fossil data of peat growth rates and hydrological changes (related to methane emissions). To do this, we will assemble a large database of published information but also new data acquired in collaboration with partners from other research organisations around the world who are involved in collecting information and samples that we can make use of once we undertake some additional dating and analyses. Once the model has been evaluated against the last millennium data, we will make projections of the future changes in the global carbon cycle that may occur as a result of future climate change. This will provide a strong basis for making a decision on the need to incorporate peatland dynamics into the next generation of climate models. Ultimately we expect this to reduce uncertainty in future climate change predictions.",Research Grant,Closed,0,,,https://gtr.ukri.org/projects?ref=B5AE8966-C340-4779-A034-0009F7270306
B5D9476A-D954-485B-87AD-00F3B811786D,Inequalities in the use of breast cancer prevention services,"The project will investigate the psychological factors underpinning women's decision to engage with breast cancer prevention services, which is currently under explored. The main aims of the research are to investigate inequalities in breast cancer prevention services use and the psychological factors underpinning these decisions. Another aim of the project will be to develop a theory-based support tool for women making decisions about breast cancer prevention. The supervisor, Dr Smith, has written the project's full proposal.",Studentship,Closed,0,,,https://gtr.ukri.org/projects?ref=B5D9476A-D954-485B-87AD-00F3B811786D
B5E8A371-1A58-492F-A726-01F6D155E596,System risks in information-rich environments: monitoring for safe and cost-effective operation,"The overall theme of this proposal is System risks in information-rich environments: monitoring for safe and cost-effective operation. Research in this area aims to support the design, manufacture and operation of new engineered systems in energy, transport, civil applications and elsewhere. Rapid advances in monitoring technologies and data processing techniques offer huge potential for improving safety and increasing cost-effectiveness in such modern engineered systems. The combination of such monitoring and data processing methods provides an information-rich environment - almost a new world existing alongside the real physical environment in which the systems are operated. However, in order to use such methods effectively for safe and cost-effective systems operation we have to know how frequently different extreme conditions occur, how humans will interact with the information being provided, and what the impacts on safety and cost are. By taking this broader context we aim to provide good decision support models in the design, manufacture and operation phases of new engineered systems, to support safety and cost-effectiveness. It is important to consider these issues now because of a number of technical, economical and political factors. The basic technical change taking place is the dramatic increase in the amount and quality of information available about technological systems during their operation, coming from monitors and sensors and processed through IT systems. These give the potential for completely different ways of using and interacting with systems that could potentially save costs and improve safety if used correctly. The current rapid economic change occurring globally has increased competition for UK PLC, and this implies that we have to be more aware than ever of the possibility of technological advantages gained through superior information. However, without proper consideration of risks there may be unexpected safety or cost problems. Our modern society with its 24 hour media places great emphasis on risk avoidance, thus bringing in the political dimension. It is widely recognized that risk problems require multidisciplinary approaches, involving engineering, mathematics, computer science and even need to reach out further by integrating other disciplines such as psychology. Strathclyde aims, with this proposal to bring together these researchers to create innovative new approaches to incorporate risk into design manufacturing and operation phases for new systems. In doing so it will broaden out some existing collaborations, thus giving new directions to their work, and will create new collaborations. The programme will use the expertise available in the university in the area of collaboration / it is a highly important part of the research of the Business School / in order to direct its efforts as efficiently as possible. As a result the University hopes not only to establish Strathclyde as a world leading centre on multi-disciplinary approaches to technological risk problems, but also to find and apply those methods of stimulating collaboration that work best at Strathclyde, so that these can be used more widely in support of the university's aim of being a place of useful learning .",Research Grant,Closed,0,,,https://gtr.ukri.org/projects?ref=B5E8A371-1A58-492F-A726-01F6D155E596
B63BDE23-4706-4A3F-AF79-019BD32E21C4,GeoNutrition - tackling hidden hunger in Sub-Saharan Africa,"Mineral Micronutrient Deficiencies (MNDs) are widespread in sub-Saharan Africa (SSA). MNDs (a.k.a. hidden hunger) have a major detrimental effect on human health which constrains economic growth and efforts to alleviate poverty. Alleviating MNDs is a major component of the second Sustainable Development Goal (SDG2), to &quot;End hunger, achieve food security and improved nutrition and promote sustainable agriculture&quot;, by 2030. This Foundation Award will focus on supporting efforts to reduce MNDs in Ethiopia and Malawi, two countries with widespread mineral nutrient malnutrition problems where dietary mineral intakes fall well below levels required for optimal nutrition. For example, zinc deficiency risks are &gt;40% in both countries which causes high rates of child mortality and stunting. Selenium deficiency risks exceed 75% in Malawi, compromising the healthy functioning of human immune systems. Iron and iodine deficiencies are widespread and are the focus of widespread supplementation and food fortification programmes (i.e. technical 'fixes') in the region.

The scientific aim of this Foundation Award is to understand how the spectral properties of tropical African soils relate to plant-availability of minerals in soils and, subsequently, to the transfer of minerals into the edible portions of staple crops and diets, and to population-level biomarkers of optimal mineral status. Achieving this aim will enable the geospatial prediction of plant-available nutrients in soils and in edible crop tissues, and thereby in downstream food systems. Spectral properties have previously been measured on a massive scale by the Africa Soils Information Service (AfSIS) programme, using X-Ray Fluorescence (XRF) and Mid Infra-Red (MIR) spectroscopy. We have previously identified strong links between soil-crop-biomarkers in small-scale cross-sectional studies in Malawi.

This aim will be realised through activities in three Themes. In Theme 1, a designed soil and crop sampling programme will be conducted at 500 sites in Ethiopia. Two sets of statistical models will be developed, the first will focus on predicting relationships between total (XRF) and plant-available soil mineral concentrations, using covariate data from MIR, remote sensing and legacy data (e.g. maps) sources. The second set of models will focus on relationships between plant-available soil mineral concentrations and their concentrations in crop edible portions. In Theme 2, these data will be integrated with data from published/government sources to predict dietary mineral supply (and highlight knowledge gaps). These predictions will be tested against mineral biomarker data (e.g. blood, urine) and proxies of micronutrient status (e.g. stunting) from national surveillance programmes. Outputs of Themes 1 and 2 will be delivered in the forms of maps and reports suited to communicating with policy-makers, to include the communication of uncertainty. Maps will be used to highlight those geographical areas that are at highest likely risk of MNDs. The focus of Theme 3 is interactions with policy-makers to optimise communication strategies, and to strengthen networks and capacity to conduct longer-term R&amp;D to address knowledge gaps in the region. 

We have well-established networks of partners in Ethiopia and Malawi, including academics, high-level policy-makers, NGOs and industry, who will all play active roles to ensure that the Foundation Award delivers genuine impact that will be assessed using robust evaluation procedures.",Research Grant,Closed,0,,,https://gtr.ukri.org/projects?ref=B63BDE23-4706-4A3F-AF79-019BD32E21C4
B65293CB-7327-4B15-808F-01E455AF3829,The development of catalytic Mitsunobu reactions,"One of the major challenges facing chemists and chemical engineers today is the development of clean, energy efficient processes. Inherent in this problem is the necessity to selectively form chemical bonds under environmentally benign conditions. We propose to develop catalysts which will mediate clean, atom efficient versions of a family of chemical reactions used in academic and industrial laboratories worldwide. These reactions currently produce two molecules of waste for every molecule of product generated. In contrast, the only waste product produced by the proposed catalytic chemistry is water. The proposed research will result in cleaner chemical reactions which will be widely used in academic and industrial laboratories and is fundamentally significant to the fields of catalysis and green chemistry.",Research Grant,Closed,0,,,https://gtr.ukri.org/projects?ref=B65293CB-7327-4B15-808F-01E455AF3829
B6549991-C248-4CD8-9E40-00EF475F0A28,Business Engagement Award,"Abstracts are not currently available in GtR for all funded research. This is normally because the abstract was not required at the time of proposal submission, but may be because it included sensitive information such as personal details.",Research Grant,Closed,0,,,https://gtr.ukri.org/projects?ref=B6549991-C248-4CD8-9E40-00EF475F0A28
B675C972-377A-47D2-A9DD-00D4BF6D112B,'Single truth' Customer Information Services,"The project will develop a cloud-based information management solution that will provide passengers with a

'Single Truth’ of data across on-platform customer information displays and mobile devices. It will provide

passengers with more details about their journey including predicted train capacity, timetable information and

variations, delays, train facilities and journey planning options to help them make informed choices and have a

better experience whilst travelling the UK rail network. The project will overcome existing challenges to data

availability and integration from multiple sources. Building on learning from airports and Blackbox Company

DCIS (digital customer information screen) development with Abellio, it will develop &amp; demonstrate a proof-of-

concept version of the 'Single Truth' solution. This will be used to assess benefits to station operators, evaluate

scalability &amp; commercial viability, and establish next steps to the development of a full commercial solution.

The project is led by Samsung Data Systems Europe, supported by Fujitsu and SMEs Blackbox Company &amp; TDC.

Abellio will provide the use case (Darwin data streams, locations for pilots and assessments).",Collaborative R&D,Closed,0,,,https://gtr.ukri.org/projects?ref=B675C972-377A-47D2-A9DD-00D4BF6D112B
B6947927-C20D-482C-AE4C-01F082DD89B9,Relaxed Memory Model Design for Theory and Practice,"In the past few years, computer processors have reached a speed limit imposed
by semiconductor physics. Before, increased performance came from running a
single program faster, but now it comes from running more programs
concurrently, on multiple &quot;cores&quot;. Multi-core processors also support
low-power applications, and are becoming popular on mobile devices, such as
smart phones, where several slow cores use less battery power than a single
fast core. To write software for multi-core processors, programmers must
decompose tasks into cooperating programs, ideally one per core. However, even
experts cannot write these programs without tremendous effort, and the
programs often have subtle bugs. Programmers have not been given the
intellectual tools necessary for managing the complexity of multi-core
computation.

This project focuses on a critical challenge posed by multi-core processors:
their relaxed memory models. Conceptually, the processor's cores are connected
to a single memory, and programs running on different cores communicate by
writing data to the memory for others to read. In reality, the processor
achieves good performance by not giving the programmer a globally consistent
picture of the memory: at any point in time the cores can appear to disagree
on its contents. The processor does make some guarantees about the memory, so
that the programmer can write working programs, but it carefully avoids making
others. A relaxed memory model specifies which guarantees are made and which
are not. Our objectives are to improve the theory of relaxed memory models,
and to apply this theory to a new model that is easier to understand in
practice.

Most of the time, programming in a high-level language should have advantages
over programming in the processor's low-level assembly language: advantages
in, for example, reliability, security, and cost of development. However, this
is not the case with relaxed memory models: the high-level language is more
complicated because it has to account for the variety of significantly
different processors that the high-level language can be compiled to, and it
has to account for the compiler's optimisations too. The primary tension is
between usability/security (for example, that sensitive data will not be
leaked by a malicious program forging pointers to the data) and efficiency,
with the latter driving existing designs. The Java Memory Model attempts to
give basic security guarantees, but several underlying flaws have been
discovered. On the other extreme, the new C and C++ models make no attempt to
provide security guarantees. The design space for relaxed memory models has
not been thoroughly explored.

In this project, we will design a relaxed memory model for a high level
language that gives stronger guarantees to programmers, making it easier to
write, reason about, and verify concurrent programs. Our approach to the
design combines a focus on real-world concurrent algorithms, to ensure that it
is practical, with mathematical rigor, to ensure that it supports robust
reasoning principles that will ultimately help programmers to understand it
and to write high quality concurrent software systems.",Research Grant,Closed,0,,,https://gtr.ukri.org/projects?ref=B6947927-C20D-482C-AE4C-01F082DD89B9
B6A5BADC-9EA1-41B1-A542-01FF96AD8680,Square Kilometer Array Design (SKADS),"The 'Square Kilometre Array' (SKA) will be an international radio telescope with a collecting area of one million square metres - equivalent to about 200 football pitches / making SKA 200 times bigger than the University of Manchester's Lovell Telescope at Jodrell Bank. The four-year Square Kilometre Array Design Study, SKADS, brings together European and international astronomers to formulate and agree the most effective design. The final design will enable the SKA to probe the cosmos in unprecedented detail, answering fundamental questions about the Universe, such as 'what is dark energy?' and 'how did the structure we see in galaxies today actually form?' The SKA concept was first proposed to observe the characteristic radio emission from hydrogen gas. Measurements of the hydrogen signature will enable astronomers to locate and weigh a billion galaxies It will also test Einstein's General Theory of Relativity to the limit / and perhaps prove it wrong. It will add to the long list of fundamental discoveries made by radio astronomers including quasars, pulsars and the radiation from the Big Bang. The design will be complete by 2010 and building SKA with full operation in 2020. Another target for the SKA is pulsars; spinning remnants of stellar explosions which are the most accurate clocks in the universe. A million times the mass of the Earth but only the size of a large city, pulsars can spin around hundreds of times per second. With the SKA we will find a pulsar orbiting a black hole and, by watching how the clock rate varies, we can tell if Einstein had the last word on gravity or not. The scale of the instrument needed to fulfil these science goals is huge, a total of 1,000,000 square metres of collecting area spread across a continent, but the technology required to fulfil the potential of the instrument is in many ways more daunting. The SKADS effort is based on phased array receivers. When placed at the focus of conventional mass-produced radio 'dishes', these arrays operate like wide-angle radio cameras observing huge areas of sky. A separate, much larger, phased array at the centre of the SKA constantly scans the sky. Catalyst funding has been provided by the European Commission of 27% of the total of &curren;38M funding over the next four years. The UK has invested &pound;5.6M (&curren;8.3M) funding provided by PPARC. The UK's is contributing 30% of the SKADS programme. The UK is concentrating on sophisticated digital phased arrays and the distribution and analysis of the enormous volumes of data which the SKA will produce. The main technological design aim of UK SKADS is to produce a dual polarisation all-digital phased array 'tile' approximately 1m by 1m, so call '2-PAD'. This will represent the culmination of a number of fundamental system design studies into array antenna element design; very low cost semiconductors for the critical low noise amplifiers (LNAs) at the antenna and the very high speed analogue to digital converters (ADCs) which put the received signal into the digital domain; considerable research into very high speed digital processing techniques which are affordable in terms of cost and power and the reduction of interference both external and self-induced by the equipment. This development is expected to be the highest performance phased array tile for astronomical purposes available at the end of the project. The requirements and performance of a simulated SKA will be investigated when used for selected astronomical observations. The results will be key to deriving the target specification for the SKA and will be used extensively by the engineering groups. The communication and computing resources of a completed SKA will be simulated in order to find the optimal configurations. Techniques for distributing very accurate time signals will be worked upon and demonstrated. This is vital to a radio telescope using many receiving systems sometimes separated by thousands of kilometres.",Research Grant,Closed,0,,,https://gtr.ukri.org/projects?ref=B6A5BADC-9EA1-41B1-A542-01FF96AD8680
B759493B-EA61-4B6F-B777-014DDAF1E050,Improving non-aqueous dispersions for agrochemical application,"The total sales of agrochemicals in 2019 was US$59 billion with Bayer CropScience, Syngenta, BASF, and Corteva accounting for 57% thereof. Agrochemicals are frequently manufactured as colloids using aqueous fluids, but it is also essential to have alternative oil-based carrier fluids for situations where active ingredient hydrolysis is an issue. We propose to study agrochemical colloidal particles in non-aqueous dispersion (NAD) to improve their physical stability inter alia. This iCASE project proposal with Professor Dirk Aarts in Physical Chemistry at Oxford is aimed at better understanding and then enhancing the co-formulants required. The Oxford group have significant experience and expertise with NADs, and they are ideally placed to help Syngenta characterise them better, for example by improved measurement of the colloid-colloid interactions, which is one of the long-standing goals in fundamental colloid science. This collaboration will seek new dispersants and thickeners for such NADs. The research will accelerate and underpin new projects within Syngenta. This could lead to an increased concentration of agrochemical in the product, more facile manufacturing, improved robustness of the formulation on storage and so on. These outputs will flow from improved fundamental understanding of the dispersion and structuring mechanisms at play in typical agrochemical NADs.Project Objectives:1) - Only a few polymeric dispersants are used within agrochemical NAD design - the challenge is to find novel dispersion mechanisms to expand the options; 2) - Effective structuring of NADs against sedimentation is technically limited - only small packs (5 litres) are feasible. The challenge is to allow 500 - 5000 litres for intermediate storage; 3) - Interactions between ingredients such as surfactants often show antagonistic effects on the particle dispersion, causing flocculation and unwanted phase separation. The challenge is to understand and control these interactions to improve colloid stability. Aims: 1) - Improved understanding of particle-particle interactions in such NAD; 2) Novel dispersion mechanisms and chemistry of related dispersants; 3) Improve understanding of particle network structuring in such NADs; 4) Novel structuring mechanisms and materials related to that aim; 5) Develop strategies to avoid unwanted antagonistic interactions between the particles and the various ingredients of the NAD. The proposed research project, aimed at improving the stability and performance of non-aqueous dispersions (NADs) for agrochemicals, strongly aligns with multiple strategic priorities of the EPSRC (Engineering and Physical Sciences Research Council). By addressing fundamental challenges in colloid science and agrochemical formulation, the project contributes to the promotion of physical sciences for human health, supports sustainable agriculture and environmental conservation, advances manufacturing techniques, and directly addresses the global challenge of food security. The collaboration with Syngenta and the focus on enhancing agrochemical formulations, along with the development of novel dispersion mechanisms and chemistry, emphasize the project's potential to have far-reaching societal and economic impacts in agriculture, manufacturing, and environmental sustainability, closely aligning with the overarching goals of the EPSRC. This project falls within the EPSRC Physical Sciences research area.",Studentship,Active,0,,,https://gtr.ukri.org/projects?ref=B759493B-EA61-4B6F-B777-014DDAF1E050
B80F8491-13E3-44A3-99E7-016327DA5384,Shakespeare in Company: 1599-1616,"This research (which will result in an Oxford University Press book) responds to a major critical separation in Shakespeare studies. There is currently a division between the idea of Shakespeare as 'literary dramatist' and the picture of him as 'man of the theatre'. My book combines those perspectives by exploring the literary effect of the playwright's decision to become a sharer in an acting company in the year 1594. The position of sharer in a prosperous company (which was enjoyed by no other playwright) gave Shakespeare not only a unique level of financial security but also a sustained and unparalleled control over the dramatic production of his work. To revise our understanding of Shakespeare's creative achievement, the book brings together two distinctive networks that have previously been examined in isolation. On the one hand, theatre historians have explored the nexus of performance, company formation, and playhouse finance; on the other, scholars of literary culture have examined the connections between classically informed Renaissance poet-playwrights. I provide an account that joins these two strands in the life of England's greatest writer.\n The book's approach is chronological, taking us from the first examples of Shakespeare's writing to the end of his career. Its opening section looks at professional authorship in the early 1590s before the formation of the Chamberlain's Men. I argue that Shakespeare's compositional practice during this period was strongly connected to that of other playwrights such as Greene, Peele, and Marlowe. Shakespeare, that is, began his writing career under circumstances that were not very different from those of his contemporaries. My second section explores the impact that joining the Chamberlain's Men had on Shakespeare. I make the case that, as a result of his new position as sharer, Shakespeare begins to write differently. His plays become less imitative and he abandons co-authorship; his characters become more distinctive and consistent in the way they speak. I look at dramaturgy, rehearsal, company finance, and at the character of individual performers (such as the clown, William Kemp). My book examines key Shakespearean works and compares them to writing by other dramatists of the same period. Ultimately, I contend that Shakespeare's knowledge of his ensemble, combined with the security of long-term dramatic and financial ownership, enabled the development of a new, distinctive dramaturgy.\n An AHRC Fellowship would allow me to complete this project. Further research is essential because developments in the seventeenth century bear out and illustrate the key contentions of the first half of the book. One key episode, for example, is the departure of Kemp. His replacement, Robert Armin, provided Shakespeare with a very different style of comic performance. Armin's own compositions, plus the known roles written for him by other dramatists, provide a wealth of material that remains largely unexplored by Shakespeare scholars. In the light of this evidence, I will provide new readings of the roles that Shakespeare crafted to the abilities of this performer (roles such as Touchstone, Feste, and the fool in Lear). The conclusion of this project will also set out the way that Shakespeare, in the final stages of his career, returns to more conventional patterns of composition. His late collaboration with Fletcher, I will suggest, is connected to Shakespeare's relative distance from dramatic performance in his final years. Key events in the history of the company (such as the acquisition of Blackfriars and the expansion of the sharing fellowship) will again be placed alongside stylistic developments. In this way, Shakespeare in Company will provide an innovative account of the playwright's professional and literary career.\n",Fellowship,Closed,0,,,https://gtr.ukri.org/projects?ref=B80F8491-13E3-44A3-99E7-016327DA5384
B89DFBF7-7023-4B5F-8186-01023150D6C4,Shared outcome prototype technology for the music industry,"SHOUT4 is an online deal management software in the creative industries, featuring the sharing of outcomes. The value of a shared outcome deal is its ability to secure the best teams to work on projects while de risking the upfront capital costs. It is a system with a truly democratised outcome. This innovative model offers a real opportunity to reshape how deals are made in the post Covid-19 world. Shout4 have already proved an analogue version of the economic and legal model within the music industry. Artists and labels have been able to create new product for onward sale for as little as 10% of traditional costs. Professionals and other service providers have accepted a significant reduction in their normal upfront fees in return for a share or wider share of future revenues generated by that content and or artist.

This project will develop and extend SHOUT4 software to create the most appropriate form of reporting to provide transparency, laying the foundations for a full treasury system. Although initial focus will be on music, supporting the development and marketing of artists and labels, the software is being developed as sector agnostic with wide applicability in the longer term.",Collaborative R&D,Closed,0,,,https://gtr.ukri.org/projects?ref=B89DFBF7-7023-4B5F-8186-01023150D6C4
B8ADD0EE-E870-4A78-8095-002698317DAE,Trustworthy Multimodal Medical Foundation Model,"The proposed project aims to develop and evaluate trustworthy multimodal medical foundation models, with a particular focus on Vision-Language Models (VLMs) in healthcare. The project emphasizes improving the trustworthiness of VLMs by enhancing their explainability and reliability. Explainability allows users to understand the reasoning behind the model's decisions, while reliability ensures that the model generates outputs grounded in accurate, factual knowledge. To achieve this, retrieval-augmented systems will be explored to reduce hallucinations and improve model transparency. The research aims to incorporate traditional medical tasks such as image segmentation, classification, and detection into the VLM framework. The research will explore the spatial reasoning and measurement ability of VLMs to enhance medical image computing capabilities on 2D and 3D medical images.",Studentship,Active,0,,,https://gtr.ukri.org/projects?ref=B8ADD0EE-E870-4A78-8095-002698317DAE
B8F1E626-8F83-402D-B5A4-00671DEA4A05,Museums in the Metaverse,"This project will create a two-sided Museums in the Metaverse platform empowering online visitors to explore vast cultural assets in engaging new ways; enable novice and expert curators to create new content; and explore models of use to support sustainable economic and cultural growth.

Virtual museums can escape the physical and geographical constraints that curtail traditional museums. Those constraints limit exhibitions to less than 10% of the objects that are held in collections, and limit audience reach by cost, distance, and accessibility. What is more, audiences appear willing to spend significantly (more than 50% of the cost of a traditional visit) for a high-quality virtual experience.

The case in favour of virtual museums is strong, but there are challenges around costs, access, and audience that stymie their proliferation. Our project seeks to address these challenges with a two-sided Museums in the Metaverse (MiM) platform to unlock the vast, untapped, cultural and economic potential that virtual museums offer. One side of the proposed platform is for visitors who gain access to a rich array of museums, objects, and novel and dynamic exhibitions. The other side is for virtual curators. That is where experts and novices alike can build enriching, or just plain entertaining, narratives using objects and venues that have never been -- perhaps could never be -- placed together in the real world. This platform approach lowers costs and catalyses sustainable, user-driven, growth.

The University of Glasgow is uniquely placed and equipped to anchor this project. We have a global reputation for digital humanities, museum studies, and digital cultural heritage, our own world-renowned Hunterian collection (which has been recognised by the Scottish Government as &quot;Nationally Significant&quot;), and partnerships with the leading collection holders in our own country, and more abroad. We also have a track record in fundamental research on, and application of, XR (extended reality) technology such as VR and AR. Our ARC-XR lab resources represent an extraordinary &pound;1.8m internal investment in support of, and creating a unique venue for, projects such as MiM. We have also already helped build another successful two-sided XR platform for education: Edify.

The Edify platform was the product of a collaboration between the University and a Glasgow-based SME (Sublime, now Edify) through the UKRI-funded Project Mobius. The MiM project draws on that success, and quite literally builds upon the Edify platform, to lead this inevitable cultural breakthrough from Glasgow, and for Glasgow.",Collaborative R&D,Closed,0,,,https://gtr.ukri.org/projects?ref=B8F1E626-8F83-402D-B5A4-00671DEA4A05
B9136BE0-F9A3-47FA-8DA5-00946294614C,"MycoPure: Novel sample extraction process to facilitate rapid, reliable mycotoxin testing in food samples","There is an urgent industry need for new mycotoxin extraction methods to increase the effectiveness of mycotoxin testing in food manufacture &amp; processing. Recent advances in mycotoxin testing have focused on rapid detection but front-end extraction/concentration methods have lagged behind &amp; there is no simple, cost-effective platform for one-step extraction &amp; purification of multiple contaminants. This interdisciplinary project will develop a novel mycotoxin extraction system with the ability to increase the efficiency of testing by up to 20%, thereby lowering associated costs, increasing test kit uptake &amp; improving resource efficiency, enabling substantial economic benefits to the UK food industry. The project is technically &amp; commercially innovative as it exploits a novel acoustic extraction method that offers a flexible platform, seamlessly integrating into existing diagnostic techniques for enhanced efficiency of food testing; an innovation enabled only by cross-sector collaboration towards a common goal – superior mycotoxin testing capability. The proposed work has the potential to substantially improve food safety, contributing to a safe &amp; secure food manufacturing supply chain.",Collaborative R&D,Closed,0,,,https://gtr.ukri.org/projects?ref=B9136BE0-F9A3-47FA-8DA5-00946294614C
B91448D3-767B-4FAF-B5A6-006EFE26F0DE,"Postpartum sexuality: Can medical and healthcare professionals advise new mothers from a strengths-based, sex positive perspective?","Giving birth can have intense psychological and physiological effects (McDonald et al, 2018) which often significantly negatively impact womens' sense of self and mental health, including postnatal depression (Woolhouse et al, 2014). Partners also experience emotional changes with up to 50% of new fathers reporting paternal depression (Beck, 2001). Moreover, after childbirth couples typically spend less time together, experience more conflict, are less sexually active and experience a decline in marital and sexual satisfaction (Delicate et al, 2018). Lack of intimacy, including lack of sexual and sensual life, and infidelity can contribute to relationship breakdown in the early stages of parenthood (Ahlborg et al, 2008). Despite this, some women report improvements to intimacy (Olsson et al, 2005) and increased sexual activity (Williamson et al, 2008) postpartum. Utilizing qualitative methods this study will explore the subjective lived experience of postpartum sexuality (for women and their partners) and the perceived impact this has on mental well-being and relationship satisfaction. Following the 'relational turn' in social policy which has arisen in response to growing awareness of the negative impact of poor quality relationships or relationship breakdown on children's outcomes and the increased costs to the state associated with this (Marjoribanks and Davies, 2016), this research aims to explore the role of sexual intimacy in promoting and sustaining a positive transition to parenthood. Building on recommendation to target policy and practice interventions at key transition points (Cowan and Cowan, 2018), this research will inform the work of midwifes, social workers, healthcare advisors and sex and relationship therapists.",Studentship,Closed,0,,,https://gtr.ukri.org/projects?ref=B91448D3-767B-4FAF-B5A6-006EFE26F0DE
B93DA730-F252-4ED0-8EF0-01EB369FF9CA,Comparison of afferent inputs to the retrosplenial cortex in healthy and pathological conditions using a mouse model of amyloidopathy,"Alzheimer's disease (AD) is a neurodegenerative disorder, currently affecting 50 million people per year. AD is characterised by impaired memory and cognitive function, accompanied by progressive atrophy in multiple brain regions. Most research into AD-related memory loss has focused on the hippocampus, the region of the brain most associated with learning and memory. However, multiple other brain regions are involved in memory, and the focus of this project is on one of those regions, the retrosplenial cortex (RSC).

The RSC is a midline cortical region that forms reciprocal connections with many regions including the hippocampal formation, entorhinal cortex and anterior thalamic nuclei (ATN). Lesion studies show that the RSC plays an important role in spatial memory, with recent research showing that it is essential for providing contextual information. Reduced activity in the RSC is one of the first pathological changes that can be detected in humans with AD, and occurs before changes can be observed in the hippocampus. Similarly, mouse models that overexpress amyloid beta display reduced activity in RSC before anatomical markers of AD-like pathology become clear. Interestingly, the earliest cognitive deficits that can be detected in mouse models of AD are usually impaired spatial and contextual learning. 

The overall aim of this project is to study the RSC during the prodromal (early) phase of pathology in a mouse model of Alzheimer's disease, with the goal of linking deficits in cognitive function with impairments at the cellular and synaptic level. The specific aims are:
1. Determine whether inputs from hippocampus and ATN to RSC are altered in prodromal AD (3 to 5 months old mice).
2. Confirm that spatial learning is impaired in prodromal AD and determine how this relates to function of ATN and hippocampal afferents in RSC.

Aim 1 will be approached using a combination of optogenetic circuit mapping using patch-clamp recordings in ex vivo slices, and in vivo calcium imaging. Aim 2 will be addressed via optogenetic manipulation of long-range inputs to RSC during memory tasks. Traditional mouse models of Alzheimer's disease use animals that overexpress mutant tau or amyloid precursor protein (APP, which is the precursor to amyloid beta), but these models have received some criticism due to the artificially high levels of mutant protein. In this project, we will use a newly described knock-in mice (AppNL-F/NL-F mice) that have had the mouse APP gene humanised and then altered to carry APP mutations seen in familial AD, circumventing the problems of overexpression models. 

This project will use advanced optogenetic methods in a cutting-edge mouse model of AD, to study behaviour- and circuit-level changes in an understudied region of the brain. As such, this presents the student with an exceptional training opportunity in an exciting field.",Studentship,Closed,0,,,https://gtr.ukri.org/projects?ref=B93DA730-F252-4ED0-8EF0-01EB369FF9CA
B9CBA7ED-DCAA-4422-A3B9-0132C99D7F21,Cyber security - Always Connected,Providing sophisticated security of information and data transfer to support the use of self-management solutions for those with long-term health conditions in their own homes.,Vouchers,Closed,0,,,https://gtr.ukri.org/projects?ref=B9CBA7ED-DCAA-4422-A3B9-0132C99D7F21
C9B6F9BC-3E45-49CF-AEDA-01607CC198F9,Noncommutative Algebraic Topology,"Algebraic Topology is the study of spaces using algebraic methods. By a basic duality principle, spaces correspond to commutative algebras. In Noncommutative Geometry, one studies noncommutative spaces that underlie noncommutative algebras. Such algebras show up naturally in a plethora of situations, for instance, when one consider symmetries or deformations of spaces.The study of noncommutative spaces is not only interesting in itself, but also has important applications to various other branches of mathematical and physical sciences. For instance, analysis of the topological K-theory of noncommutative spaces underlying discrete groups allows one to deduce results in pure algebra, topology and geometry. Moreover, in some case, the best results are accessible only through noncommutative geometric methods. In mathematical physics, noncommutative (operator) algebras arise as algebra of observes. In fact, this is how noncommutative geometry was initiated by von Neumann in the first place. Some current research in theoretical physics focus on investigating the space-time as a noncommutative space.My proposal concerns the study of noncommutative algebraic topology, more precisely, the extension of algebraic topological methods to noncommutative geometry. This involves rewriting homotopy theory for noncommutative spaces in terms of modern algebraic topological machinery and making systematic use of various standard techniques such as completion and localization. More concretely, my research proposal consists of four interconnected projects that focus on homotopical algebra, algebraic and connective K-theories for noncommutative spaces and Banach KK-theory, respectively.The research fellowship is to be held at Cardiff University, because it has a strong tradition of Noncommutative Geometry and Mathematical Physics. Also Cardiff University is the largest partner of Wales Institute of Mathematical and Computational Sciences and leader of its Mathematical Physics cluster, whose members include the prestigious string theory group at Swansea and quantum control group at Aberystwyth. In order both to promote successful research and discuss future directions with experts in the relevant fields, I plan to make scientific trips to Muenster University and University of Sheffield.",Fellowship,Closed,0,,,https://gtr.ukri.org/projects?ref=C9B6F9BC-3E45-49CF-AEDA-01607CC198F9
C9FE9114-22EF-4169-84BF-01CDACA2B8AC,Essential Scientific Computing for Environmental Scientists 3,"Good Scientific Computing and Data Management skills are increasingly important in all disciplines of science, but are rarely taught at undergraduate level to environmental scientists, and students in related domains. This leads to a significant knowledge gap, limiting their ability to work effectively with both data and code which inevitably has a direct impact on the science outputs they are able to produce. It also leads to disparity between researchers in different domains, where these skills are often now taught as mandatory elements in physical science undergraduate degrees.
We have significant collective experience in teaching good practices around programming, including testing data analysis, management, and visualisation, and knowledge across a wide spectrum of the NERC domain. We are therefore well placed to provide relevant and engaging courses to researchers who have no experience of programming, and to those who have had some previous exposure to scientific computing, and we will run courses that will appeal to both of these groups. Our plan to run both in-person and online courses, as well as providing appropriate funding, will help attract attendance from groups who traditionally find it difficult to attend multi-day in-person courses.
The courses we provide will be fully interactive, with attendees working along with the instructor in real time for the taught components of the lessons. There will be regular exercises for the attendees to have time to consolidate the material, with a high ratio of demonstrators to attendees to ensure that there is sufficient support for those who find the concepts more difficult. Materials for the exercises is domain specific, helping to mitigate against the issue that many non-domain specific training courses have that content appears too abstract, and attendees find it difficult to learn both new concepts and how to align it to their own work.
Increasing computing and numeracy literacy amongst PhD students and early-career researchers will not only help with their own research, but they are highly transferable skills and will be extremely valuable regardless of their long-term career ambitions. We hope that it will also lead to other students being encouraged to increase their own skills, thereby improving the overall levels of scientific computing skill within the environmental disciplines.
From our own collaborations, we know that this type of training is in high demand in academic, NGO, and public sector institutions and so we will advertise these courses widely to ensure maximum visibility and take-up. We will use our own experiences and lessons learned from running previous courses (e.g. from those run under the ARCHER, Ed-DASH, and SSI grants, which have collectively taught in excess of 5000 students) to guide good practice, and take on board continual feedback to make sure the courses continue to be as useful as possible throughout the timeframe of the grant. From the courses we ran under our previous grants (Essential Scientific Computing for Environmental Scientists: NE/X009211/1 and Essential Scientific Computing for Environmental Scientists 2: NE/Y003799/1), we have received valuable feedback which has enabled us to enhance the content further for the intended audience. Following the success of the Bring Your Own Data day to three of the in-person courses, to provide more focussed support for a small number of attendees with their own research, we will continue to offer these.",Training Grant,Closed,0,,,https://gtr.ukri.org/projects?ref=C9FE9114-22EF-4169-84BF-01CDACA2B8AC
CA075234-AD9A-4B24-BC33-002B6AE639BD,"Integrating and developing human, social, and organizational capital in the workplace","The notion of capital crops up a great deal in the business, management and allied academic literatures. This Fellowship is based at the Institute of Work Psychology, where our core interests concern human and social capital i.e. the individual attributes and relationship ties that assist in achieving effective performance now and in the future. We are also interested in human and social capital that enables people to meet their own personal career objectives.

However, of course the notion of capital extends much further than this. In a business context it can be thought of as the sum total of the money, property and other valuables available to an organisation, especially in regards to investing in future organisational effectiveness. This can mean that the human and social aspects of capital are rather overlooked. Likewise, the applied psychology/HRM approaches to capital can neglect the more material and financial aspects.

The overall aim of this project is therefore to bring together different perspectives on capital in the context of work organisations, in order to construct a holistic view of what we at this stage choose to call Organisational Capital Development (the name may change). We have a particular interest in human and social capital, and these will be our starting point, but we will want to apply ideas in these forms of capital to other forms of capital, and vice versa. More than that, however, we also wish to develop ideas and tools for ensuring the organisational change to promote the development of organisational capital is successful. 

Specifically, we plan to address three broad questions:

1) How do senior managers in organisations decide what their employees should do which will add the most value? 

2) How can people working in organisations be deployed and developed in such a way that they contribute both to the organisation's capital and to their own human and social capital (i.e. their employability)? 

3) How can organisational behaviours be changed in the light of growing evidence that investment in organisational capital leads to competitive advantage?

A careful review of existing relevant literatures and some creative manipulation of ideas and findings in them will be essential in order to ground this work and enable it to move in innovative directions. It is likely that in-depth qualitative data will be collected to address questions 1 and 3 above, in the forms of managers verbalising thought processes in a similar way to (for example) some of the research on expertise (question 1), and a case study approach with one or a very small number of organisations committed to making changes (question 3). Question 2 may be addressed using survey methodology, because although it is quite broad, many of the key parameters are laid out in the organisational career management literature, especially talent management and succession planning. However, the methods to be used are not certain at this stage.

Outcomes will include a PhD for the Fellow, and also vigorous promotion of ideas and findings about organisational capital and its development in both academic and user communities. This will include presentations at conferences (academic and user) as well as written outputs in both arenas. It is also intended to develop tool(s) and/or techniques(s) that can be applied in organisations to review and improve the development of organisational capital.",Fellowship,Closed,0,,,https://gtr.ukri.org/projects?ref=CA075234-AD9A-4B24-BC33-002B6AE639BD
CA171124-34B1-4EDC-B1D5-0132D53AA5E5,Scheduling with Resource and Job Patterns,"The project will bring together two streams of scheduling research which involve patterns of different types: resource patterns and job patterns. Resource patterns are typical for personnel scheduling problems and for project management; job patterns are usually studied within machine scheduling. In spite of the differences in the nature of two types of patterns and the differences in application areas for two types of problems, there are a number of complementary features in the underlying models which have not been explored in the past. Within this project, we intend to complete the in-depth analysis of the two models, perform the knowledge exchange between the two areas and develop a new methodological framework for solving problems with patterns. The study of the separate problems with resource patterns and those with job patterns will be concluded with the study of the combined problem with both types of patterns, which models new features of real-world applications not studied before.",Research Grant,Closed,0,,,https://gtr.ukri.org/projects?ref=CA171124-34B1-4EDC-B1D5-0132D53AA5E5
CA24FD57-4AEF-456B-A66B-00ACC570C02A,Nuclear Structure Astrophysics and Reactions (NuSTAR) at FAIR,"Abstracts are not currently available in GtR for all funded research. This is normally because the abstract was not required at the time of proposal submission, but may be because it included sensitive information such as personal details.",Research Grant,Closed,0,,,https://gtr.ukri.org/projects?ref=CA24FD57-4AEF-456B-A66B-00ACC570C02A
CA43A382-8413-4936-B152-01F04FDDDD8B,"Quantifying the impact of 3D effects on 3D Electrical Resistivity Tomography data at Mactaquac Dam, New Brunswick","EPSRC : John Ball : EP/R513076/1 

Geophysical techniques are being increasingly used to monitor the structural conditions of dams, due to their widespread coverage and ability to detect subsurface issues, such as the development of seepage pathways. One such technique is Electrical Resistivity Tomography (ERT), which is sensitive to moisture content and porosity, meaning it can be useful for detecting areas of potential seepage, and therefore parts of the dam which are failing.

Analysis of geophysical data often requires computer models. In my PhD I have been exploring how such models can lead to incorrect interpretations if the 3D geometry of the site or dynamic variation in water levels adjacent to the dam are not accounted for. This exchange will allow me to apply some of the approaches I have been working on to an established site in Canada where geophysical techniques have been applied. I anticipate that the work will enable greater certainties in data interpretations.",Research Grant,Closed,0,,,https://gtr.ukri.org/projects?ref=CA43A382-8413-4936-B152-01F04FDDDD8B
CA5EA251-8415-416F-81C2-00C77DF1048C,Automated extraction of data for medical systematic reviews from variable-quality PDF documents,"Systematic reviews are a form of medical literature review designed to survey all extant research on a particular topic, in order to make recommendations to practitioners and policy makers as to what treatments should be offered based on the best-available evidence. Such reviews are very time-consuming to produce, and many of the tasks involved in writing systematic reviews are suitable for either automation or machine support. One such task is the extraction of data from reports of medical trials, typically held in PDF form, which will be used to inform the review's conclusions. This project is intended to develop new methods of providing machine support in this process, which will speed the review production process and contribute towards the goal of full automation of review production.",Studentship,Closed,0,,,https://gtr.ukri.org/projects?ref=CA5EA251-8415-416F-81C2-00C77DF1048C
CA7F1899-4FE0-4FD6-8B0F-01CDBC78B3EC,Epilepsy Networks - Joined Up Thinking For Better Care,"A major challenge in the delivery of high quality care to people with epilepsy is the accurate collection and analysis of information about their condition, and possible seizures, throughout their daily life. The Epilepsy Networks project aims to improve the provision of expert care to people with epilepsy using existing NHS resources but leveraging them with innovative use of secure mobile and social solutions. The captured information will then be embedded in the patient's NHS electronic record, and using automated analysis and clinically validated data visualisation, the project will enable a more accurate and timely assessment of the patient’s condition. This will facilitate novel clinical pathways including real-time pre-emptive intervention, reducing the cost of care and enabling the re-engineering of existing services to better meet the needs of those diagnosed with this life-altering condition. The ultimate goal is to develop a platform for connecting patients, hospital and community healthcare professionals around an innovative, shared digital record including input from patients and families for a full spectrum of medical conditions.",Collaborative R&D,Closed,0,,,https://gtr.ukri.org/projects?ref=CA7F1899-4FE0-4FD6-8B0F-01CDBC78B3EC
CA9FEA1B-CABA-4E8E-A810-0087E1A9971E,Glasgow Caledonian University and IWAD Ghana Limited AAKTP 23_24 R3,"To reduce the vulnerability of Ghanaian tomato production to climate change and variability, this project will embed expertise in smart irrigation products. It will close the gap between agricultural irrigation engineering and smart technologies.",Knowledge Transfer Partnership,Active,0,,,https://gtr.ukri.org/projects?ref=CA9FEA1B-CABA-4E8E-A810-0087E1A9971E
CAABF5E9-4CBF-4460-9F40-00675247F686,Genome-wide association mapping and landscape scale modelling of heritable ionomic diversity in Arabidopsis thaliana populations,"The proposed research utilizes genetic approaches to identify the genes that control the way plants take up mineral nutrient found in fertilizers such as potassium and phosphorus and potential toxic substances such as sodium (for the plant), and arsenic and cadmium (for humans that eat the plants). By understanding how different forms of the genes we discover are used by plants to allow them to grow in soils containing different levels of mineral nutrients or potentially toxic elements we can understand the role these genes play in allowing plants to adapt to the varied soil conditions they are exposed to in their natural habitats. A better understanding of these adaptations in natural populations of plants would have significant practical benefits for agriculture by providing the information needed for the development of new varieties of crops better able to provide the increased yields needed to meet the future demand for more cereals for biofuels, more grain for meat, and more food for the additional 2 billion people expected by 2050. The increased crop yields needed to meet these coming challenges will require a significant increase in irrigated agricultural production which will bring with it increased salinity (elevated sodium) in soils and associated yield losses. Crops adapted to maintain yields in the face of increasing salinity will therefore be essential. More efficient use of mineral nutrient fertilizers by crops would also improve yields for farmers, enhance productivity of crops on poor soils, and limit the environmental and ecological damage the production and excess use of fertilizers causes. For most of the world's population, plants are also the major source of essential dietary mineral nutrients such as calcium, potassium, manganese, iron and zinc, and therefore efforts to improve the mineral nutrient content of staple foods such as rice, maize and cassava would have significant human health impacts. Plants are also the primary entry point for a variety of toxic minerals into the food chain such as arsenic and cadmium. A better understanding of how natural plant populations have evolved over thousands of years to grow in mineral nutrient poor soils or soils with elevated salinity, cadmium or arsenic would help guide how we develop crop varieties for the future that could deliver the needed increases in yield and quality while insuring these gains against a changing climate to ensure food security for all.",Research Grant,Closed,0,,,https://gtr.ukri.org/projects?ref=CAABF5E9-4CBF-4460-9F40-00675247F686
CB193A33-9836-49D5-B74C-020AB71DF312,New insights into the deposit architecture and emplacement mechanisms of block-and-ash flows using ground penetrating radar,"Block-and-ash flows (BAFs) are amongst the most dangerous volcanic phenomena on the planet. Generated by gravitational or explosive collapses of viscous lava domes or by the collapse of vulcanian-type eruption columns, BAFs are common at many active subduction zone volcanoes, including Colima (Mexico), Unzen (Japan), Soufri&egrave;re Hills (Montserrat), Arenal (Costa Rica) and Merapi (Indonesia), where they pose a severe threat to the surrounding population and infrastructure. Merapi, an andesitic composite volcano located in Central Java (Indonesia), is one of the most frequently erupting volcanoes in Indonesia with nearly persistent volcanic activity. Of the 1.1 million people living on the flanks of the volcano, almost half live in high-risk areas. It is estimated that property worth tens of millions of U.S. dollars lies in the vulnerability zone of the volcano and this amount is likely to increase given a population growth rate of 3% per year in the local area. Since the mid-1500s, eruptions of Merapi have caused ~7000 fatalities. More recently, BAFs from a small-scale eruption in 1994 killed 66 people, whilst the renewed activity of 2006, which, for the first time in more than a century affected densely populated areas on the volcano's southern flank, led to more fatalities. These eruptions illustrate the unpredictable and still poorly understood behaviour of BAFs, which caused havoc in areas considered relatively save from BAFs and related hazards. Furthermore, they have demonstrated the urgent need for an improved physical understanding of the mobility, transport and deposition processes of BAFs in order to improve assessments of their local hazard potential. Traditionally, qualitative models of BAF transport and deposition have been developed based on interpretations of the internal structure from resulting deposits. Unfortunately, a combination of poor exposure and rapid lateral facies variations, controlled by unknown palaeo-topography, have often complicated such field-based studies and have hindered the detailed assessment of emplacement mechanisms and, hence, the hazard potential of such flows. This proposal aims to overcome the inherent limitations of these traditional studies through the application of ground penetrating radar (GPR) to the 2006 Merapi BAF deposits, which provide a unique and ideal natural laboratory for this type of research. The application of GPR to pyroclastic deposits is relatively new and the technique is capable of allowing systematic and rapid collection of sub-surface information independently from the presence of exposures. This opens a unique perspective that, when combined with detailed sedimentological studies along exposed sections, will provide the most complete picture yet of the three-dimensional deposit architecture of BAF deposits and how this type of pyroclastic flows is emplaced. Such a level of interpretational sophistication is impossible to achieve with direct observation techniques alone. The results of this study will be instrumental in formulating a new, improved understanding of BAF-related hazards and help provide sustainable technology solutions to the challenges associated with hazard mitigation (a priority area highlighted in the NERC Strategic Plan for Science). One of the key outcomes of the project is to create a unique, well-constrained data set that has important applications to the numerical modelling of mass flows and the emplacement dynamics of multi-phase granular deposits. Consequently, the work will be of immediate benefit to all groups involved in assessing volcano hazards either directly (at observatories on some of the most active volcanoes around the world) or through remote sensing and numerical modelling techniques.",Research Grant,Closed,0,,,https://gtr.ukri.org/projects?ref=CB193A33-9836-49D5-B74C-020AB71DF312
CB1F7586-05E0-4A9B-8480-00555BF7B52B,The impact of China's &quot;ecological civilisation&quot; principle on China's management of transboundary rivers in the region.,"My PhD thesis would address the question: How has the Chinese leadership's commitment to the principle of &quot;ecological civilisation&quot; influenced China's approach to transboundary river management? I propose to study the years 2012-2022 using a comparative analysis of three transboundary rivers that flow through China, as outlined in the Methods section below. My aim would be to develop a rigorous definition of &quot;ecological civilisation&quot;; discover whether &quot;ecological civilisation&quot; is reflected in the Chinese management of and discourse around transboundary rivers, as well as the dynamics of interaction between different levels of governance, including regional governance; and evaluate whether patterns can be observed across different river basins when different river states are involved. 

 

The originality of the thesis would lie in bringing together China's &quot;ecological civilisation&quot; and its management of and discourses around transboundary rivers. &quot;Ecological civilisation&quot; (shengtai wenming) is a Chinese concept which can be traced back to a term referred to in Scientific Communism in the former Soviet Union in 1984.1 It gradually entered the political sphere in the mid-2000s and was enshrined as a Chinese constitutional commitment in 2018. It is China's plan for sustainable development2 and includes an aspiration to lead the advancement of ecological civilisation at the international level.3 The concept remains poorly understood and understudied outside of China. A rigorous definition that could be applied across different cases has yet to be developed, and the role of the principle in Chinese foreign policies is not clear. My PhD thesis would contribute to debates about what the Chinese government means by &quot;ecological civilisation&quot;, how it shapes Chinese foreign policies and discourses, and how it can create incentives for different stakeholders within and outside China. 

 

Beyond its specific contribution to the literature on &quot;ecological civilisation&quot;, my PhD thesis would increase our understanding of the challenges of reconciling environmental and development goals in China. At the regional level, it would show how Chinese norms shape China's relations with its neighbours, as well as the distribution of resources and governance more generally. It also has global relevance, as China's &quot;ecological civilisation&quot; - which shapes its approach to energy infrastructure investments and growing role as an environmental power - will be a key part of China's rise in the 21st century. Beyond the field of Chinese Studies, it would contribute to the literature on norms in international politics, and the significance and responsibilities of great powers in international environmental politics. Finally, it would build on existing theoretical frameworks that seek to explain hydropolitics to develop a novel framework to analyse actors' interactions in the context of transboundary rivers. Further studies in these fields could build on the contributions of my thesis, for example by applying the concept of &quot;ecological civilisation&quot; to another policy area, comparing the dynamics of &quot;Western&quot; and non-Western norms, and applying the insights of the revised hydropolitics framework outside the Chinese context.",Studentship,Active,0,,,https://gtr.ukri.org/projects?ref=CB1F7586-05E0-4A9B-8480-00555BF7B52B
CB887CC7-BE83-4EF7-8451-01D3B37C59A7,Advanced high fidelity modelling of woven composites,"In the last decades, advanced composite laminates have represented one of the most used material technologies able to ensure unparalleled performance in terms of strength to weight ratio and range of applicability. However, the newest aerospace engineering challenges has led to ever increasing demand for better mechanical properties and higher reliability. Traditionally, the composites laminate exhibit poor through-thickness strength and impact toughness. Therefore, the need arises to use more reliable materials in some specific applications such as fan blades or impact resistance structural parts, which in turn led to the development of more complex fibre interweaving architectures such as the 3D woven composites. The introduction of the binder yarns aim to interlace multiple fabric planes, providing a three dimensional reinforcement. However, associated with the outstanding properties exhibited by the 3D Woven composites the exponential growth in architecture complexity poses new challenges, in terms of manufacturing and virtual modelling.

This research aims to develop state-of-the-art modelling capabilities for meso-scale damage modelling in woven textile composites. In particular, 3D woven composites debonding is one of the key damage mechanisms that have been extensively observed via experimental test studies. In the absence of debonding models, Matrix cracks can progress directly from matrix to yarn materials, resulting in a premature prediction of failure. Consequently, it is essential to include this damage mode in simulation for accurate predictions of the ultimate failure strength. Here, a novel modelling technique is proposed to include reliable debonding failure detection in the meso-scale model of textile composites. As a first step, the more traditional Voxel meshes needs to be improved due to the lack of a distinct representation of the yarn surface. So, the research starts by developing a dedicated mesh technique i.e. an original Hybrid Mesh that aims to represent the contact surfaces between matrix and yarns with a high fidelity. Finite Element Analysis models will be compared, in terms of mechanical characterisation, with experimental results. Finally, a dedicated mechanical damage models will be investigated, including the non-linear matrix behaviour under shear loading. The validation of the results will be carried out against X-ray CT scans experimental tests to capture damage morphology as well as failure strengths.

This project's outcome will provide an important virtual modelling technique to enable the better design of structural components using woven composites. The proposed meso-scale model will be integrated in a multi-scale analysis framework, standing as cutting-edge software able to investigate the mechanical behaviour from the fibre/matrix constituents up to the components level made of woven composite materials.

Key aspects that will be covered to achieve a state-of-the-art 3D woven modelling capability include:

- Dedicated matrix modelling including shearing non-linearity.
- Yarn matrix debonding damage.
- Enhanced damage progression algorithms for Voxel meshes.
- 3D Woven dedicated conformal meshing methods.
- Computational enhancements to achieve a stable implementation of damage models in an implicit integration framework.
- Enhanced damage morphology experimental verification against CT-scans.",Studentship,Closed,0,,,https://gtr.ukri.org/projects?ref=CB887CC7-BE83-4EF7-8451-01D3B37C59A7
CBE76C1E-6ADC-4216-9E1F-017AE3663AD4,"Addressing Energy Consumption and Climate Change Adaptation in non-South facing, post-Decent Homes properties.","Abstracts are not currently available in GtR for all funded research. This is normally because the abstract was not required at the time of proposal submission, but may be because it included sensitive information such as personal details.",BEIS-Funded Programmes,Closed,0,,,https://gtr.ukri.org/projects?ref=CBE76C1E-6ADC-4216-9E1F-017AE3663AD4
CC4941D0-BCB6-4107-91F2-013D9FA71063,Hyperthermal atomic oxygen effects on satellite systems,"The University of Manchester is developing a unique experimental facility that replicates hyperthermal atomic oxygen flux in very low Earth orbits (VLEO), essentially a rarefied flow wind tunnel, called the Rarefied Orbital Aerodynamics Research Facility (ROAR). It will be a unique facility able to characterise the reemitted flow from surfaces and thereby determine their aerodynamic properties. The student will be one of the few PhD students with access to the ROAR facility, being able to participate in its set up, working to support its optimization beyond existing funded projects, and developing new technologies which can be validated using the facility. 

Whilst much materials science has been carried out on atomic oxygen erosion, almost none exists in relation to the beam scattering characteristics of materials and therefore their aerodynamic properties. This has implications for aerodynamic optimisation for drag minimization and aerodynamic control, and for atmospheric sensor development. In addition, the erosion characteristics of novel materials, as well as systems such as solar array interconnects, need to be characterized.

The student is still in their first year, but the project is narrowing down on possible directions:

The student will help to answer a number of research questions:
1. How closely does ROAR reproduce the aerodynamic and erosion effects of the real VLEO environment, and what improvements can be made to create better alignment?
2. How can the flow density of ROAR be improved to allow more rapid erosion experiments?
3. How can we determine the flow direction in VLEO to support aerodynamic control methods and other applications?
4. Does a greater understanding of gas surface interactions with hyperthermal atomic oxygen affect the design of systems and sensors?

Based on experimental results the student will work to develop the fundamental science of gas-surface interactions of the atmosphere with surfaces, and work to improve the performance of ROAR and how well it represents the real VLEO environment.

Depending on the studies during the PhD, specific activities could include:
 Developing improvements to ROAR to increase the atomic oxygen flux enabling erosion studies of materials and satellite systems.
 Developing VLEO sensors, such as a flow sensor, for use with aerodynamic attitude control concepts and other applications.
 Comparing materials performance from satellite flight data with that from ROAR to determine what changes to the system may be required to more closely replicate the VLEO environment, and how these could be implemented.
 Use gas surface interaction data to inform the design of sensors and systems",Studentship,Closed,0,,,https://gtr.ukri.org/projects?ref=CC4941D0-BCB6-4107-91F2-013D9FA71063
CC4954D1-8CE0-43B9-BFAD-01DFA8571AAE,Improved efficiencies during health emergencies through enhanced visualisation of tubes and lines in the ITU setting,"The Covid-19 pandemic has seen a huge increase in the number of hospital admissions for patients requiring care in intensive therapy/care units (ITU). These patients are often critically ill, immobile and in need of rapid interventions to assist with breathing, feeding and deployment of other health support systems. This influx has also highlighted how inadequate current mobile imaging systems are for the provision of care for these patients, with imaging for placement of tubes, lines and other devices often requiring repeats due to poor image quality. This increases the strain on an already stretched NHS resource pool and results in other services being reduced in a time of crisis.

IBEX Trueview is a novel physics-based X-ray imaging technology that has been demonstrated to enhance image quality in mobile chest X-rays (CXR) through accurate removal of the deleterious effects of scatter. This project will additionally demonstrate the potential for IBEX Trueview to improve the quality of tube and line imaging through application of unique &quot;composition-guided post processing&quot; (CGPP) methods.

This project will build upon the core CGPP algorithm to develop novel methods to enhance the visibility of lines and tubes whilst retaining high quality diagnostic images. The value of this for improved treatment in the ITU setting will be tested through an evaluation on consented patient images, and a health economics study which will determine its impact for the future sustainability of NHS ITU services during healthcare emergencies.",Collaborative R&D,Closed,0,,,https://gtr.ukri.org/projects?ref=CC4954D1-8CE0-43B9-BFAD-01DFA8571AAE
CC49B18A-AA9C-4C6C-A9EA-01265E27681A,[AGRIFOOD] Do mycorrhizal fungi facilitate root defence signalling in belowground predator-prey interactions?,"Ensuring future food security in the UK will rely on increasing crop production by c. 70% by 2070. Meeting these production goals will depend on reducing crop losses to insect pests at a time when new pesticide legislation makes pest management increasingly challenging. Plant derived resistance, and particularly multi-species interactions that enhance such crop resistance, could therefore be invaluable. The aim of this project is to develop a sustainable biological control system for vine weevil (Otiorhynchus sulcatus) in a model perennial crop (red raspberry; Rubus idaeus) using a combination of arbuscular mycorrhizal fungi (AMF) and entomopathogenic nematodes. Increasing evidence points to the importance of root defences against belowground attack, including directly detrimental effects on the attacker and the recruitment of antagonists (i.e. indirect defence). Root defence signalling is only now being characterised in some plant species, but nothing is known about how AMF communities influence these processes despite good evidence for AMF generally increasing resistance to root herbivory. In particular, we hypothesise that some combinations of AMF species will facilitate root defences either directly or indirectly. The proposed research will identify key AMF species that influence root defence signalling and examine the responses of root-feeding weevil larvae to various combinations of these species. The collaboration between RHUL (Prof. Gange) and SCRI-MLURI (Drs Johnson, Bennett and Dawson) will allow the student to perform state of the art metabolomic profiling and measurement of in situ root exudation patterns, to gain a mechanistic understanding of the resistance. The most promising combinations of AMF will then be tested in conjunction with nematodes, to identify that which provides maximum levels of weevil control. This project is strongly aligned with the NERC CASE Priority area of Food and Agriculture (AGRIFOOD) and involves one of Europes main plant breeders (SCRI, a charitable company limited by guarantee) as the CASE partner. In particular, the project combines fundamental environmental research at one of the UK's leading biology departments (RHUL) with applied expertise at one of the world leaders in soft fruit production, ecology and protection (SCRI).",Training Grant,Closed,0,,,https://gtr.ukri.org/projects?ref=CC49B18A-AA9C-4C6C-A9EA-01265E27681A
CC6EB366-D1B6-484C-85F8-0175AA6D0F0B,Integrated Land &amp; Water Management in Floodplains: Experience of Agricultural Flood Defence Schemes in England and Wales,"Abstracts are not currently available in GtR for all funded research. This is normally because the abstract was not required at the time of proposal submission, but may be because it included sensitive information such as personal details.",Research Grant,Closed,0,,,https://gtr.ukri.org/projects?ref=CC6EB366-D1B6-484C-85F8-0175AA6D0F0B
CD3C23E2-8F80-458C-B929-0046744D8612,"Identifying orbital- and sub-orbital-scale controls on the Asian summer monsoon: a 500,000 year hydroclimate record from Nam Co, Tibet [NamCore-UK]","The Tibetan Plateau, located north of the Himalaya mountain range, is a large geographical area with an elevation greater than 4 km above sea-level. It is called &quot;The Third Pole&quot; because it has the third highest glacier ice volume after the Arctic and Antarctic, and it is a region that is already experiencing the effects on the ongoing global climate crisis. The Tibetan Plateau and associated glacier ice also have great significance for many neighbouring Asian countries, being the source of many of the major river systems supplying water to 100s of millions of people, as well as sediment that builds several mega-deltas that are homes to 10s of millions of individuals. The Tibetan Plateau also plays a major role in the Indian summer monsoon atmospheric circulation system, with the Sun's heating of the high-altitude region traditionally thought to set up a low-pressure cell (i.e., upward flowing heated air), into which wetter air masses are drawn from the Indian Ocean, from which seasonal monsoonal rain then falls over the Indian sub-continent. However, there remains a lack of detailed understanding of the controls on, and the complexity of, Asian monsoon systems, and additional knowledge is required in relation to how climate in this region will develop under future climate-change scenarios that will result from ongoing global warming.

One way to gain an improved understanding of natural Earth systems, such as the Indian summer monsoon, is to investigate such systems in the historical and geological past, i.e. by the reconstruction of past climate (called palaeoclimate), one commonly used statement being &quot;the past is the key to the present&quot;. To be able to investigate palaeoclimate it is necessary to have an archive of information and a means to reconstruct key palaeoclimate parameters, the latter termed a proxy-based approach because one measures something preserved in the archive (the proxy) that exhibits a relationship with the key parameter of interest. Continental lake sediments are one important archive and this project will utilise such materials from lake Nam Co on the Tibetan Plateau. Prior investigations of this lake have shown there is around 700 metres of sediment buried below the lake floor and it is expected that these sediments extend back to around one million years before present. The significant international value of the Nam Co lake sediment archive was recognised in summer 2020 by panels of international researchers who awarded US$1.5M from the International Continental Drilling Project (ICDP), an international agency currently with 21 member countries (including the UK). An additional US$0.9M funding also has already been committed by the Institute of Tibetan Plateau Research, Chinese Academy of Science (Beijing, China), further confirming the significance of this large-scale international research project.

The Nam Co sediment archive will be recovered during summer 2023 by coring from a drilling rig sitting on top a barge that will float on the lake surface, an approach that has been applied successfully to many other ICDP lake drilling projects. Once the lake sediments have been recovered from below the lake floor they will be subject to numerous biological, chemical and physical measurements, in order to address the fundamental science questions that the Nam Co sediment archive will allow to be addressed. This UK NERC-funded project, including two of the proponents of the main ICDP project, will: 1) contribute additional funding to the lake coring operations; 2) apply chemistry-based dating techniques, so that the ages of the recovered sediments can be determined; 3) complete chemical proxy measurements on the lake sediments for palaeoclimate reconstruction, specifically with a focus on improving understanding of the water balance on the Tibetan Plateau and how that relates to controls on the Indian summer monsoon.",Research Grant,Active,0,,,https://gtr.ukri.org/projects?ref=CD3C23E2-8F80-458C-B929-0046744D8612
CD53A6CA-C6DD-4C16-8839-00EC800C0555,Colonial Coral: Design for Decolonising More-than-Human Worlds in the Natural History Museum,"As part of the nineteenth-century museum project, collections of natural history, such as the Natural History Museum (NHM) in London formed part of a colonial paradigm. However, the naturalised context of scientific value has often obscured such collections' problematic history. It has also absolved them from repatriation and the implementation of explicitly decolonial practices. Nevertheless, direct links between colonialism, climate change and biodiversity loss point to the urgency of the area of examination for natural collections. This project explores how to promote ocean literacy through the interdisciplinary decolonial contextualisation and activation of coral collections. It investigates how historical and contemporary coral collections can be recontextualised within a postnatural decolonial framework. It also questions how these collections can perform as catalysts for public environmental care and transformative creative practices cultivating marine life's convivial conservation. It has been observed globally that coral reefs are declining and with them the diverse ecological networks they support (Eddy et al., 2021). The NHM holds an extensive collection of ancient and modern coral specimens. In the past few years, the organisation has been giving special attention to ocean ecology and contemporary discourses around extinction and the biodiversity crisis. This was exemplified by the display of 'Hope' the blue whale in the central Hall and of new interpretation material on evolution, biodiversity and sustainability. The project will expand on this, employing transdisciplinary methods including material analysis, interviews, public workshops and design interventions in the exhibition and interpretation space. These methods will evolve within a conceptual framework informed by feminist, decolonial and postnatural scholarship. The research will result in a publicly available repository of interviews and resources on the socio-natural history of corals as well as a toolkit for the creative and situated activation of collection and experience-based curation within the museum space.",Studentship,Active,0,,,https://gtr.ukri.org/projects?ref=CD53A6CA-C6DD-4C16-8839-00EC800C0555
C4C0FE34-99A7-4628-BE09-012EC86C559A,SUPERGEN: Delivery of Sustainable Hydrogen,"We seek to deliver new technologies capable of clean and cost-effective conversion of low-carbon electricity and various carbon sources, including biomass and waste, into hydrogen. We have set up a consortium to address this target involving 14 University research groups. This will achieve significant critical mass and provide a proactive consortium, well linked to a range of industrial actors, to address these major long term problems. The main strands of the project relate to advanced catalytic and membrane production routes for conversion of carbonaceous sources and the integration of such processes, advanced electrochemical production and conversion of hydrogen and socio-technical analysis and appraisal of these technologies. The project will be carefully managed to encourage networking, exchange of people and ideas, training of personnel, knowledge transfer activities, outreach and dissemination.WP1: Production of hydrogen from carbonaceous sourcesThe purpose of this WP is to investigate and optimise the production of high purity hydrogen from hydrocarbon and oxygenated-hydrocarbon sources. We will develop innovative processes for both low and high temperature catalytic hydrogen production processes. We focus on low temperature reforming of oxygenated hydrocarbons because of favourable thermodynamics. These systems can be employed with or without hydrogen permselective membranes for enhancing hydrogen purity. For high temperature reforming of hydrocarbons we focus on membrane developments and thermochemical cycles (chemical looping) to separate hydrogen from the reaction mixture.WP2: Sustainable hydrogen from electronsThe purpose of this WP is to develop more cost effective and efficient technologies to produce hydrogen from sustainably produced electricity, especially for distributed, smaller scale systems. Electrolyser concepts will be tested and modelled novel system concepts investigated. High temperature electrolysis, which offers enhanced electrical efficiency, will be developed and the possibility of combining this with an innovative liquefaction process investigated. Electrochemical routes to alternative hydrogen containing vectors will be explored.WP3: Socio-technical analysis and appraisal of hydrogen productionThe purpose of this interdisciplinary WP will be to bring together the engineering and socio-economic dimensions of the consortium's research, benchmarking current and future technological performance, and undertaking rigorous interdisciplinary analysis and appraisal of the potential for the novel catalytic and electrolytic hydrogen production, and post production conversion processes, being developed by the consortium to contribute to the large-scale delivery of sustainable hydrogen.WP4: Management, knowledge transfer, dissemination and networkingThe consortium will strongly promote industrial engagement and dissemination in order to maximise knowledge transfer and technology uptake in this key environmental and commercial topic. We will provide a rounded training in hydrogen production and energy systems to our 20 researchers through exchanges, workshops and training schools. Part of this WP will also analyse the knowledge transfer process looking at innovation systems and socio-technical transitions in relation to delivering sustainable hydrogen.",Research Grant,Closed,0,,,https://gtr.ukri.org/projects?ref=C4C0FE34-99A7-4628-BE09-012EC86C559A
C4EC8F39-99B7-4BCD-994B-013AF6D38DB9,Ethical Subject: Levinas and Cultural Theory,"This study is a critical investigation of themes in the work of the Jewish theologian and foremost ethical thinker of the twentieth century, Emmanuel Levinas, from the perspective of their relevance to contemporary cultural inquiry. Its primary focus will be the relationship between the formation of modern ethical subjectivities- the ethical dimension of the way individuals experience their lives- and the cultural determinants of everyday lives as they are lived and characterised by ethical concern in the first place. Specific topics addressed are, for instance, responsibility, violence, hospitality, sexual difference, love, death, justice, value, sacrifice, and religiosity, goodness, evil and suffering.
 
The study's focus is thus on the relationship between the 'ethical subject matters' as these may be commonly identified in their ordinary cultural contexts, and philosophical ideas about the nature of 'the ethical subject'. The theoretical problem of how these two things, ethical matters and subjectivity, co-emerge and co-articulate each other is what the study as a whole shall address. It will present a philosophical argument to support the thesis that ethics is prima facie always a matter of 'embodiment', and each chapter will illustrate how this thesis is evidenced in relation to the analysis of individual ethical topics. 
At the same time, alternative perspectives on embodiment and its ethical significance- derived for instance through critical readings of other thinkers in the European tradition such as Nietzsche, Freud, Heidegger, Merleau-Ponty, Derrida, Foucault and Deleuze- will be introduced and juxtaposed to that of Levinas, thereby illustrating the wider relevance of the ethical aspects of sensate being (or 'sensibility' as Levinas refers to this) to the wider interdisciplinary projects of contemporary cultural theory of modernity and modern life.

The study will thus present a critical account of how ethics and theories of subjectivity revolving around the body, embodiment and sensate life (rather than abstract ideas and transcendental values) have a bearing on and are a feature of the modern European tradition. But it will also aim to demonstrate the relevance of ethical theory to debates about contemporary culture- the arts, representation, ideas of cultural difference and so forth -thereby reconnecting such discussions with ethics. No other study has attempted such a focused investigation of what Levinas scholar Simon Critchley (in his Ethics, Politics Subjectivity, 1999) has called Levinas' 'material phenomenology of subjective life' in a way which situates his approach in the broader contexts of culture.",Research Grant,Closed,0,,,https://gtr.ukri.org/projects?ref=C4EC8F39-99B7-4BCD-994B-013AF6D38DB9
C5199A27-F1B0-4F0B-A238-01A93D081375,Cyber Local Meet The Buyer,"UMi and Innovation SuperNetwork (ISN) in partnership with CyberNorth, is excited to announce the upcoming Cyber Local Supplier Village at Venturefest North East 2025. This addition to the established event will connect the North East's thriving cyber security sector with businesses and decision makers from across the North East, offering a unique opportunity for businesses to showcase their Cyber solutions to a wide range of innovative businesses and business leaders.

For **suppliers**, this event presents a dedicated platform from which to promote their cyber solutions, enabling them to meet with businesses that they would not normally meet, establishing long lasting business partnerships and offering a chance to showcase how their innovative solutions can meet industry demands.

With a focus on the **cyber security** sector, this initiative responds to the growing need for robust solutions in an increasingly digital world. UMi's 'winning bids and tenders' training will provide practical, useful information to implement directly by suppliers, ensuring they are fully prepared to seize the opportunities presented. Delivered online, training will be tailored to focus on promoting the benefits of cyber resilience in a collaborative way, ensuring suppliers engage with buyers in a way that is meaningful to them.

All participating businesses will be offered 12 months access to the UMi Sat Nav for Business at no cost. The UMi Sat Nav takes the hard work out of finding and using the best information, expertise, and finance for businesses.

UMi, ISN, and CyberNorth are perfectly positioned to deliver this impactful event, combining UMi's business support expertise, ISN's development and delivery of Venturefest, and CyberNorth's leadership in the region's cyber security ecosystem. Together, we are dedicated to fostering business growth, driving innovation, and helping both buyers and suppliers to do more and go further.",Collaborative R&D,Closed,0,,,https://gtr.ukri.org/projects?ref=C5199A27-F1B0-4F0B-A238-01A93D081375
C519E493-2AF0-447D-8A11-01D3E94B6803,Mapping impact pathways: improving our understanding of what mechanisms work in research translation,"The successful translation of research knowledge to societal impact is a topic that has attracted the interest of governments around the world for a number of years. In 2014 the UK government introduced an ‘impact’ element to university assessment in the Research Excellence Framework (REF) to incentivise academics and their institutions to increase their contribution to society. Although there was a lot of push back at the time, in effect the government was saying: ‘demonstrate to us that about 10% of the research activity funded over the past 20 years in your university has made a contribution to society, and if you can we will give you more funding’.
After the last two cycles of REF (2014 and 2021), the research team were involved in large-scale analysis of the impact case studies (ICS) commissioned by UKRI and Research England. Text mining approaches were used to identify impact topics based on the common use of keyword phrases in Section 4 (details of the impact) of the ICS. In combination with classification of the research disciplines (fields of research) that underpinned the research, it was possible to show the flow of impact from disciplines, through REF ‘units of assessment’, into impact topics. In both assessments the outcome of such analysis shows a multitude of impact pathways across all academic disciplines, leading to the conclusion that impact is extremely varied and difficult to categorise. This outcome was also observed in another study conducted by the project team on the results of the Hong Kong Research Assessment Exercise 2020.
The current project aims to build on these analyses by investigating pathways to impact, based on a combined analysis of REF 2014 and 2021 ICS. The objective is to map common and unique pathways and examine their characteristics.
Quantitative text mining will (i) map impact pathways from the underpinning research to impact topics for the combined dataset of 13,158 ICS, (ii) identify and describe common and unique pathways within the dataset, and (iii) identify any differentiating characteristics in the available metadata. Informed by the quantitative analysis, a series of ‘deep dives’ of common pathways will then be undertaken. The qualitative analysis will focus on cataloguing the types of mechanisms that have facilitated knowledge translation, and the beneficiaries of the research. A further text mining stage will apply this learning back to the whole dataset, seeking to automatically detect mechanisms that led to impact, along with beneficiary groups. This will result in a ‘data dictionary’ of impact mechanisms and beneficiaries, that can be applied to future text analysis of ICS.
The project will contribute to our understanding of research impact and its beneficiaries, as well as having a number of real-world benefits. It will generate actionable insights for policymakers, universities and funders on effective approaches to support research translation. For example, it is likely that a particular mechanism is more frequent in one discipline than another, indicating the possible effectiveness of more targeted approaches to research support (including through impact acceleration accounts, technology transfer offices, etc). It will also generate guidance and toolkits for researchers on how to maximise the impact of their own research.",Research Grant,Active,0,,,https://gtr.ukri.org/projects?ref=C519E493-2AF0-447D-8A11-01D3E94B6803
C578E541-679D-4803-8615-01C710A81FBA,Bioinspired Control of Electro-Active Polymers for Next Generation Soft Robots,"The current generation of robots is typically built of hard, inflexible and insensitive materials, in contrast to animal bodies which use soft and elastic elements with the capacity for sensing and shape change. A revolution is beginning in robotics in which new soft-smart materials more similar to animal tissues are being introduced. One such material is the class of electroactive polymers (EAPs)-flexible plastics that can change shape when an electric current is passed through them and thus can act rather like animal muscles. However, in order to use these new materials in robotics we need to understand how to control them. Soft-smart materials pose particular problems because their response to stimulation may be complex, their material properties can change over time, and they are often fabricated with wide tolerances. Since these are the same problems posed by animal tissues it is natural to look to biology as a source of inspiration. In mammals, a part of the brain called the cerebellum, or little brain , is particularly associated with skilled control of movement, the integration of sensing with action, and the capacity to adapt to change. In this project we therefore seek to derive new ways of controlling soft materials from our knowledge of cerebellar function. We believe this work can unlock the potential of such materials leading to machines with the fluidity and grace of movement we associate with animals. This change will have many knock-on effects. Robots with soft body parts and skilled movement will be able to go places that are currently impossible for them. For instance, exploring disaster sites or remote worlds, picking their way through boulders, squeezing though crannies, whilst automatically adapting to wear-and-tear. Robots with softer bodies and flexible limbs will also be safer for humans to interact with, and thus can play a wider role in our homes, schools and hospitals.The first step will be to explore how soft materials, in this case EAP actuators, can be used as artificial muscles on two robot platforms. One will acquire tactile information from its surroundings by copying the facial whiskers of animals such as mice and rats. These animals move their whiskers back-and-forth at high-speed while exploring-in our robot these accurate, high-velocity whisking movements will be performed by EAP actuators. Our second platform will have an EAP-controlled artificial eye designed to acquire visual information during robot movement. To provide a stable visual image this robot needs to generate rapid changes in camera position that counteract movements of its body and head. The second step is the development of cerebellar-inspired control algorithms. This will lead to a software cerebellar chip that can be plugged into different tasks without prior knowledge of all the requirements-the chip will learn online how best to control the soft materials. These algorithms will be shown to be effective in solving two fundamental problems for active sensing in our EAP-based robots-recognising spurious sensory signals caused by your own movement, and controlling sensor position so as to maintain a steady gaze.The final objective is to demonstrate the versatility of the cerebellar chip by applying it to a task that combines soft-control of both tactile and visual sensing systems. Here we will train a new robot to orient accurately to novel targets whilst it also learns about the properties of its sensing and actuation systems. The underlying representation will be a head-centred sensory map of the environment that is adaptively generated and modified by experience. Performing this task in a life-like way will not only demonstrate the capacity of cerebellar algorithms to effectively control smart materials but will also show that these two components combined can bring about a step-change in robotics that will lead to a future in which we have more versatile, agile, and user-friendly robots.",Research Grant,Closed,0,,,https://gtr.ukri.org/projects?ref=C578E541-679D-4803-8615-01C710A81FBA
C5DED267-17CB-469B-9AB7-0023D7223985,Workshop on Analytic and Computational Techniques in Spectral Theory and Related Topics,"The Workshop will bring together scientists who work on problems in the area of spectral theory and its applications to real world problems,to discuss open problems at the interface of analytic and computational methods. The workshop will focus on outstanding issues in Harmonic analysis,High contrast problems, Dynamical systems and non-linear problems and on questions at the interface of these topics.It will provide a forum for new interdisciplinary work and also provide a supportive environment for young scientists and research students to become involved in the activities.",Research Grant,Closed,0,,,https://gtr.ukri.org/projects?ref=C5DED267-17CB-469B-9AB7-0023D7223985
C66A7288-458C-49EE-A060-01EC6634E462,Early Humans in Britain: Cultural Adaptations from Coastal to Inland Occupation,"This project will examine the technologies and habitats of the first human occupants of northern Europe between over 800,000 to 500,000 years ago primarily through existing stone tool collections. Due to recently discovered sites on the coast of East Anglia (dating to over 800,000 years ago) two key questions have emerged:
Was initial colonisation dependent on the more oceanic climates and wider, collectable food resources (e.g. shellfish) found in coastal areas?
Was inland occupation dependent on more advanced technologies (e.g. clothing, shelter, fire), better food acquisition techniques (e.g. hunting), and implicitly improved social cooperation?

The questions can be addressed by examining the age of the earliest inland sites, and by determining whether they are associated with a simple core and flake technology (as found on coastal sites) or correspond with the introduction of handaxes. The latter have been argued to reflect not only a suite of new technological systems, but also more complex social behaviours.

To address the questions, the student will study the area between Reading and Beaconsfield that contains former courses of the River Thames, from which there are good museum collections of stone artefacts. The former river courses date to over 500,000 years ago and can be placed in stratigraphic order, providing an ideal location to examine the stratigraphic context and age of the earliest collections and identify the introduction of handaxe technology.

The project will use four main methods:
Record and study existing museum artefact collections from the older river courses.
Examine archives and historic mapping to improve the contextual information for the artefact collections.
Use existing geological borehole data to reassess the mapping of the older river courses.
Excavate sections in the older river courses and establish artefact presence/absence and if present, type(s) of technology.

The project will be managed by a strong supervisory team, all of whom have worked together on past projects, including a successful CDA collaboration (2 PhDs) between the University of Reading, the BM and Queen Mary University of London (The Solent Palaeolithic Project). The methods that were used on the Solent project have been tried and tested, and are ideal for the proposed research.

An important aspect of the proposal is the career development of the student. Skills will be developed in: lithic analysis; borehole data and mapping; field recording and sampling techniques; laboratory analyses as well as the use of software packages such as GIS and Rockworks. These will be complemented by broader training programmes organised for doctoral students at the University of Reading and the BM, including developing written and verbal communication to both specialist and non-specialist audiences through conference and poster presentations and outreach programmes.",Studentship,Closed,0,,,https://gtr.ukri.org/projects?ref=C66A7288-458C-49EE-A060-01EC6634E462
C6845530-0293-4A4D-82A2-01B316210197,Loughborough University and Encocam Limited KTP 22_23 R2,To develop a commercially manufactured anthropomorphic neck model and predictive impact modelling software to upgrade industry standards in product design and safety testing.,Knowledge Transfer Partnership,Closed,0,,,https://gtr.ukri.org/projects?ref=C6845530-0293-4A4D-82A2-01B316210197
C723D537-1AC6-4729-A749-01DD8316D0A3,Ages and Stages: translating research into practice,"This proposal builds on - and extends to new audiences and user communities - our NDA funded research project (2009-2012) entitled Ages and Stages: The Place of Theatre in Representations and Recollections of Ageing. It aims to develop some of the activities and research-led learning from that project and, in so doing, reach out to - and bring together - user communities who may not traditionally have worked with drama in the ways proposed here. This will be achieved through the following connected programme of drama-related activities: 

1) The formation of an intergenerational theatre company at the New Vic Theatre. Through a regular series of workshops, the company will bring older and younger people together in creative, drama-based activities to enhance understanding between the generations and support the continued social engagement of both groups. 

2) A touring performance. The IG company will create a touring piece(s) which can be taken out to audiences within, and beyond, North Staffordshire. We anticipate that these audiences might include local councils; primary as well as secondary schools; residential homes/housing developments for older people; community groups and higher education institutions providing professional training courses (for teachers, social workers and doctors/nurses).

3) An inter-professional training course and training materials/resources, which will aim to develop practice capabilities and age awareness amongst teachers, health and social care professionals, arts practitioners and others interested in learning about and including intergenerational theatre/drama in their practice. The IG company will act as an important resource by contributing to the development and delivery of the training sessions and providing feedback to participants. 

4) A scoping exercise for a wider 'Creative Age Festival', which could leave a concrete community legacy from Ages &amp; Stages. 

The project will continue to be overseen by the existing 'Ages and Stages' Advisory Group, which includes experts in drama, intergenerational practice, policy and gerontology. The group will also be refreshed by new members, including younger members of the intergenerational theatre company (aged 16-18) .

The activities we propose are timely for the following reasons. First, there is a notable groundswell of interest in the arts in general and theatre/drama in particular, not simply as a cultural activity but as one which has the potential to impact positively on the well-being of older and younger people. Second, in times of scarce resources, it is important to capitalise on activities which bring people together rather than those which might pit the generations against each other. Third, there is a role for practitioners in facilitating and enabling these kinds of activities but rarely, to our knowledge, have there been opportunities for professionals from differing arenas to work together as is proposed here. Finally, it is important to make best use of existing knowledge - not just that generated from our own work but also that of colleagues. We will be drawing strongly from our collaborators, including our linked Canadian project (about the impact of theatre on health ageing, which runs until 2013), and will also remain part of the New Dynamics of Ageing programme and will benefit from the knowledge exchanges this offers.",Research Grant,Closed,0,,,https://gtr.ukri.org/projects?ref=C723D537-1AC6-4729-A749-01DD8316D0A3
C75588DB-D706-49F5-AAB1-0169A12F5195,Sensory Reading: A New Approach to Teaching &amp; Learning GCSE English Literature,"This project will help to realise the value and application of 'Sensory Reading' as a pedagogic method, by helping mixed ability GCSE students to appreciate poetry as a life enriching experience, that will in turn address the decline in A-Level and BA English Literature recruitment. 

There exists substantial evidence to confirm that the 2015 GCSE reforms have significantly deterred students from progressing to A-Level English Literature (Barbara Bleiman, 'Decline and Fall: A Level English - The Figures', NATE, Teaching English, Issue 15), and that the awarding gap for disadvantaged students has widened since the reforms were introduced (Catherine Lough, 'Michael Gove's tougher GCSE's &quot;harm social mobility&quot;', TES, 5 December 2019). Pupils are generally daunted by the process of reading and writing about poetry, mainly because of the current emphasis on technical knowledge (e.g., the naming of formal features). Guided by the conviction that poets &quot;routinely emphasize sensate as opposed to purely cogitative ways of knowing&quot; (Noel Jackson, 'Literature and the Senses', ed. David Duff, The Oxford Handbook of British Romanticism, 2018), and that the study of literature is 'a quest for meaning [that] requires the reader to be an active participant' (The Cox Report, 1989), 'Sensory Reading' works directly with teachers and pupils to show how an engagement with the visual, acoustic, and physical dimensions of poetry, whether embodied or imagined, can be used to enrich technical knowledge and understanding. 

Through devising online teaching worksheets and education resources, and through the delivery of face-to-face workshops for mixed-ability pupils in 5 Leicester schools, 'Sensory Reading' builds on the successful impact and engagement initiatives of the 'Wordsworth 2020' project by enhancing the pedagogical ambition of the project while extending its reach to a wider community. 

Focusing on the selections from the AQA GCSE 'Past and Present' Poetry Anthology, the worksheets (for teachers) and resources (for pupils) place emphasis on how poets engage a reader's mind/imagination via sensory devices (e.g., imagery, metaphor, sonic features) that affect the human senses (e.g., sight and sound). The resources build on an emerging field of criticism that challenges the instrumentalization of poetry, intending to reverse the decline in the take-up for A-Level (and University), for example: Robert Eaglestone, Literature: Why it Matters (Polity, 2019), Jennifer Webb, How to Teach English Literature; Overcoming Cultural Poverty (John Catt Educational, 2019). A website, entitled 'Innovate English', will include audio and visual resources (including links to the University of Leicester 'Wordsworth 2020' and Department of English websites) to aid the sensory experience for all the set poems in the AQA anthology. 

In sum, by the end of the project, 5 one-hour workshops, supported by specially devised worksheets and learning resources, will have been developed and delivered to each of the 5 participating schools. Final year BA English students at the University of Leicester who are considering teaching as a career will be invited to attend a selection of the workshops and, where feasible and appropriate to collaborate on their delivery, as a way to gain vital classroom experience. The project will also create opportunities for teachers and pupils to participate in bi-monthly, pupil-led Knowledge Exchange forums, culminating with a one-day, community-led forum at the University of Leicester that will enable researchers and beneficiaries to reflect on the project's aims and objectives and to consider further opportunities for collaboration. 

Findings from the project will be published as peer-reviewed articles in English: Journal of the English Association and the Times Education Supplement (TES), for which links will provided on the project website with a view to extending the reach of the project nationally.",Research Grant,Closed,0,,,https://gtr.ukri.org/projects?ref=C75588DB-D706-49F5-AAB1-0169A12F5195
C7563C4B-43FF-4C9A-BBDE-0041FCB69805,South Eastern Mediterranean Excellence Development in FIre REsearch (SEMEDFIRE),"In full alignment with the WIDERA-Twinning-topic’s requirements, SEMEDFIRE aims to enhance the capacities and knowledgeacquisition of the Widening institution; EUC, in Research-&amp;-Innovation (R&amp;I) and Research-Management-Administration (RMA) relating to Fire Safety and Fire Management. This is aimed through networking activities with five top-class leading counterparts at EU level; IMPERIAL COLLEGE, WAGENINGEN UNIVERSITY, PAU COSTA FOUNDATION, FRENCH GENERAL DIRECTORATE OF CIVIL SECURITY AND CRISIS MANAGEMENT and NIMES-Metropole, which represent a multifaceted, but complementary and synergistic, ‘geography’ of R&amp;I-philosophies and approaches, comprising: •two leading Academic institutes in the area of fire safety and integrated fire management; •a leading Foundation in investigating fires and communities-engagement; •a Governmental Agency leading the EU-effort in operationally combating Forest Fires; •an Agglomeration of Municipalities providing the tangible example of local governance in Forest Fires; •a representation of both Member States and an Associated Country; •a linking of the European Research Area (ERA) in a “compass” fashion: from north (UK) to central Europe (FR, NL), to the west (ES), and to the Mediterranean biogeographical region (ES, FR, CY) and its South-Eastern area (CY). The networking-for-excellence and twinning-contributions of the internationally-leading Advanced Partners in knowledge-transfer and capacity-building, focus on both EUC and within and for its surrounding targeted stakeholders from public governance, industry/ entrepreneurship and civic society, at local and regional levels. It is hence scoped to raise the profile and reputation of EUC to such a level of ERA-excellence that it will be able to become a lighthouse of spreading fire-science excellence in Cyprus and the SE Mediterranean, as well as to nurture a culture of societal fire-safetyno public description",EU-Funded,Closed,0,,,https://gtr.ukri.org/projects?ref=C7563C4B-43FF-4C9A-BBDE-0041FCB69805
C7888BF7-1889-4456-B1A6-00BAC18104B4,Graphene-enhanced membrane for rechargeable Copper/Zinc battery energy storage,"This project tests the proof of concept that a novel membrane is impermeable to metal ions, which increases the cycle life of a rechargeable Copper/Zinc battery energy storage.",Grant for R&D,Closed,0,,,https://gtr.ukri.org/projects?ref=C7888BF7-1889-4456-B1A6-00BAC18104B4
C80002E5-4304-411A-81DF-0095FF60E769,Browser based delivery and mass market content creation enhancements of existing globally commercialised virtual world development technology,"Abstracts are not currently available in GtR for all funded research. This is normally because the abstract was not required at the time of proposal submission, but may be because it included sensitive information such as personal details.",Collaborative R&D,Closed,0,,,https://gtr.ukri.org/projects?ref=C80002E5-4304-411A-81DF-0095FF60E769
C881090E-C95F-4DD8-829A-00397C517FA6,doppel test,"&quot;doppel is a wearable device that improves your capacity to manage the pressures of time and stress in your daily life. It enables you to become more alert or to relax, without drugs such as caffeine or alcohol, or time-consuming methods such as meditation. It does this through the phenomenon of heart rate entrainment by which our heart rate can synch up with an external beat. We created a new way of achieving this effect, to encourage the user to respond and so stimulate or relax them. The effect is similar to that of listening to upbeat music to wake up or chilled out music to relax but without the associated distraction, giving the user control over how they feel and perform.
We have so far tested people in a controlled environment and have achieved positive qualitative and quantitative results. We will be undertaking further, independent testing of doppel before developing it for market and launching in 2015.
We see doppel as the first of a new breed of wearable technology that gives a tangible benefit to the person wearing it. We do not believe that the future of wearables will be flashing lights and graphs of stats, but rather a softer technology that lives symbiotically with us and helps us to be more of the person we want to be.&quot;",Vouchers,Closed,0,,,https://gtr.ukri.org/projects?ref=C881090E-C95F-4DD8-829A-00397C517FA6
C89189A6-DAF2-4D02-BBAE-01988F9895EF,Landsaver Solar,"An external expert will be able to provide advice on areas including prototyping, IP and business planning. With regard to developing the prototype the expert should be able to provide recommendations on how to effectively engage partners as well as identifying potential sources of early stage finance. Specific recommendations about how to protect IP in updating and combining technologies will also be helpful. Early stage insights about options for business model will help determine our plans.",Vouchers,Closed,0,,,https://gtr.ukri.org/projects?ref=C89189A6-DAF2-4D02-BBAE-01988F9895EF
C8A9F245-35FE-4AF1-A625-01E060E37A8D,Environmental Informatics. Masters Training Grant (MTG) to provide funding for 5 full studentships for two years.,"Doctoral Training Partnerships: a range of postgraduate training is funded by the Research Councils. For information on current funding routes, see the common terminology at https://www.ukri.org/apply-for-funding/how-we-fund-studentships/. Training grants may be to one organisation or to a consortia of research organisations. This portal will show the lead organisation only.",Training Grant,Closed,0,,,https://gtr.ukri.org/projects?ref=C8A9F245-35FE-4AF1-A625-01E060E37A8D
C8C38796-C90D-4FD4-A221-015042745A4A,Micro-Influencers as Emerging Digital Opinion Leaders in Local Geographies,"Micro-Influencers as Emerging Digital Opinion Leaders in Local Geographies: A Quantitative Approach to Understanding the Role of Micro-influencers on Twitter 
Context 

In today's world, it is undeniable that social media plays a vital role in shaping societies, cultures and economies. Despite growing research on social media, we still know relatively little about its impact, and how to effectively research the vast amounts of data generated. Thus, it is imperative that social science research works to increase understanding of the impact of social media platforms, and to devise new methods to utilise social media data to address contemporary societal concerns

The project contributes to the growing literature on micro-influencers and would provide the first example of research into the influence of micro-influencers in the UK. Research on micro-influencers is particularly critical due to recent action against social bots, as micro-influencers may become more influential. Additionally, the findings can contribute to theories of social media opinion formation and interaction, as it will aid understanding in how social ties are co-created by online and offline interactions. 

The project also aims to develop an advanced quantitative method framework to analyse social media data. In particular, a collection of machine-learning, big data methods and statistical models to identify and analyse micro-influencers, combined with secondary data to contextualise their influence. Thus, the approach will contribute to improving methods to model the reflexive relationship between online and offline networks. It also provides an opportunity to develop my own research capacity in handling and analysing emerging social media data, which can be progressed into further through a research career in the field. 

Finally, the findings can add to the growing body of evidence on the potential harms and misuse of social media. Policymakers must use evidence-based research in order to inform interventions to reduce hate, misinformation and digital divides caused by social media practices. Additionally, the research may encourage the utilisation of micro-influencers for positive utilisation. For example, to improve political participation and vaccination uptake. 

Research Aims: 

1.Use and develop cutting edge advanced quantitative and spatial analysis methods with social media data to identify and analyse networks of micro-influencers and their followers 2.Investigate the growing role of micro-influencers within online platforms and how they shape online and physical communities",Studentship,Active,0,,,https://gtr.ukri.org/projects?ref=C8C38796-C90D-4FD4-A221-015042745A4A
C953B87B-620F-4880-9363-01F1A3CA1BB6,Developing an avian collision risk model to incorporate variability and uncertainty,"The wind energy sector is an industry of strategic national importance, which can help secure our energy supplies, reduce our emissions and dependence on imported fossil fuels, and protect our environment. It is an industry on which our clean energy future rests. Despite the positive benefits of wind farms however, there is concern and uncertainty over the possible negative effects wind turbines may have on the environment, particularly on birds. For example, uncertainty remains over collision mortality i.e. the number of birds killed directly through collision with wind turbines. These uncertainties are far from trivial for the industry and have real consequences, potentially delaying wind farm projects and inhibiting the ability of the UK to meet its binding 2020 targets. Three projects in Round 2 of wind farm developments in the UK were delayed by over three years due in part to uncertainties over the assessment of impacts. Therefore better quantification of the uncertainty and variability associated with the estimation of impacts is required. 

During Environmental Impact Assessments of wind farm developments, bird collision mortality is estimated using a mathematical model which describes the interaction of a bird with a wind turbine and predicts the risks of bird collisions with turbines. There are a limited number of collision risk models in use, not only in the UK but globally. However, it is recognised by many, including industry, statutory nature conservation agencies and academics that there is much room for improvement of these models. For example, collision risk models are deterministic and rarely include variation in the input parameters such as bird density, or bird biometrics which are inherently variable, but instead use average values. Additionally, any uncertainty in these values is not expressed. Adopting a single best value for parameters may reduce complexity and increase the accessibility of results for decision-makers however it can be misleading because it ignores the range of consequences that are plausible. 

This project aims to i) review current models that are used to predict bird collision mortality caused by wind farm developments, ii) determine statistical methods suited to address any shortcomings of current models and then, using this information, iii) develop an updated model which incorporates variability and uncertainty. Reviewing current models and highlighting their strengths and weaknesses, as well as reviewing methods to incorporate variability and uncertainty will aid the development of a product, a collision risk model, which is fit for purpose. Development of the understanding of uncertainty in the outputs of collision risk models will be a key part of this project, and will be of direct benefit to industry, government advisors and regulators in the assessment and licensing processes for wind farm projects. The involvement of these parties will be vital in steering this project because any revision of a collision risk model has to function to better inform planning decisions for wind farm developments. To ensure that all relevant parties are involved, contribute and ultimately buy-in to the development of a new, updated model, there will be a workshop to discuss issues surrounding current practices to which developers, licensing authorities, statutory nature conservation bodies, academics and others will be invited. Also, to ensure the outputs of this project have impact and are used by the industry, the model and any documents produced will be made freely available and accessible through a dedicated webpage.

Wind energy has an important role in meeting energy targets, so there is a clear need to ensure that decisions made through the planning processes use the best available information, data and models. Improved understanding of the risks of collision to birds - a key effect considered in ornithological impact assessments of wind farms - is thus vital.",Research Grant,Closed,0,,,https://gtr.ukri.org/projects?ref=C953B87B-620F-4880-9363-01F1A3CA1BB6
C9A24933-11F5-4870-85A0-002E47C2E6BF,"Learning, Approximating and Minimising Streaming Automata for Large-scale Optimisation","The proposed research lies at the interface of the areas of verification and machine learning, interactions of which are attracting a lot of attention currently and of potential huge benefits for both sides.

Verification is this domain of computer science aiming at checking and certifying computer systems. Computer systems are increasingly used at all levels of society and peoples' lives and it is paramount to verify that they behave the way they are designed to and that we expect (examples of crucial importance, among many others, are embedded software for planes auto-pilot or self-driving cars). Unfortunately, the verification of complex systems encounters limits: there is no universal fully automated way to verify every system and one needs to find a good trade-off between the constraints of time, memory space and accuracy, which are often difficult to overcome.

Machine learning has been studied since the 50's and regained much attention recently with breakthroughs in speech recognition, image processing or game playing. The development of neural networks (studied since the 60's) awarded Hinton, LeCun, and Bengio the Turing award 2019 and using deep learning, the British firm DeepMind developed its successful AlphaGo and AlphaGo Zero which were impressive steps forward and reaffirmed the amazing potential of machine learning. 

This project proposes to apply learning techniques in verification to improve the efficiency of some algorithms which certify computer systems and to compute fast accurate models for real-life systems.

Automata are one of the mathematical tools used in verification to model computer or real-life systems. Giving certifications on these systems often boils down to running some algorithms on the corresponding automata. The efficiency of such algorithms usually depends on the size of the considered automaton. Minimising automata is thus a paramount problem in verification, as a way to verify large computer or real-life systems faster.
This proposal aims at studying the minimisation of some streaming models of quantitative automata using machine learning techniques. The kind of automata we are going to focus on, are streaming models, in the sense that the input is not stored but received as a stream of data and dealt with on the fly, thus being particularly suitable for the treatment of big data. They are also suited to deal with optimisation problems such as minimising the resource consumption of a system or computing the worst-case running time of a program, for example.

Minimising these kind of automata is highly challenging and linked with the long-standing open problem of the determinisation of max-plus automata. This proposal gives several directions of research, such as using learning methods to tackle it.",Research Grant,Closed,0,,,https://gtr.ukri.org/projects?ref=C9A24933-11F5-4870-85A0-002E47C2E6BF
C1C19E1F-5CAD-497C-88CB-018D0290DE8C,Generalizable Diffusion-based Protein-Ligand Binding Mode and Affinity Prediction,"Deep learning has demonstrated dramatic success in a number of domains but our recent work on PoseBusters revealed significant shortcomings in predicting physically valid, three-dimensional protein-ligand binding modes (Buttenschoen et al., 2024). We propose to build on our recent work predicting binding affinity (Meli et al., 2021; Dablander et al., 2023), estimating uncertainty (Zaidi et al., 2021), and function-based methods to address covariant shift in drug discovery (Klarner et al., 2023) to develop generalizable, multi-task models that simultaneously predict both binding modes and binding affinity together with an estimate of uncertainty.
We will investigate the incorporation of geometric and physical constraints using constrained flow-matching. Generative models draw samples from a distribution to assess the likelihood match, but in protein-ligand binding mode prediction these distributions are typically single-point data obtained from co-crystallized complexes. We propose to develop more robust and generalizable methods by expanding our distributions using synthetic data, and will investigate samples drawn from (i) molecular dynamics trajectories, (ii) multiple binding modes produced by classical protein-ligand docking. We will also build on our recent results showing that data-guided regularization produces more accurate deep neural network models than standard regularization methods.
Supervised deep learning requires large amounts of expensive labelled data, but by exploiting contrastive learning using 3D-representations of protein-ligand complexes, we will develop fine-tuned self-supervised models that build on pre-trained models created using large unlabelled databases.
This interdisciplinary bioinformatics project cements links between industry and academia, spans multiple research areas within the EPSRC remit, and falls within the EPSRC's &quot;Artificial intelligence technologies&quot;, &quot;Biological informatics&quot;, &quot;Chemical biology and biological chemistry&quot;, &quot;Computational and Theoretical Chemistry&quot; research areas.",Studentship,Active,0,,,https://gtr.ukri.org/projects?ref=C1C19E1F-5CAD-497C-88CB-018D0290DE8C
C23E381B-E09E-43E6-A47B-01769E863533,Understanding how disease-causing NMDA-R mutations influence synaptic development and function across brain regions.,"Neuroscience and Mental health Short summary: Neurodevelopmental disorders are a major global health burden. One main challenge is understanding how, despite influencing the same genes, individual mutations can cause distinct symptoms, that emerge at distinct stages of development. This project combines mouse genetics, high-throughput imaging, and sophisticated circuit and behavioural analyses to understand how mutations in the NMDA receptor gene NR2A cause changes to brain development and function.",Studentship,Active,0,,,https://gtr.ukri.org/projects?ref=C23E381B-E09E-43E6-A47B-01769E863533
C2616FE6-FFC5-480E-AA1C-01CD1734BE9A,Clouds4Coordination (C4C): Cloud-based project coordination in the AEC sector,"Projects in the construction (AEC) sector generally involve collaboration between various participating companies over the (building construction) lifecycle using different systems and storage solutions. As part of this, the compatibility, control and access of data objects created is critical to the success of a project. Currently, coordination between participants is often a labour intensive manual process and can require a monopoly of software systems to be enforced. The C4C project will demonstrate how a multi-vendor Cloud computing system can be used throughout the lifecycle, thereby preventing single vendor lock-in and enabling a variety of Cloud environments, accessible at different costs, to be used. Data sharing through C4C will be managed and provenance-tracked to automate coordination and staged data verification, which will be based on the BIM process model. This approach will also offer a pragmatic, scalable delivery mechanism for the UK BIM agenda to be realised.",Collaborative R&D,Closed,0,,,https://gtr.ukri.org/projects?ref=C2616FE6-FFC5-480E-AA1C-01CD1734BE9A
C28D840C-40C1-4558-B2C5-00852D410BD7,Wild minds: how do apes learn about and use their physical environments?,"Project background
Wild orangutans (Pongo spp.) face a diverse range of physical, cognitive, and emotional challenges, including fluctuating food availability, navigating a dynamic forest canopy, gaining mechanically complex nest-building skills, travelling for long distances, and coping with threats such as snakes, habitat loss, and lethal conflict with humans. Because of these difficulties, rehabilitated and released orangutans can struggle with adapting to the wild. In order to successfully adapt, rehabilitated orangutans must be resilient to these challenges and demonstrate perseverance in the face of adversity. This project uses a combination of different research methods in order to address the issue of psychological resilience in captive great apes.
Aims and objectives
1. Resilience literature review. The aim of this study is to systematically summarise the existing literature on human and animal resilience. The objectives are as follows
 1.1: Gain an understanding of the key components of resilience.
 1.2: Summarise common resilience-building methods used for humans and their effectiveness.
 1.3: Summarise common resilience-building methods used for animals and their effectiveness.
1.4: Make recommendations for potentially effective resilience-building methods in the context of orangutan rehabilitation centres. 
2. Lockdown study. Understand the effect of visitor presence/absence on great ape behaviour.
2.1: Compare the social, exploration, and stress-related behaviours of orangutans and gorillas during periods of time with and without significant visitor presence. 
2.2: Trial a new methodology for categorising posture, to see whether specific postures are correlated with stress-related behaviours. 
3. Resilience study. Trial a resilience building method in captive gorillas and orangutans.
3.1: Compare the persistence (length of time attempting to use device) between control and treatment group.
3.2: Compare the success rate (number of times tool is used to retrieve food successfully) between control and treatment group.
3.3: Compare total time spent manipulating of browse between control and treatment group.
4. Novel object study. Assess personality traits in captive gorillas and orangutans.
 4.1: Compare latency to approach (indication of neophobia) between all individuals.
4.2: Compare time spent manipulating object and type of manipulation (indication of exploration style) between all individuals.
4.3: Compare success at obtaining food reward (indication of problem-solving ability) between all individuals.
5. Case study: Jiwa. Assess tool using ability in orangutan with cognitive and developmental abnormalities.
 5.1: Assess Jiwa's ability to use tools.
 5.2: Trial training method to demonstrate tool use and break tool use down into simplified stages.
5.3: Identify key developmental stages in Jiwa's development and compare these with average ages for Sumatran orangutans (Pongo abelii).
Novelty of the research methodology
The research methodology includes a variety of methods, including literature reviews, behavioural observations, and experiments. The resilience-building experiments will involve a novel apparatus requiring tool use, designed to encourage persistence and problem-solving in non-human great apes.
Potential applications and benefits
The findings of this research will be made available to the Orangutan Veterinary Advisory Group, based in Indonesia, which is a group of orangutan conservationists. It is hoped that this research will help to inform future rehabilitation techniques in the area of great ape resilience.",Studentship,Closed,0,,,https://gtr.ukri.org/projects?ref=C28D840C-40C1-4558-B2C5-00852D410BD7
C2C6F6A3-0243-4E98-A00D-00351CB6B4E9,Optimising the Mobility of Nanoporous Oxides,"The project aims to develop practical strategies to improve the mobility of nanoporous metal oxide films by reducing charge trapping at surface and interfaces. It will combine first principles theoretical modelling with structural, spectroscopic and photophysical materials characterisation, in order to understand charge trapping at an atomistic level and guide material modification strategies to improve mobility. Simulation of transmission electron microscopy will facilitate comparison with experiment. Working closely with our industrial partners (Cristal and DyeSol) we will incorporate optimised nanoporous films in perovskite solar cell devices to demonstrate an improvement in efficiency.",Studentship,Closed,0,,,https://gtr.ukri.org/projects?ref=C2C6F6A3-0243-4E98-A00D-00351CB6B4E9
C2E15018-F3F9-4402-B844-01C63D9F742D,Rhythms in Disease- Determining Circadian Clock Mechanism in Asthma,"Asthma is a common disease affecting the airways by causing narrowing, leading to symptoms of wheeze and breathlessness. Everyday in the UK, 3 people die from asthma, mostly during the night-time. Those with severe asthma are difficult to treat and there is an urgent need for new therapeutic options. Asthma is a very rhythmic disease; symptoms go up and down during the day, often peaking during the night. My research has shown that many aspects of lung function and disease processes (e.g. airway narrowing) fluctuate over the day, and this fluctuation impacts not only symptoms of asthma but also diagnosis (since patients are seen in the day when symptoms are typically reduced). Critically, we do not know why asthma is so rhythmic. Understanding what causes this rhythmicity may lead us to new treatment options and how to use existing drugs at the best time of the day. 

My recent work, and that of my collaborators have shown that the daily variation in lung function in asthma is strongly influenced by innate timing mechanisms present in our bodies, known as the circadian clock. The circadian system allows us to track the external environment (e.g. light/dark, mealtimes) to ensure that biological processes in the body happen at the correct time of day. There is a master clock, centrally, within the brain, which dictates major rhythms in the body such as body temperature and sleep/wake cycles; however we now know that virtually every organ in the body (including the lung) has its own internal clock and that these peripheral clocks are essential to tissue function. My research has shown that the circadian clock in asthma may not be working as it should and this leads to more pronounced rhythmicity in asthma compared to healthy individuals. Furthermore, my research has found that night shift workers (who have an imbalance between their circadian clock and their environment) have an increased risk of having asthma and having more severe disease. This fellowship proposal will examine how clocks in the brain and lung contribute to the rhythmicity observed in asthma, and define processes within the disease which are under the control of these clocks to allow us to identify novel ways to treat the disease.

Firstly, I will determine how the peripheral clock in the lung controls airway narrowing, to do this I will genetically alter the clock in the lung and in the nerves controlling the airway and measure what happens to airway narrowing under normal conditions and under inflamed conditions (reminiscent of asthma). Next. I will find out if the lung clock itself is affected by allergic inflammation (reminiscent of asthma). I will also determine if it is possible to treat airway narrowing by using a drug that affects the clock. Then, I will determine how much influence the central clock in the brain has in controlling airway narrowing. Here, I will disrupt the synchronisation between the central clock and the peripheral lung clock by mimicking a night shift, or by changing eating patterns. This research will be carried out in mice, as this allows me to genetically manipulate the circadian clock in order to tease out a mechanism; this is not possible in humans. During my fellowship I will work with my collaborators to design a clinical circadian study to determine whether night shifts affect airway narrowing in individuals with asthma. The results will be helpful in working out how best to treat asthma in night shift workers in the future. I plan to apply for funding for this study during year 3-4 of my fellowship.

The proposed research will provide the mechanism underlying the rhythmic variation in airway narrowing in asthma. This will lead to better management and treatment of patients with asthma, by revealing new drug targets, and providing the timing information needed to use existing asthma treatments at the best time of the day. My research will also help in developing guidelines for managing asthma in night shift workers.",Fellowship,Active,0,,,https://gtr.ukri.org/projects?ref=C2E15018-F3F9-4402-B844-01C63D9F742D
C2FFA4C5-02FF-419C-AFA8-00CBB32DAF31,High-efficiency large-area neutron scintillation detectors for radiation portal monitors,"Large area neutron detectors are used as a component of radiation portal monitors, intended to detect concealed fissionable material at international borders and at the gates of nuclear processing plants. A further application is in the ensuring that scrap metal is free from radioactive contamination before melting. Existing neutron detectors utilize helium-3 proportional tubes. Helium-3 is no longer available due 
to an international shortage followed by a ban on further usage for this application. The proposed detectors are intended as a low cost replacement for helium-3 proportional tubes. They use natural boron compounds in forms manufactured for other industrial uses. A general approach of using only materials easily and cheaply available has been taken with the intention that the design is immune from future market shortages or reliance on specific suppliers. Prototype detectors exist and it is the aim of this project to explore their operational characteristics in realistic harsh environments. The designs will be enlarged and considerable effort spent on developing and improving the fabrication of detector components. Pre-manufacturing prototypes will be assessed and calibrated by internationally approved validation laboratories. It is intended that at the end of the project, a mass produceable version of the design will be available for the partner to manufacture.",Research Grant,Closed,0,,,https://gtr.ukri.org/projects?ref=C2FFA4C5-02FF-419C-AFA8-00CBB32DAF31
C3034DA9-AA3E-4316-A0AB-00AD96891A76,Cross Layer Techniques for Intrusion Tolerant Networks,"Abstracts are not currently available in GtR for all funded research. This is normally because the abstract was not required at the time of proposal submission, but may be because it included sensitive information such as personal details.",Research Grant,Closed,0,,,https://gtr.ukri.org/projects?ref=C3034DA9-AA3E-4316-A0AB-00AD96891A76
C31054BF-7307-4304-BA4D-00EA6AEB36A3,Fundamental biochemistry of N-glycosylationand the dolichol cycle,"The addition of sugars to proteins is an essential and highly regulated process in healthy humans. N-glycosylation describes the process in which sugar moieties are added to asparagine residues in a protein, and has important functions in protein stability, localisation, and function, with defects in many of the steps in N-glycosylation leading to congenital disorders of glycosylation. Sugar molecules destined to be used in N-glycosylation as well as in other cellular processes, are docked to the membrane of the endoplasmic reticulum inside human cells, on a lipid molecule called dolichol. Many of the enzymes involved in the early stages of N-glycosylation and in the synthesis and recycling of dolichol carrier remain uncharacterised in the literature, with most work focussing on yeast homologs. In many cases this is due to the difficulty of accessing either the enzyme or substrates. This project aims to address this by making substrate derivatives and using them for biochemical, biophysical and structural analysis of key enzymes. By looking at the mechanisms of each catalyst alone and also together in complexes, we will assess the dynamics between the enzymes and build a biochemical model of events in early N-glycosylation and the dolichol cycle.",Studentship,Closed,0,,,https://gtr.ukri.org/projects?ref=C31054BF-7307-4304-BA4D-00EA6AEB36A3
C32AE720-851F-4A1F-9415-00D594F95B65,A cross-disciplinary soil-proteomics and modelling approach for predicting switches between hydrophilic and hydrophobic soil surface responses,"A strange property of many soils is that they do not readily wet on contact with rain, which has many implications for soil management. Although these soils may not be especially hydrophobic, wetting is slower than would be inferred from the sizes of their pores. This property is usually defined as sub-critical water repellency. Where water repellency is high (critical repellency), it causes ponding of water at soil surfaces. Water repellency affects the routes through which water and dissolved or suspended chemicals drain through the soil profile, leading to preferential surface run-off, infiltration paths resulting in serious erosion events, and flooding. 
Soil water repellency may be influenced by both natural and man-made events. It is known that cycles of heating and drying (amongst many other factors) may produce quite dramatic changes in this soil property. Soil water repellency results from interactions between microbial activity and physico-chemical structure, but their complexity is such that at present they are only understood on an empirical and anecdotal basis. The purpose of this project is to develop a theoretical basis to understand soil water repellency and to predict some of its consequences. The practical implications of such an understanding are profound and widespread, since they may guide land management practice and flood prevention. 
The three soils selected for study will be; (i) Malvern Hill clay loam, found in a previous study to exhibit extreme hydrophobicity under moderately moist summer conditions and also following air-drying in the laboratory, (ii) Gower silt loam, used in our NERC-funded proof-of-concept proteomics study and found to display up to medium levels of hydrophobicity, and (iii) Rothamsted Research Park Grass plot 3 silt loam, presently the subject of the large-scale soil metagenomic sequencing project 'Terragenome', and subcritically hydrophobic. 
Soil water content will be adjusted to (i) just above and (ii) just below the Critical Soil-water Content, i.e. the content at which there is a transition between hydrophobic and hydrophilic behaviour. Further perturbations will include further drying at different temperatures to water contents simulating soil conditions that may be experienced during extreme drought periods, which are likely to cause further increases in hydrophobicity.
Information relating to water repellency will be obtained by the examination of soil properties at various scales of size (from nanometres to centimetres). We will establish the role of proteins in the development of water repellency using metaproteomics and specific hydrophobic protein isolation approaches. Atomic force microscopy (AFM), only recently applied to soil particles, will be used to examine their surface geography, hardness, stickiness and water repellency at this small scale. This technique combined with laser scanning microscopic techniques will be used to examine the water repellency of soil microbial proteins labelled with fluorescent dyes. Water repellency at two coarser scales will be examined using a water contact angle technique and penetration times using very small drops of water. 
These estimates of water repellency and soil particle properties will be incorporated into a detailed computer model of soil structure, which will be used to predict the consequences of water repellency at the decimeter scale in soil, and will be compared with laboratory measurements of the wettability of cores of a few centimeters in diameter. 
When the model is calibrated and validated, we will be able to use it, together with the experimental data, to predict how the perturbations change wettability. These effects will be incorporated into an existing climate model used by the Met Office, called JULES, so that predictions can be made about the likely effect of climate change. Then we will be able to suggest ways to manage UK and other soils to minimize run-off, erosion and flood risk.",Research Grant,Closed,0,,,https://gtr.ukri.org/projects?ref=C32AE720-851F-4A1F-9415-00D594F95B65
C3312011-B80A-4382-8299-0090DBCC8472,Ultrasonic propagation in complex media: correlated spatial distributions and multiple dispersed phases,"Abstracts are not currently available in GtR for all funded research. This is normally because the abstract was not required at the time of proposal submission, but may be because it included sensitive information such as personal details.",Research Grant,Closed,0,,,https://gtr.ukri.org/projects?ref=C3312011-B80A-4382-8299-0090DBCC8472
C3405A47-EB4C-45BD-85D4-00E340EEE253,Bioinformatic analysis,"Abstracts are not currently available in GtR for all funded research. This is normally because the abstract was not required at the time of proposal submission, but may be because it included sensitive information such as personal details.",Institute Project,Closed,0,,,https://gtr.ukri.org/projects?ref=C3405A47-EB4C-45BD-85D4-00E340EEE253
C35A668D-8FE1-444F-A215-00CF03515307,Thick Complex 3D Micro-Structure Manufacturing,"IBEX Innovations, a developer of advanced X-ray detectors for low-dose, high contrast imaging, are looking to identify techniques to manufacture a complex repeating 3D micro-scale structure at a thickness beyond what can be achieved using traditional electroforming methods.",Vouchers,Closed,0,,,https://gtr.ukri.org/projects?ref=C35A668D-8FE1-444F-A215-00CF03515307
C36F0507-4B29-4CF8-93C4-00D6D6E053A4,"Challenges encountered by ethnic minority and migrant doctors, healthcare workers and related groups and the implications for performance regulation","Abstracts are not currently available in GtR for all funded research. This is normally because the abstract was not required at the time of proposal submission, but may be because it included sensitive information such as personal details.",Research Grant,Closed,0,,,https://gtr.ukri.org/projects?ref=C36F0507-4B29-4CF8-93C4-00D6D6E053A4
C3979CBF-9EDB-4622-B380-0068975E2859,Harmonic analysis techniques in spectral theory,"The circle of problems around the &quot;Fourier restriction conjecture&quot; has been a driving force behind the development of modern harmonic analysis. 
Recent years have seen exciting advances that have lead to spectacular applications in PDE, combinatorics, geometric analysis and number theory. However, most applications in spectral theory are still based on the classical Stein-Tomas theorem. It is currently not understood if and how the state-of-the-art advances in harmonic analysis (such as decoupling, polynomial partitioning, multilinear methods and the Bourgain--Guth induction on scales) can be applied to spectral theory. The research programme aims to address this issue by developing a new approach that combines modern harmonic analysis techniques with classical functional and complex analysis.

These techniques are expected to find applications in a variety of spectral problems involving differential operators. The focus is on Schr&ouml;dinger operators with complex potentials, a subject of considerable contemparary interest. The techniques to deal with these operators are limited, mainly due to a lack of the powerful spectral theorem and variational methods. Harmonic analysis tools have turned out to be extremely fruitful in this regard and have been instrumental in solving major open problems in the field. In a broad sense, one would like to understand how much of the classical theory of Schr&ouml;dinger operators with real-valued potentials survives for complex-valued potentials; the answer in many cases is &quot;not very much&quot;. Complex potentials appear naturally in many different problems, for instance, local solvability of PDE, the Kramers-Fokker-Planck equation, the damped wave equation, the study of resonances and in the stability analysis of nonlinear PDE. Their spectral properties can be very wild and unintuitive, and they are still far from being completely understood.",Research Grant,Active,0,,,https://gtr.ukri.org/projects?ref=C3979CBF-9EDB-4622-B380-0068975E2859
C3E7DA56-CF97-4761-9F36-0128D79425F6,Protein PEGylation of unfolded proteins,"Protein based medicines are now the fastest growing sector of the medicinal biotechnology sector with over 250 million patients receiving such treatments. Increasingly the majority of all new approved medicines are protein based with over 300 candidates currently in clinical trial. Unfortunately protein based medicines suffer from limitations due to rapid clearance and toxicity (especially immunogenicity). Rapid clearance necessitates increased dosing frequency which impinges on patient complience and increases the propensity for immunogenic side effects. One of the few clinically proven strategies to address these limitations of protein based medicines is based on the concept of protein PEGylation. Poly(ethylene glycol) (PEG) which is widely used in healthcare, pharmaceutical formulation, and consumer products is covalently bound to the thereapeutic protein (hence the term protein PEGylation). Understandably the first generation PEGylated proteins that are clinically use also suffer limitations in terms of cost, product performance and homogeneity, and ease of manufacture. The PEGylation technology known as disulfide bridging PEGylation which is being developed by PolyTherics addresses these issues for a large number of therapeutic proteins. This new technology which has been described peer reviewed articles in 2006-2007 (Nature Chem Bio, Nature Protocols, Bioconjugate Chemistry) has recent been found to be useful for proteins very early in their manufacture prior to purification. The PolyTherics conjugation of PEG to a protein occurs via a thermodynamic pathway that results in the annealing of native disulfide bonds from their constituent free cysteine residues. A 3-carbon bridge connects the two cysteines with PEG attached to the bridge. This methodology allows for the exploitation of the chemical efficiency and site selectivity of sulphur based addition reactions. Crucially in the case of many therapeutic proteins (e.g. cytokines, antibody fragments, cyclic peptides), there is generally an accessible disulfide near the protein's surface. Often such disulfides aid in maintaining the stability of the protein and can be modified with the insertion of a PEG linked bridge. We have published these findings in peer reviewed articles in 2007 (e.g. Theoretica Chimica Acta,additional article in Nature Protocols, Advanced Drug Delivery Reviews). To extend this PEGylation technology we have found that it is possible to exploit the thermodynamics of the conjugation reaction by achieving the conjugation during protein folding. This key finding can be exploited to site-specifically PEGylate proteins much earlier in their manufacturing processing. The technology also potentially allows for conjugation of proteins. Thus the main hypothesis of the project is to PEGylate during protein folding. We have unfolded proteins and have found the efficiency and site-specificity of he PEGylation reaction is maintained. If successful this PhD project offers the student a multidisciplined training opportunity in protein chemistry, protein expression, synthesis of PEG reagents and conjugation chemistry. Characterisation techniques both physicochemically and biologically will also be learned. If successful PEGylation during folding will be useful to aid in the PEGylation of non-glycosylated proteins. In the case where glycosylated proteins are also functional in their non-glycosylated state (e.g. erythropoietin, which will be the test protein of the project), then this approach may find considerable utility. Such proteins tend to aggregate easily in their folded state. Since PEGylation minimizes aggregation, it is felt that PEGylating during the folding process will allow efficient and site-specific PEGylation to occur for proteins that are proned to aggregation.",Training Grant,Closed,0,,,https://gtr.ukri.org/projects?ref=C3E7DA56-CF97-4761-9F36-0128D79425F6
C3F99E9A-9BBA-43F4-8C0E-0125805DC417,"Empire against Melancholy: Healing the Body Politic in Britain, c. 1558-1630","My research explores the idea of the diseased body politic in the context of colonisation in early seventeenth-century Britain. I will challenge the current understanding of early modern empire by arguing that idleness as a pathological sign of melancholy played a central role in the expansionist discourse. Accordingly, I propose that the allegory of the organic body and the state was conceived much more literally than scholars previously thought, following the Aristotelian and Galenic traditions that rendered the world in terms of micro- and macrocosms of the body politic.
My project will follow a methodology in intellectual history that has been dominant for over fifty years: to interpret ideas in their contexts. Intellectual historians, however, have routinely failed to expand their contexts beyond the narrowly political. In practice if not in theory, intellectual history has remained restricted to a long-established canon. My project offers to expand our appreciation of context. I will provide an intertextual analysis of political and religious tracts, medical writings, and previously ignored manuscript material. The texts my research will focus on were all written to assist the establishment of new colonies, and to do so they all relied heavily on the concept of the diseased body and its treatments. As these authors were all active in the process of colonisation, part of the methodological implications of my study will be to demonstrate that the sources for the study of intellectual history were not at all theoretical, quite the opposite: they were very much used, debated, and put into practice.
By directing attention to these texts, I shall demonstrate that the inseparability of the health of the body, mind, and the state was taken for granted by the citizens of early modern Britain. It was crucial for any form of &quot;good&quot; constitution to work effectively, but even more so in republics where citizens were required to participate in political life. My study, therefore, is an exploration of the importance of the connection between individual health and the proper functioning of the state.",Studentship,Active,0,,,https://gtr.ukri.org/projects?ref=C3F99E9A-9BBA-43F4-8C0E-0125805DC417
C431ABC2-4B6C-46EA-AD1F-013BA182549C,Direct Elucidation of the Gas Adsorption Behaviour of Metal-Organic Frameworks (MOFs) by In-situ Single Crystal X-ray Diffraction,"Metal-organic frameworks (MOFs) form the largest group of crystalline nanoporous material that has been receiving global research attention, as evidenced by the several thousand MOFs reported within the ca. 21000 research papers produced over the past 20 years. MOFs have huge potential for a wide variety of applications including gas storage and separation technologies and are being sold as commercial products for gas storage/ release applications of highly toxic gases, for example, PH3, and in a controlled release product that prevents fruit ripening.
MOFs exhibit a range of exciting gas adsorption phenomena including hysteresis, and stepped and gated adsorption when gases such as nitrogen, carbon dioxide, methane, hydrogen disulphide are adsorbed. These phenomena are often facilitated by framework structural changes. Gas adsorption and other data have demonstrated the existence of these gas adsorption phenomena and computational modelling has provided some predicative insight into the structural mechanism of their action. However, few experimentally determined crystal structures exist for these materials during these adsorption behaviours which prevent critical comprehension of these novel behaviours.
This project aims to determine the gas adsorption behaviour of certain rigid and flexible framework MOFs by experimentally determining the crystal structures of the MOFs during single crystal-to-single crystal transitions instigated by different loadings of a diverse variety of industrially relevant gases at various temperatures and pressures.
The project will involve the synthesis of known or modified MOFs in single crystal form, characterisation including single crystal and powder X-ray diffraction, scanning electron microscopy, gas adsorption measurements and other associated spectroscopic techniques. Particular emphasis of the project will be on using in-situ single crystal X-ray crystallography to obtain the crystal structures of gas loaded MOFs using state-of-the art single crystal X-ray diffractometers and a capillary gas cell (operating temperature range 100 - 500 K, pressure range 0 - 15 bar).
Success of the project will enable experimental determination of the actual mechanisms for these adsorption processes that will be highly attractive to the academic and industrial communities and, through greater understanding, will enable enhanced design of future multifunctional nanoporous materials.",Studentship,Closed,0,,,https://gtr.ukri.org/projects?ref=C431ABC2-4B6C-46EA-AD1F-013BA182549C
C45F4BA0-5212-4CBB-9DA4-00BCCF58EABE,HDHL-Biomarkers: Fatty Acid Metabolism - Interlinking Diet with Cardiometabolic Health (FAME),"Abstracts are not currently available in GtR for all funded research. This is normally because the abstract was not required at the time of proposal submission, but may be because it included sensitive information such as personal details.",Research Grant,Closed,0,,,https://gtr.ukri.org/projects?ref=C45F4BA0-5212-4CBB-9DA4-00BCCF58EABE
C4BF8CA8-B3FB-4979-BDC9-01A924BB69FC,Entropic Stabilization of Hybrid Perovskites,"Hybrid perovskites have revolutionized solar research in the past decade. Materials such as MAPI (CH3NH3PbI3) can act as absorber and is also able to separate charge over large distances, and power conversion efficiencies have risen beyond 20% as a result of this. One of the concerns that has troubled researchers is the degradation of the materials in the presence of water via transfer of the methylammonium proton. Approaches that currently exist to depress these effects include the engineering of PKa of the proton at the A site, as well as the replacement of the organic ion with an inorganic ion e.g. Cs+. However, the materials still show varying amounts of instability. 

However, recently a new paradigm has emerged that has defied the traditional picture of crystalline solids, which is the notion of high entropy materials.These are very different to traditional materials because they utilise increased disorder to minimise their free energy. In simple terms, this is achieved by adding various elements in equivalent amounts to either the cationic or anionic sublattices in the crystalline state to maximise the entropic mixing term, which in turn minimises the free energy of the solid. There are now a number of materials stabilised in this way including metals, metal oxides and metal sulfides and oxysulfides. In this PhD programme we will test the hypothesis that stabilization can be conferred on hybrid perovskites using this approach. We will make thin films of these new materials by both spin coating and CVD, and test their stability vs water using the latest operando XPS techniques. It is envisaged that a new paradigm for stabilization of hybrid perovskite materials will be established.",Studentship,Active,0,,,https://gtr.ukri.org/projects?ref=C4BF8CA8-B3FB-4979-BDC9-01A924BB69FC
D0E6B470-4696-4E6C-A4C6-010DE5B4BC96,BBSRC Doctoral Training Grant - 2005,"Doctoral Training Partnerships: a range of postgraduate training is funded by the Research Councils. For information on current funding routes, see the common terminology at https://www.ukri.org/apply-for-funding/how-we-fund-studentships/. Training grants may be to one organisation or to a consortia of research organisations. This portal will show the lead organisation only.",Training Grant,Closed,0,,,https://gtr.ukri.org/projects?ref=D0E6B470-4696-4E6C-A4C6-010DE5B4BC96
D0FCC262-276C-41D3-9A3C-01EBBF3C8092,Feeling the untouchable: Haptic touch experiences for naturalistic learning,"As we confront the global sustainability challenges of our time, schools need to address modern culture's disassociation with the natural world. Our transformative vision is to bring to life naturalistic learning through touch experiences, thereby creating cognitive and affective connections between school students' science learning and their personal and societal relevance. We will co-design new pedagogies that include digital haptic experiences to engage students in the exploration of the natural world and help construct conceptual models.

Science education has struggled to utilise touch adequately beyond early years, as concepts and models become more abstract, but even the arts emphasise the visual and in many contexts discourage touching. We explore how reclaiming the value of touch can bring significant innovation in the way young people come to learn, but also in how they can use technology to make sense of change in their urban and natural surroundings, the interface between the two, and connect their learning to today's global challenges. Observing and understanding qualitative perceptions of scale, density, texture and pattern crosscut topics in science and the arts. We will pursue a STEAM (STEM + the Arts) approach to education that also opens the way for schools to participate in emergent areas of radical citizen science, which advocate a more bottom-up and inclusive approach, allowing imaginative flexibility in responding to the new questions of a changing global environment.

Our research objectives are to:

1. Develop the possibilities of science learning through haptic experiences across the primary and secondary school syllabus. Explore topics where students are expected to develop conceptual models of abstract concepts, e.g. topics involving fields, flows and currents, starting with Electric Circuits, where we will enable students to feel circuit diagrams shown on a screen to help construct conceptual models accounting for current, voltage, and resistance. Similarly explore concepts of flows and forces in geography and in ecology, where for example students can feel the effects of water currents on sand forming ripples, and air and water currents on the collective behaviours of fish and bird swarms.

2. Combine haptic experiences with imaginative and aesthetic thinking to foster affective connections to nature by, for instance, allowing students to sense an underground environment through touch as a mole, or enter a flower or hive as a bee. We will also co-design interfaces for sensing patterns and textures in art through touch, including interfaces to feel existing artworks, and a digital haptic sketching experience that allows students to feel drawn lines and textures as they draw them.
 
3. Co-design touch-centred Citizen Science methods for school grounds that use textures from nature to develop pattern-led thinking about underlying structures of natural artefacts. 

4. Understand the impact of these digital and natural touch interventions on cognition, science learning, interest, creativity, artistic exploration and socialisation, including for students with sight impairments, for whom touch is central to sensing the world.

We will thus probe the affective possibilities of a new sensing science, which turns abstract into concrete and distant into intimate, to effect attitudinal change and foster environmentally friendly behaviours.

Outcomes, benefiting children, teachers and mobile interface designers and users include:

1. A transformative interaction design that utilises the properties of touch for creating more affective and inclusive user experiences, and

2. An integrated naturalistic learning pedagogical infrastructure that supports conceptual learning, integrating sensory exploration, scientific inquiry and artistic creativity.",Research and Innovation,Active,0,,,https://gtr.ukri.org/projects?ref=D0FCC262-276C-41D3-9A3C-01EBBF3C8092
D110F86D-8C6C-483D-BF5F-01732039F7A3,Compressible Alfven waves in fusion plasmas,"An essential aspect towards the successful development of viable fusion energy using magnetically confined plasmas, as envisaged in the international ITER and DEMO tokamak programs, is a deep understanding of the physical processes at play in the stability and transport of the fusion plasma. Through the fusion process energy is produced in the form of energetic neutrons, whose energy will generate electricity, and alpha-particles whose energy will help heat the plasma and sustain the necessary fusion conditions. Magnetohydrodynamic (MHD) waves play an important role in the redistribution of fast ions such as alpha-particles as these waves can be driven unstable by fast ions which in turn leads to an enhanced transport of the ions away from the plasma core and losses that damage the tokamak walls. Therefore, an understanding of the structure and stability of MHD wave modes in realistic tokamak scenarios is essential.

Specifically, compressional Alfven eigenmodes (CAEs) are fast magnetoacoustic type waves which oscillate at a rate near the frequency of gyrating plasma ions and are found in a natural wave cavities in the plasma formed by the profiles of the magnetic field and plasma density as well as the plasma geometry. CAEs resonate with fast ions that travel at super-Alfvenic speeds and thus contribute to the redistribution and losses of these fast ions. Also, CAEs may help channel the energy from $\alpha$-particles to the thermal ions, thus heating the plasma. Furthermore, high-frequency CAEs parasitically absorb ion cyclotron resonance heating, which affects heating and current drive efficiency.
 
Spherical tokamaks and the Mega-Amp Spherical Tokamak (MAST) at the Culham Centre for Fusion Energy (CCFE) in particular with its extensive diagnostic capabilities are ideally suited for studying the interaction between fast ions and such MHD waves because of the lower magnetic field employed in spherical tokamaks compared with conventional tokamaks. This makes it easier to produce super-Alfvenic fast ions by neutral beam injection and study the waves driven by them. In fact, the proposed research is directly relevant to ITER as fast ion beams produced by neutral beam injection are a good proxy for alpha-particles expected in ITER plasmas. CAEs have been observed as magnetic fluctuations during experiments with neutral beam injection in spherical tokamaks as well as conventional tokamaks with lowered magnetic field, adding confidence to the expectation of CAEs existing as well in ITER.

The proposed research aims to advance the understanding of the role of high-frequency MHD waves on fusion plasmas by making reliable computational predictions of CAEs, and of their coupling to fast ions, based on first principles and to validate these against experiment from MAST. This builds upon experience in modelling MHD waves and uses an in-house wave codes to model for realistic geometries the detailed structure, localisation and spectrum of CAEs for various relevant scenarios of plasma confinement. This research is timely because MAST has a range of new diagnostics that will become available in the near future which allow, in collaboration with the CCFE, a deep diagnosis of CAEs and detailed comparisons with theoretical predictions. The new diagnostics include spectroscopic measurements of internal density fluctuations. Such comparisons will further the understanding of the key drivers behind observed features of CAE mode structure and spectrum. Also, the seismological capabilities of CAEs to deduce plasma conditions (e.g. density structure) from measured wave behaviour are explored. The envisaged coupling of the CAE code to a wave-particle code developed by co-I S. Pinches (CCFE) will enable a quantitative understanding of plasma heating by fast ions coupling to CAEs, with predictive relevance for DT fusion (as planned for ITER and for scheduled dedicated DT experiments on the Joint European Tokamak).",Research Grant,Closed,0,,,https://gtr.ukri.org/projects?ref=D110F86D-8C6C-483D-BF5F-01732039F7A3
D115C9EC-B542-477B-9F62-00870CF7459D,iSee - Intelligent Vision for Grasping,"Intelligent vision is a key enabler for future robotics technology. Shadow's recent development work on a disruptive universal gripper (launched at Innovate16) has identified a need for better vision to permit the automation of grasping. Building on R&amp;D at the University of Glasgow for over 20 years, the iSee project will establish concrete robot vision benchmarks, based on commercially relevant scenes, and then develop, validate and integrate vision sensors and processing algorithms into the Smart Grasping System (SGS) to enable it to reach significant new markets in automation, logistics and service robotics. The following candidate sensors have been selected for benchmarking:

A. Low-cost time of Flight (TOF) 3D cameras (available from various companies)
B. Stereo pairs of off-the-shelf HD cameras and stereo pairs of embedded vision sensors in conjunction with CVAS's existing custom stereo-pair image matching and photogrammetry software
C. An Asus Xtion RGBD camera will serve as a benchmark reference sensor

We propose to build an integrated hand-eye system for each sensor listed above, along with appropriate lighting, and to develop complete integrated pipelines to benchmark the different combinations of capture and analysis systems on the specified scenarios. This investigation will allow us to determine the performance of 2D and 3D sensing methods in terms of quality of image capture and hand-eye performance. 

We propose also to evaluate the new and highly disruptive Deep Convolutional Neural net technology (DCNNs) that has the potential to leapfrog the best algorithmic vision methods and to provide a fast, accurate and complete vision solution that meets the demands of advanced robotic grasping and manipulation. We will thus augment the evaluation with potentially very efficient and highspeed DCNN algorithms for interpreting images using potentially low-cost sensors for:

* Detecting and localising known objects and estimating their pose for grasping purposes
* Estimating depth, size and surface normals directly from single monocular images, using transfer methods
* Recovering depth from binocular and monocular camera systems using stereo matching and structure from motion (optical flow) respectively

Once trained, DCNNs can analyse images very quickly and are now becoming suitable for low-cost embedded platforms, such as smartphones. This aspect of the proposed investigation has the potential to massively simplify the sensor in terms of hardware only single cameras, or stereo pairs of cameras, are required in combination with DCCNs as the basis for a vision system which might potentially provide all of the functionality required to control the hand in a wide range of scenarios.

Benchmark results will let us develop specific camera-algorithm combinations to improve performance for the specified use cases over a number of test-evaluate-improve iterations. The core 3D sensing approaches will be integrated with the SGS, and we shall evaluate additional cameras situated off-hand providing critical ancillary visual input when objects are close to the gripper camera prior to a grasp, or during in-hand manipulation. Both camera systems will be used to acquire different views of the scene, with both systems mounted on a robot arm for interactive perception of the scene and objects contained within it. 

In parallel, we will develop a showcase demonstration system at Shadow based on Shadow's current grasp planning software coupled to the 3D images captured by the benchmarked 3D vision systems. The developed vision modules will be encapsulated within the &quot;Blocky&quot; programming system to afford a simple and direct method for end-users to take advantage of this capability. 

In conclusion, we believe that the robotics hand-eye pipelines proposed within the iSee project have the potential to play an important role in maintaining market leadership in the development of complete robotics system solutions.",Research Grant,Closed,0,,,https://gtr.ukri.org/projects?ref=D115C9EC-B542-477B-9F62-00870CF7459D
D1268958-0410-41B5-BE49-0119C32A7D95,EXTREME WAVE LOADING ON OFFSHORE WAVE ENERGY DEVICES USING CFD: A HIERARCHICAL TEAM APPROACH,"A major design consideration for offshore wave energy devices is survivability under extreme wave loading. The aim of this project is to predict loading and response of two floating wave energy devices in extreme waves using CFD (computational fluid dynamics), in which fluid viscosity, wave breaking and the full non-linearity of Navier-Stokes and continuity equations are included. Two classes of device will be considered: Pelamis (of Ocean Power Delivery Ltd.), the prototype having already successfully generated electricity into the grid, and a floating buoy device responding in heave, known as the Manchester Bobber (Manchester University), which is being tested at 1/10th scale. Both classes of device are thought to be competitive with other renewable energy sources, being economically roughly equivalent to onshore wind energy. The CFD simulations will be undertaken in three ways: by commercial codes, CFX and COMET (STAR-CD); by recent advanced surface-capturing codes; and by the novel SPH (smoothed particle hydrodynamics) method. In order to address the uncertainties in the CFD approaches, such as the accuracy of prediction and the magnitude of computer resources required, a staged hierarchical approach of increasing computer demand will be taken in: mathematical formulation (from an inviscid single fluid to a two-fluid viscous/turbulence approach); wave description (from regular periodic to focussed wave groups including NewWave); and complexity of structure (from a fixed horizontal cylinder parallel to wave crests to the six degrees of freedom of Pelamis). At each stage, numerical results will be compared with experimental data. The significance of the inviscid v. viscous formulations, wave nonlinearity, non-breaking v. breaking conditions, and the dynamic response of the body will thus be assessed for extreme conditions. Designs for survivability should thus be better evaluated. The resulting CFD methodology will also benefit analysis of extreme wave interaction with ships, other marine vehicles and structures in general. For example interaction with freak waves and the 'green' water problem have yet to be resolved.",Research Grant,Closed,0,,,https://gtr.ukri.org/projects?ref=D1268958-0410-41B5-BE49-0119C32A7D95
D156C9F7-D60B-4D7B-8C58-0015CE7DA531,Role of NETs in thrombolytic resistance of ischaemic stroke thrombi: a novel quantitative approach,"Acute ischaemic stroke is a major cause of death and disability in the UK. It occurs if a blood vessel within the head becomes blocked, leading to loss of blood supply and damage to a part of the brain. The blockage is usually made up of thrombus or blood clot, which may have formed where the blood vessel is already narrowed by fatty deposits which develop as people age. Sometimes, the thrombus may instead have formed within the heart or large blood vessels soon after they leave the heart, with the thrombus then being carried in the blood stream until reaching and blocking a smaller diameter blood vessel within the head.

If a stroke patient reaches hospital in less than three to four hours after the beginning of the stroke, current standard treatment is to attempt to unblock the artery using a drug (known as rt-PA). This drug was designed to break down fibrin, a major protein component of thrombus. Unfortunately, clinical trials have shown that on average this drug only produces quite small benefits. This is probably because the drug fails to break down the thrombus and unblock the blood vessel in a significant proportion of patients treated. Possible reasons for this failure include the fact that thrombus contains other components, other than fibrin. Recently published work has identified the presence of neutrophil extracellular traps (NETs) within stroke-causing thrombus. NETs consist of fibres of genetic material, DNA, which have been released by certain types of white blood cell (neutrophils) in the blood stream. The structure of NETs is very different from that of fibrin, and therefore rt-PA may be incapable of breaking down NETs. Hence, if stroke-causing thrombus contains a significant amount of NETs, this may explain the failure of rt-PA sometimes to break down thrombus.

In this project, we seek to answer the question of how the quantity of NETs in stroke-causing thrombus changes the effectiveness of rt-PA in breaking down thrombus. Furthermore, we seek to answer the question of whether more effective thrombus breakdown is achieved when another drug, which is designed to break down DNA (DNA being the major component of NETs), is used in addition to rt-PA, and whether the additional effectiveness is related to the quantity of NETs.

In this project, we explore these questions using stroke-causing thrombus which has been recovered from patients undergoing another established treatment for stroke, known as mechanical thrombectomy; this is a surgical procedure in which a device is inserted into the patient's blocked blood vessel and the blockage is sucked or pulled out. We will measure the quantity of NETs in each patient thrombus by a novel method which involves separating the thrombus into individual cells and then counting the white blood cells which are producing NETs. The breakdown of the thrombus will be measured by weighing it after the drugs are applied to the thrombus in a &quot;test tube&quot;, as the amount of thrombus which remains will decrease and weigh less as the thrombus is broken down. Thus, we will be able to see if there is a relationship between the amount of NETs in each thrombus and how well it is broken down by the drugs.

It is our expectation that the thrombus most susceptible to break down with rt-PA is the thrombus which contains the least NETs, and that combined treatment with rt-PA and a DNA-targeting drug is more effective at achieving thrombus break down than rt-PA alone. If our experiments prove these ideas, then this will demonstrate the importance of NETs as a factor impairing successful thrombus break down, and will demonstrate the importance of including a DNA-targeting drug as part of the treatment for stroke. This could pave the way towards a human clinical trial to properly compare the efficacy of using a combination treatment of rt-PA and a DNA-targeting drug against the efficacy of using the standard current treatment of rt-PA alone.",Research Grant,Closed,0,,,https://gtr.ukri.org/projects?ref=D156C9F7-D60B-4D7B-8C58-0015CE7DA531
D1890D45-F763-40AE-A5BF-01F22E9A46EA,An integrated 'workbench' environment for Quantum Crystallography,"Abstracts are not currently available in GtR for all funded research. This is normally because the abstract was not required at the time of proposal submission, but may be because it included sensitive information such as personal details.",Research Grant,Closed,0,,,https://gtr.ukri.org/projects?ref=D1890D45-F763-40AE-A5BF-01F22E9A46EA
D18AC60D-EDF6-411B-8887-000259E64BDD,The Lowdown - An AI-based medical device that uniquely combines clinical guidance with real user experience to support improved contraceptive understanding and use.,"With the combined support of Innovate-UK and investment finance, Get The Lowdown Ltd (GTLD) will develop the first dedicated and clinically validated platform that combines the latest clinical guidance with real user experience to provide tailored contraceptive advice specific to the user across all forms of contraception and in doing so reducing the need for an appointment with a healthcare professional to address commonly asked questions. The concept has been designed to address key challenges in accessing support in this complex area of healthcare and known gaps in knowledge in Primary and Secondary Care with information given in an easy-to-understand format aimed at all target users regardless of ethnicity/culture, age, gender and level of health literacy. Combined grant and investor funding will accelerate development and exploitation in the global FemTech market, forecast to reach $5.0Bn by 2033 and support future application across wider health conditions including fertility, polycystic ovary syndrome and endometriosis.",Collaborative R&D,Closed,0,,,https://gtr.ukri.org/projects?ref=D18AC60D-EDF6-411B-8887-000259E64BDD
D1B1EDEB-9F88-4E4D-ACC6-01AB54F75647,Building resilient and future-proofed ecologies in an Anthropocene landscape,"Overview: 
The English Midlands is a highly human-modified landscape that is farmed, managed, and urban, with remnant woodlands. Into these landscapes non-native species have been introduced (e.g., Jenkin's spire snail, Indian balsam and Japanese knotweed) reflecting a global phenomenon of accelerating biosphere homogenisation. Introduced species can be beneficial, neutral or damaging. Many proliferate where human environmental impacts are significant and native species are threatened. This begs the questions of what facilitates these introductions and their subsequent expansion, and how ecologies can be managed to be resilient to future environmental change. 
Worldwide, species introductions have accelerated since the 19th century. We wish to establish a detailed record of introduced species into Leicestershire and Rutland. This region is a microcosm of England, with a range of landscapes from moorland to lowland vale, woodland, wetland, farmed, industrial, and urban. In Leicester city alone, 22 species have been identified as a threat to ecologies. We will assess times of species introduction relative to first arrival in the UK, modes of introduction, distribution, abundance in different ecologies and characterise introduced organisms in terms of their impact on ecologies. Data analysis on historical and recent invasions in terrestrial systems, such as the invasion of harlequin ladybirds and ash dieback, will provide an important insight on the proliferation of such species. We will investigate archives from hydro-ecological systems (e.g., sediment/fossil archives in wetlands, lakes, and rivers) to reconstruct a temporal (biostratigraphical) record of introduction, targeting organisms like molluscs and crustaceans, and pollen from species such as Azolla, that are known to preserve in the geological record. Coupled with chronological markers, like carbon-dating or fly ash accumulation, our combined geo-ecological and archival-historical approach will examine rates of introduction and proliferation compared with temporal landscape change (agricultural/ urban), transportation, influx of non-biodegradable materials, and removal of barriers (e.g., re-engineering rivers). To model future potential species invasions, we will horizon scan, and analyse - for example - the influx of ring-necked parakeets into South-East England and other potential threats. Identifying key drivers of detrimental and beneficial ecological change will inform the design of ecosystems that are 'future proofed' against harmful introduced species.

Figure 1: Cloud Wood in Leicestershire has suffered ingress from human activity for generations, but somehow has survived as a resilient ecosystem. What does it tell us about the resilient ecologies of the future? Image from Andy Lear, Leicestershire and Rutland Wildlife Trust, https://www.lrwt.org.uk.",Studentship,Closed,0,,,https://gtr.ukri.org/projects?ref=D1B1EDEB-9F88-4E4D-ACC6-01AB54F75647
D1C2648B-6D66-4C94-92C1-00F0E2E1366D,Developing nutrient-enriched cereal grains with large embryos.,"Abstracts are not currently available in GtR for all funded research. This is normally because the abstract was not required at the time of proposal submission, but may be because it included sensitive information such as personal details.",Research Grant,Closed,0,,,https://gtr.ukri.org/projects?ref=D1C2648B-6D66-4C94-92C1-00F0E2E1366D
D1E80287-64F3-4226-95CF-00DEAA11534C,The formation of the first galaxies with JWST,The student will use JWST data to determine how the first galaxies formed and evolved. This will involve data collection and analysis as well as comparison to computer simulations.,Studentship,Closed,0,,,https://gtr.ukri.org/projects?ref=D1E80287-64F3-4226-95CF-00DEAA11534C
D245A12A-4FEC-4738-B900-00283332FDFA,Random trees: analysis and applications,"Trees are a mathematical object that arise naturally in various contexts: for example, in computer science, search trees are widely use in databases as an efficient way to store and retrieve data, in biology, phylogenetic trees are key in understanding the evolution of species, and in network theory, trees are meaningful, tractable models for large networks.

This applied probability project focuses on several models of random trees that arise from applications to computer science and physics. The project is divided into three distinct but inter-related parts, each of them is application-driven and involves proving fundamental mathematical results about random trees.

Part A of the project focuses on a new model of random inputs for the satisfiability problem: random Boolean trees. The importance of this problem is two-fold: fundamentally, since it is closely related to the P vs. NP problem (one of the seven Millenium problems of the Clay Mathematics Institute), and practically, as it is related to finding efficient algorithms for very common industrial problems such as hardware and software verifications.

In Part B, results about the shape (profile) of the so-called &quot;weighted random recursive tree&quot;, are used as a first-step towards understanding more intricate models for animal and human mobility. Understanding how humans move, for example in a city, is crucial when aiming at understanding more complex phenomena such as the transmission of epidemics. The model I will study in this project was introduced by physicists and fits data collected in a study of capuchin monkeys. Proving mathematical results about this random walk will thus enhance our fundamental knowledge base around animal and human mobility.

In Part C, random trees are a model for large networks such as the internet, or social networks. Because of their enormous size (in terms of numbers of routers for the internet, or number of users in social networks), and because of the fact that they constantly evolve with time, it is impossible to keep an up-to-date map of these networks, and there is thus a need for good mathematical models. Although trees contains no &quot;loops&quot; (or cycles), whereas networks typically do, random trees are meaningful models for networks, and the fact that they have no cycles make them more tractable than random graphs. Part C focuses on such a model, introduced by physicists: the so-called &quot;preferential attachment tree with fitnesses&quot; and aims at proving results about its larger hub (node with the most links) and about its shape (or &quot;profile&quot;).",Fellowship,Closed,0,,,https://gtr.ukri.org/projects?ref=D245A12A-4FEC-4738-B900-00283332FDFA
D2C83A30-7A2A-4595-AA18-006983FFBC37,Growth of lattices in semisimple Lie groups,"A classical theorem of H. C. Wang and A. Borel says that in a given simple Lie group the number of arithmetic lattices of bounded covolume is finite up to a natural equivalence. The questions we are interested in are How many arithmetic lattices are there with covolumes bounded by some given x? and How fast the number of lattices grows asymptotically with respect to x? The covolume of a lattice is calculated with respect to some Haar measure on the group. An illustrative example is when the Haar measure is chosen to be the Euler-Poincare measure in the sense of Serre. In this case the covolume is just the Euler characteristic of the corresponding factor space, it is a measure of complexity of the space. The general case of an arbitrary Haar measure is seen to be similar to this. Therefore we are interested in studying quantitative properties of the complexity of spaces with some fixed underlying structure.What makes the questions particularly rich and engaging is the arithmetic flavour. In general the bridge to arithmeticity is provided by the celebrated Margulis theorem which states that in Lie groups of real rank at least 2 all lattices are defined arithmetically. This is a consequence of the superrigidity principle which was also discovered by G. A. Margulis.Thus the questions we are interested in sit somewhere on the border between algebra, number theory and geometry. Even partial answers to some of them may have non-trivial consequences in these and related subjects. In fact, we already have several striking examples of such implications and some other are being investigated. The study of applications is an essential part of the project. What makes this project timely is the variety of available methods and results, some being very recent, which provide a solid background for a suggested research.",Research Grant,Closed,0,,,https://gtr.ukri.org/projects?ref=D2C83A30-7A2A-4595-AA18-006983FFBC37
D2E04DDD-1254-4C16-8B1F-003E00E15683,BGP Doctoral Continuers Grant (University of Southampton),"Doctoral Training Partnerships: a range of postgraduate training is funded by the Research Councils. For information on current funding routes, see the common terminology at https://www.ukri.org/apply-for-funding/how-we-fund-studentships/. Training grants may be to one organisation or to a consortia of research organisations. This portal will show the lead organisation only.",Training Grant,Closed,0,,,https://gtr.ukri.org/projects?ref=D2E04DDD-1254-4C16-8B1F-003E00E15683
D2EF4418-2DB6-4A2E-9F68-014A76451B33,High Performance Road Lane Inspection for Safer Cycling,"The target product is an imaging system delivering low-cost, automated inspection of cycleways, footways and the near kerb lanes on cycling permissible roads (515,600 lane-miles in the UK). It will support prioritizing road maintenance towards safer cycling. One unique capability is the identification of potholes that become hidden by rain ponding. Whereas these may damage a vehicle wheel they can lead to serious injury or death for cyclists.

Cycling is recognised as green, sustainable, and health beneficial, a transportation lifeline in the COVID-19 crisis, prompting the UK government to invest &pound;2 billion. UK DOT has stated, &quot;we want to make cycling and walking the natural choices for shorter journeys, or as part of a long journey&quot;. However, whilst available cycling miles contribute to leisure and tourism, a 2019 DOT survey records that 67% of adults view roads to be too dangerous for cycling.

According to a 2018 estimate, the size of the National Cycle Network (NCN) of the UK is estimated at 16,670 lane-miles, increased exponentially from 502 miles (1995). Furthermore, considering all available cycling miles, UK has approximately 515,600 miles. Many of Europe's countries have similarly large cycleways and more than 12 million total cycling lane-miles. This presents a substantial export opportunity to bodies responsible for the track, path, and road maintenance.

While governments are making huge investments, this vast network will require regular inspection to ensure safety and a good level of service to the public. Inspecting networks is vital to get a thorough understanding of their ongoing condition, so appropriate maintenance activities can be prioritised and executed.

Cycleways and footways are currently inspected manually, which is a slow and inaccurate process. The present proposal is for an automated system, consisting of cameras and other sensors in conjunction with AI and software, to scan, detect, and measure defects, quantifying the overall surface condition. The innovation will provide accurate, consistent, and quantified distress measurement 10 times faster than manual surveys at 10% of the existing cost. Furthermore, it will displace the use of expensive road vehicle deployed laser scanning methods on all paved-surfaces in respect to cycle use. It will give high levels of automation with real-time overseeing for quality control, and completely digitize measurements that can seamlessly integrate with maintenance planning software.

StradaImaging will collaborate with Aston University who will deliver a characterisation basis for the captured data such as cracks, depressions, potholes, and rain ponding.",Collaborative R&D,Closed,0,,,https://gtr.ukri.org/projects?ref=D2EF4418-2DB6-4A2E-9F68-014A76451B33
D3173503-CA97-4EAA-8C39-018CFAEAD7AD,The influence of cx43 protein on keratinocyte migration,"The gap junction protein, Cx43, naturally down regulates in keratinocytes at the edge of a normal acute wound as they become migratory. However, in diabetic skin and aged skin Cx43 up-regulates and migration fails until Cx43 down regulation occurs (either naturally or following antisense treatment). Pilot data, from non-diabetic human chronic wounds, shows that Cx43 protein levels are very high in the hyper-thickened wound edge and no keratinocyte migration is taking place. Such wounds are extremely debilitating and have a major negative impact on lifestyle of typically elderly sufferers. Work from the Becker lab at UCL has shown that transiently decreasing the level of Cx43 protein at a wound site, by application of an antisense gel, accelerates the normal rate of wound healing and also rescues that of diabetic wounds. This technology is being developed by CoDa Therapeutics Inc. (CoDa), our industrial sponsor, and has been taken into clinical trials. However, the cell biology behind the action of Cx43 on the rate of healing is still to be fully understood. This project aims to enhance our understanding of the influence of Cx43 in relation to keratinocyte migration, an event that is of vital importance if chronic wounds are to be induced to heal. We will use in vivo and in vitro wound healing to examine the effects of Cx43 protein expression on keratinocyte migration. Using our in vitro models of wound healing we will image live cell migration dynamics of keratinocytes whose Cx43 expression has been up or down regulated by pharmacological treatment or transfection with wild type Cx43, dominant negative Cx43 or Cx43shRNA. Intracellular dye injection in cell cultures, will be used to monitor any changes that take place in cell-cell communication of leading edge cells and those that follow. We have recently shown that Cx43 expression affects the expression of several cytoskeletal and adhesion proteins that bind to it. We will therefore also examine the effects of the presence or absence of Cx43 protein on the distribution of adhesion complex proteins such as ZO-1, N-Cadherin, Beta-Catenin as well as associated cytoskeletal proteins actin and tubulin. Pilot data suggest there are significant changes in these protein levels and distributions. In order to demonstrate that these observations also occur in vivo we will use animal models of wound healing where we will also carry out adhesion complex and cytoskeletal protein immunostaining studies on tissue sections from normal and diabetic rodent wounds (that have elevated Cx43 levels and retarded healing) which have been treated with Cx43 antisense or vehicle control. In addition we now have a bio-bank of samples of a variety of human normal tissue, and acute human and chronic wound tissue, available to us in which we would be able to carry out immunostaining for connexins, adhesion complexes and the cytoskeleton in order to draw correlations with their migratory state. Should time permit, we are well placed within the Centre for Cell and Molecular Dynamics Imaging Facility to start to examine the effects of Cx43 protein expression on dynamics of cytoskeletal components labelled with GFP or RFP. In addition it would be possible to image the effects cell migration and the interaction of Rac and Rho as shown by FRET pair imaging. The biological side of this project should provide the student with experience in a wide variety of modern cell biology and live cell imaging techniques as well as provide useful information on the cell biology of wound healing in relation to connexins. Exposure to the company should give experience of how a young and dynamic biotech company functions.",Training Grant,Closed,0,,,https://gtr.ukri.org/projects?ref=D3173503-CA97-4EAA-8C39-018CFAEAD7AD
D34A9643-6779-493D-B3AC-00409713B105,Robust statistical method development for multivariate integrated modelling in genomic epidemiology,"Obesity is a growing public health problem as it is associated with increased risk of cardiovascular disease, type-2 diabetes and premature death. Adult weight and risk for obesity are highly heritable traits, but currently we have limited knowledge of the specific genetic risk-factors and the detailed biological mechanisms behind obesity. Understanding the complex mechanisms underlying obesity, as well as how genetic and environmental risk factors are interacting, are necessary for development of efficient prevention and treatment strategies.

The main purpose of the project is to develop new computational technologies in the form of advanced statistical methods enabling integration of biological data describing many different aspects of a biological system, so that associations between for example genes, proteins and metabolites can be characterised. This information will improve our understanding of complex diseases caused by contributions from multiple of factors; one example of such disease is obesity. The statistical methodologies that are being developed will, however, be useful in many other areas of biological and medical research as well. More specifically novel robust Bayesian statistical methodologies will be developed that are better suited for modelling of biological data, which are often noisy, and therefore problematic to model using many conventional statistical methodologies.",Fellowship,Closed,0,,,https://gtr.ukri.org/projects?ref=D34A9643-6779-493D-B3AC-00409713B105
D34B7F71-CCAE-4EEF-A1CC-00DD7BCAC6C5,Atmospheric Pressure Plasma for Surface Engineering Applications,"This project will build on the knowledge and capabilities obtained in the Surface Engineering and Precision institute (SEPi) over the last decade, in close collaboration with industrial supervisors from the MTC. To achieve the project aims stated above the following objectives will be fulfilled:
Identification of the optimised plasma delivery system and best chemistry for metal processing: A comprehensive literature review and consultations with industrial practitioners will help to decide upon specific characteristics of the plasma delivery system such as; the type of nozzles, the targeted metal materials (e.g., Ti), reactive gas composition (e.g., CCI4) and flowrate. Once these basic choices have been made, key operational parameters, such as power and surface distance, will be optimised. The results will be compared to those obtained for optical substrates, to assess the effects on the metal work-piece.
Metal-etching footprint characterisation: The cross sectional profile of etched trenches on a sample surface and the factors affecting this profile will be investigated. As etching is expected to follow Arrhenius equation, particular attention will be paid to the effect of the surface temperature. Measurement techniques such as pyrometry and fibre Bragg grating will also be studied for the characterisation of the sample surface temperature exposed to the plasma plume. Following these assessments, investigations will focus on the effects of overlapping trenches (PSD analysis).
Modelling the thermodynamic and aerodynamic properties of the radio-frequency induction coupled plasma and the metal-etching process: Previous Cranfield University PhD projects from Drs. Yu and Castelli have established numerical modelling of the plasma and the description of the etching profiles for Si-based samples. The same methodolo,:y will be applied to the metal-etching process in order to obtain in-depth understanding of the plasma processing for metal surface engineering.
Design of experiments of Plasma metal etching: Based on the results in (2) &amp; (3), correlations between input parameters and output quality will be established. Consequently, dwell-time algorithms and motion tool-path design will be implemented to achieve a deterministic machining process. Finally, surface qualifiers such as form accuracy, roughness and processing time will be characterised and compared to those of alternative methods.",Studentship,Closed,0,,,https://gtr.ukri.org/projects?ref=D34B7F71-CCAE-4EEF-A1CC-00DD7BCAC6C5
D3610DF8-836B-4487-AB55-01FAEEDD2A79,Plasmonic chips for the early detection of pancreatic cancer,"Plasmonic materials have very unique optical properties, including localised surface plasmon resonance. The aim of this project is to design and develop &quot;metal enhanced fluorescence&quot; platform technology, capable of increasing the signal coming from the fluorescent molecules by thousands of times, by exploiting the optical properties of designed plasmonic materials. The sensing chips based on metal enhanced fluorescence platform technology will be applied for early diagnosis of pancreatic cancer.",Studentship,Closed,0,,,https://gtr.ukri.org/projects?ref=D3610DF8-836B-4487-AB55-01FAEEDD2A79
D39A4B6D-C9DA-4A16-89C2-00DA35CB4AA0,BBSRC Doctoral Training Grant - 2005,"Doctoral Training Partnerships: a range of postgraduate training is funded by the Research Councils. For information on current funding routes, see the common terminology at https://www.ukri.org/apply-for-funding/how-we-fund-studentships/. Training grants may be to one organisation or to a consortia of research organisations. This portal will show the lead organisation only.",Training Grant,Closed,0,,,https://gtr.ukri.org/projects?ref=D39A4B6D-C9DA-4A16-89C2-00DA35CB4AA0
D3D62895-F285-4D9B-BEC4-01712D69DAAD,Answering key questions around One Health antimicrobial resistance using a new livestock research data platform,"Antimicrobial resistance (AMR) is becoming an increasingly important topic worldwide, and veterinary medicines use 
- particularly in the agricultural sector - has come under sustained scrutiny. Growing political pressure to reform and 
reduce antimicrobial use in order to stem the tide of AMR continues to build, although methods of collecting and 
analysing data are far behind demand. Through interdisciplinary collaborations, we are creating a surveillance system 
and research data platform for UK-wide recording of medicines use, disease prevalence and AMR in the cattle sector, 
as well as elucidating its relationship with companion animal and human resistance. This initiative has generated 
substantial buy-in from government and the livestock and food industries. We have already gained access to the 
complete veterinary records and clinical notes from large commercial livestock veterinary practices, have extracted 
data from practice management systems of &gt;50% of all cattle in the UK and have included laboratory diagnostics as 
well as antibiotic susceptibility for thousands of isolates and whole genome sequencing. 
The objective of this studentship is to exploit these data through application of epidemiology and infection modelling 
to extract new biological understanding about the development and transmission of AMR. Challenges here include, 
through industry engagement and supervision, the rationalisation of stakeholder requirements with the inferential 
capacity of the databank. Timely questions of ownership and sharing of data between farmers, veterinarians, the 
industry and government will be explored using social science techniques which will help inform all stakeholders 
currently interested in and are using these types of data. Good governance practices will be established and 
communicated widely. Validated methods will then be incorporated back into our real-time surveillance platform, 
together with dashboards and visualisations for farmers, veterinarians and industry which will be co-created alongside 
these stakeholders. Engagement of the industry will be paramount at all times. This student will underpin the data-
driven economy in this sector, adding knowledge to veterinarian prescribing practice, farm management practice and 
the development of supply chain and government antimicrobial stewardship policies.",Studentship,Closed,0,,,https://gtr.ukri.org/projects?ref=D3D62895-F285-4D9B-BEC4-01712D69DAAD
D3DEC013-1505-40CF-A781-01E7BF3EDC1F,Diamond professorial fellowship for imaging chromosomes by coherent X-ray diffraction,"The chromosome is the repository of all genetic material in eukaryotes. Humans have 22 separate chromosomes in their karyotype plus the special X/Y sex-determining chromosome. One third of the life cycle of the chromosome, metaphase, is involved with mitosis, whereby the safe transmission of all the genetic material to progeny cells is undertaken; the remainder of the time, interphase, is when the genes are are unpacked and transcribed to operate the cellular machinery and copied to make the daughter chromosomes. Mitosis is an elaborate combination of cellular processes of which the protective packaging of the DNA into safe organized bundles - the chromosomes - is one of the fundamental steps. The first levels of organization of chromatin, the double helix, the nucleosome (DNA-histone protein complex) and the 'beads on a string' (BoS), packed into 30nm fibres with histone H1, have represented major breakthroughs in biology resulting in Nobel prizes. These levels of structure, summarized in Fig 1, are now relatively well understood, although there are still several possible models discussed for the fibre, and possibly some interesting diversity also. It is the next level of structure of the metaphase chromosome where the organisation becomes complicated and the research proposed here will begin to have impact. To protect the genes in transit though mitosis, they are packed together tightly into the familiar X-shaped chromosome pairs that separate once the cell division begins. The 30nm fibres are presumably coiled up in a regular superstructure at the next level within the chromatids; this coiling is the structure we intend to image by X-ray methods. This packing is achieved by scaffolding proteins which also protect the DNA mechanically from forces that could damage the genes. The optical refractive index of this dense complex is high enough that chromosomes are most easily visualized in metaphase. The high density also means that metaphase chromosomes can be handled under the optical microscope with micromanipulation tools that are familiar to cytogeneticists. We plan to use these same tools for sample preparation for the X-ray imaging experiments. This proposal plans to undertake a full 3D imaging of the chromosome at the 30nm resolution level. The metaphase chromosome is of necessity a compact object devoid of hanging strands or loops that would interfere with mitosis. This works well with the use of a 'support' constraint in phasing methods partly developed by the PI. The chomosome electron density is high for a biological substance because of the tightly-packed phosphorus (and counterions associated with the DNA). Staining methods might even be developed to enhance the X-ray contrast. The well-defined boundary will enable support-seeking methods such as 'shrinkwrap' to work effectively. Because they are readily manipulated, as described above, individual chromosomes can be isolated and mounted on pins or fiducialised membranes for measurement. Yet the chromosome is not expected to be a highly reproducible structure like the ribosome or certain viruses that can be solved by MX or the newer method of serial crystallography with an X-ray free-electron laser. In fact, much of the interest in cytogenetics lies in the differences between chromosomes of individuals and between copies from the same individual. All this can be contemplated and attempted in the context of the HRC.",Fellowship,Closed,0,,,https://gtr.ukri.org/projects?ref=D3DEC013-1505-40CF-A781-01E7BF3EDC1F
D45A282F-EE79-442E-9658-0066F4E17E36,IL microemulsion extractions,"Background
Extraction is a key purification tool in pharmaceutical manufacturing but is mostly done in batch operations. Problems occur with the formation of undesirable emulsions/phases and when extracting hydrophilic species. This research develops the chemistry and engineering of intensified/continuous extraction technology. Apart from traditional solvents, water-hydrophobic ionic liquid systems (IL) and ionic liquid based microemulsions will be used together with the intensified liquid extraction techniques to develop efficient continuous processes for Health. The work targets fast, flexible, low cost, reliable, and GMP-compliant pharmaceutical manufacturing technologies. EPSRC Research Areas addressed are: 1) Manufacturing Technologies, 2) Process systems - components and integration.

The majority of Pharmaceutical manufacturing processes have been not only traditionally but also recently done exclusively in batch operation. Modern pharmaceutical manufacturing organizations would like extraction processes that can integrate with continuous up stream flow synthesis and downstream isolation procedures. In addition, continuous manufacturing offers a range of advantages for adaptation over batch including speed, scale minimization, flexibility and safety, making the transition long overdue. Continuous extraction can be achieved by the application of small scale, two-phase contactors. The reduction in size leads to intensification with advantages including increased mass transfer, minimisation of hazardous materials, improved control of hydrodynamics, reduced operating cost and capital cost due to the smaller size of equipment. The ThAMes multiphase group at UCL has developed continuous/ intensified solvent extraction systems including impinging jets and small channels that show high mass transfer and reduced solvent use and have been successfully employed in the past for metal extractions.

In pharmaceutical processes the high cost associated with downstream processing aimed at the purification and recovery of target products is one of the major issues limiting the widespread use of many bio-base products. Separation processes and purification stages usually require numerous steps associated with high energy and chemicals consumption and represent a large percentage of the cost of the final product. Insufficient selectivity is a significant issue. In an one-step process this results in high product losses. The addition of a process auxiliary increases the number of impurities. The solvent should from a medicinal standpoint be as harmless as possible- a fact that dramatically limits the choice of agents. The use of ionic liquids can address this issue. Ionic liquids have high solvation capabilities and the potential to be green alternatives to conventional organic solvents. They have remarkable physicochemical properties such as low volatility, high thermal and chemical stability, low flammability. 

Aim-Objectives 
The aim of the project is to develop and exploit continuous intensified extractions of 'hydrophobic water' microemulsions based on ILs and to study their application in efficient pharmaceutical solvent extraction processes. The plan for the PhD research is shown below. 

Background
Extraction is a key purification tool in pharmaceutical manufacturing but is mostly done in batch operations. Problems occur with the formation of undesirable emulsions/phases and when extracting hydrophilic species. This research develops the chemistry and engineering of intensified/continuous extraction technology. Apart from traditional solvents, water-hydrophobic ionic liquid systems (IL) and ionic liquid based microemulsions will be used together with the intensified liquid extraction techniques to develop efficient continuous processes for Health. The work targets fast, flexible, low cost, reliable, and GMP-compliant pharmaceutical manufacturing technologies. EPSRC Research Areas addressed are: 1) Manufacturing Tech",Studentship,Closed,0,,,https://gtr.ukri.org/projects?ref=D45A282F-EE79-442E-9658-0066F4E17E36
D45D5D69-8C7E-4F10-A7B2-02071C597945,"UKRI Centre for Doctoral Training in Artificial Intelligence, Machine Learning and Advanced Computing","We live in a society dominated by information. The collection of data is an ongoing and continuous process, covering all
aspects of life, and the amount of data available in recent years has exploded. In order to make sense of this data, utilise it,
gain insights and draw conclusions, new computational methods to analyse and infer have been developed. This is often
described by the general terms &quot;artificial intelligence&quot; (AI), &quot;machine learning&quot; or &quot;deep learning&quot;, which relies on the
processing of information by computers to extract nontrivial information, without providing explicit models. Highly visible are
developments driven by social media, as this affects every person in a very explicit manner. However, AI is widely adopted
across the industrial sectors and hence underpins a successful growth of the UK's economy. Moreover, also in academic
research AI has become a toolset used across the disciplines, beyond the traditional realms of computer and data science.
Research in science, health and engineering relies on AI to support a wide range of activities, from the discovery of the
Higgs boson and gravitational waves via the detection of breast cancer and diabetic retinopathy to autonomous decision
making and human-machine interaction.
In order to sustain the industrial growth, it is necessary to train the next generation of highly-skilled AI users and
researchers. In this Centre for Doctoral Training, we deliver a training programme for doctoral researchers covering a broad
range of scientific and medical topics, and with industrial partners engaged at every level. AI relies on computing and with
data sets growing ever larger, the use of advanced computing skills, such as optimisation, parallelisation and scalability,
becomes a necessity for the bigger tasks. For that reason the CDT has joined forces with Supercomputing Wales (SCW), a
new &pound;15 million national supercomputing programme of investment, part-funded by the European Regional Development
Fund through the Welsh Government. The CDT will connect researchers working at universities in Wales (Swansea,
Cardiff, Aberystwyth and Bangor) and Bristol with regional and national industrial partners and with SCW. Our CDT is
therefore ideally placed to link AI and high-performance computing in a coordinated fashion across Wales and the South
West.
The academic foundation of our training programme is build on research excellence. We focus on three broad multi
disciplinary scientific, medical and computational areas, namely
- data from large science facilities, such as the Large Hadron Collider, the Square Kilometre Array and the Laser
Interferometer Gravitational-Wave Observatory;
- biological, health and clinical sciences, including access to electronic health records, maintained in the Secured
Anonymised Information Linkage databank;
- novel mathematical, physical and computer science approaches, driving future developments in e.g. visualisation,
collective intelligence and quantum machine learning.
Our researchers will therefore be part of cutting-edge global science activities, be able to modernise public health and
determine the future landscape of AI.
We recognise that AI is a multidisciplinary activity, which extends far beyond single disciplines or institutions. Training and
engagement will hence take place across the universities and industrial partners, which will stimulate interaction. Ideally, a
doctoral researcher should be able to apply their skills on a research topic in, say, health informatics, particle physics or
computer vision, and be able to contribute equally.
To ensure our training is aligned with the demands from industry, the CDT's industrial partners will co-create the training
programme, provide input in research problems and highlight industrial challenges. As a result our researchers will grow
into flexible and creative individuals, who will be fluent in AI skills and well-placed for both industry and academia.",Studentship,Closed,0,,,https://gtr.ukri.org/projects?ref=D45D5D69-8C7E-4F10-A7B2-02071C597945
