pair_id,researcher_id,researcher_name,researcher_domain,researcher_keywords,researcher_source,grant_id,grant_title,grant_abstract,grant_funder,grant_amount_gbp,grant_domain,grant_source,overlap_score,label
PAIR_0291,01103B71-79AE-4060-AFAD-291F3A9F8ECE,Yonghong Peng,Data Science & Statistics,"data science, statistical, big data, analytics, regression, bayesian",https://gtr.ukri.org/person/01103B71-79AE-4060-AFAD-291F3A9F8ECE,BD7CBF0C-C9A7-47FA-9AE4-00AA076FF470,Lakto – the novel milk filter that ‘fills and eliminates’ lactose,"A project to create a new, easy and low-cost way to produce lactose free milk at home, improving access to dairy milk and the nutritional content within for people that suffer from lactose Intolerance, and reducing food wastage from spoilt milk in households that currently purchase several milk types due to dietary requirements.",Feasibility Studies,0,Artificial Intelligence,https://gtr.ukri.org/projects?ref=BD7CBF0C-C9A7-47FA-9AE4-00AA076FF470,0.0,Bad Fit
PAIR_0100,00DD045C-4D5B-4C92-9996-2E487F5AFD95,David Littlewood,Cybersecurity & Computing,"cybersecurity, security, encryption, network, privacy, blockchain",https://gtr.ukri.org/person/00DD045C-4D5B-4C92-9996-2E487F5AFD95,07EA8DEB-ED66-4495-944A-01F7A59DFFB6,REPOXYBLE: Depolymerizable bio-based multifunctional closed loop recyclable epoxy systems for energy efficient structures,"Materials, especially advanced materials, are the backbone and source of prosperity of an industrial society” (Materials 2030 Manifesto). The Green Deal and the Digital Decade establish high-priority policies for Europe, where 70% of all technical innovations are directly or indirectly attributed to advanced materials. Lightweight and high-strength materials have consistently played a key role in ",EU-Funded,0,Engineering & Physics,https://gtr.ukri.org/projects?ref=07EA8DEB-ED66-4495-944A-01F7A59DFFB6,0.0667,Good Fit
PAIR_0217,0174F950-DD73-4DE1-B2DC-6F7E227CA073,Patrick Baker,Climate & Environment,"climate, carbon, greenhouse, sustainability, renewable, net zero",https://gtr.ukri.org/person/0174F950-DD73-4DE1-B2DC-6F7E227CA073,B10C0B15-61A6-4A9A-8D66-00FBF661195B,To observe and document SES-related individual differences in L1 ultimate attainment,"This project seeks to observe and document SES-related individual differences in L1 ultimate attainment, by recording adult native speakers' grammatical competence in online reading and comprehension tasks and exploring the potential relationship between SES-related correlates and lateacquired, syntactically complex constructions. A growing body of research has demonstrated that some native speake",Studentship,0,Social Sciences,https://gtr.ukri.org/projects?ref=B10C0B15-61A6-4A9A-8D66-00FBF661195B,0.0,Bad Fit
PAIR_0025,00CBBEF2-B62B-4720-B01C-CB8B2294324E,Sophia Ananiadou,Data Science & Statistics,"data science, statistical, big data, analytics, regression, bayesian",https://gtr.ukri.org/person/00CBBEF2-B62B-4720-B01C-CB8B2294324E,B1DC0121-F76E-4643-BF9E-0080812885A4,Intelligent engineering of multicomponent drug crystals,"Only one in five thousand drug molecules that are developed, reaches the market. One of the main factors for this low statistic is the fact that these drugs cannot be formulated in a way that can be easily dissolved and made readily available in the body to have the therapeutic effect required. For decades, researchers in academia and industry have been trying to improve this physical property of ",Research Grant,0,Artificial Intelligence,https://gtr.ukri.org/projects?ref=B1DC0121-F76E-4643-BF9E-0080812885A4,0.1429,Good Fit
PAIR_0202,00617D87-DD49-4D85-9C6D-D69BB8A58B62,Ian Henderson,Engineering & Physics,"engineering, materials, nanotechnology, quantum, photonics, semiconductor",https://gtr.ukri.org/person/00617D87-DD49-4D85-9C6D-D69BB8A58B62,A9CE07E7-C382-47B7-AE82-00FFFCBA693F,Defra / EA Fellowship: Professor Frances Bowen,"This project will fund a fellowship placement for a mid-career researcher to work for 9 months with the better regulation teams at the Department for Environment, Food and Rural Affairs (Defra) and the Environment Agency (EA). 'Better Regulation' is the UK government's approach to developing regulation that achieves the desired outcome while avoiding unintended consequences and limiting costs for ",Research Grant,0,Social Sciences,https://gtr.ukri.org/projects?ref=A9CE07E7-C382-47B7-AE82-00FFFCBA693F,0.0,Bad Fit
PAIR_0138,064994EC-762B-454D-9DCA-D4E5169EE34D,Frederick Livesey,Biomedical & Health,"cancer, diabetes, drug, clinical, biomedical, genomic",https://gtr.ukri.org/person/064994EC-762B-454D-9DCA-D4E5169EE34D,AB91365D-1840-4AF7-A18B-00DC0A31085F,Quantum Hive gravity system,"The Quantum Hive project is a joint initiative between the University of Birmingham (UoB) and Silicon Microgravity (SMG). It aims to deliver an innovative, viable way forward for commercialising the cold atom Quantum sensor developed at the UoB by adopting a hybrid approach with MEMS gravity sensors developed by SMG. Gravity sensors have historically struggled to gain commercial traction but by ad",Collaborative R&D,0,Climate & Environment,https://gtr.ukri.org/projects?ref=AB91365D-1840-4AF7-A18B-00DC0A31085F,0.0,Average Fit
PAIR_0237,00F53268-2492-40BB-9C1B-E3394E229112,Dave Rodger,Artificial Intelligence,"machine learning, deep learning, neural, artificial intelligence, computer vision, natural language",https://gtr.ukri.org/person/00F53268-2492-40BB-9C1B-E3394E229112,CA171124-34B1-4EDC-B1D5-0132D53AA5E5,Scheduling with Resource and Job Patterns,The project will bring together two streams of scheduling research which involve patterns of different types: resource patterns and job patterns. Resource patterns are typical for personnel scheduling problems and for project management; job patterns are usually studied within machine scheduling. In spite of the differences in the nature of two types of patterns and the differences in application ,Research Grant,0,Biomedical & Health,https://gtr.ukri.org/projects?ref=CA171124-34B1-4EDC-B1D5-0132D53AA5E5,0.0,Bad Fit
PAIR_0290,00532642-0CA1-4022-A929-7B2C4F4D1643,Eric James Hill,Engineering & Physics,"engineering, materials, nanotechnology, quantum, photonics, semiconductor",https://gtr.ukri.org/person/00532642-0CA1-4022-A929-7B2C4F4D1643,AFE6BF90-EBC4-439B-865C-01783E672153,Building Japanese research capacity around disability studies and sport to positively impact the lives of people with disabilities - 2020 and beyond,"The aim of this bid is to expand an already existing international collaboration and foster a long term sustainable multi-partner network in order to further develop our understanding in the field of disability studies and sport (DSS). This project will bring together a network of Social Sciences, Arts and Humanities (SSH) researchers across the UK and Japan, including ECRs, who will both strength",Research Grant,0,Social Sciences,https://gtr.ukri.org/projects?ref=AFE6BF90-EBC4-439B-865C-01783E672153,0.0,Bad Fit
PAIR_0061,0003D44F-1FBB-4D63-BDE2-E11D0B191A78,Anjam Khan,Artificial Intelligence,"machine learning, deep learning, neural, artificial intelligence, computer vision, natural language",https://gtr.ukri.org/person/0003D44F-1FBB-4D63-BDE2-E11D0B191A78,A9502E30-331D-429C-B5E0-00E4D3514397,New AI Applications to Large Astronomical Data Sets,"One of the pivotal challenges in astrophysics for the next decade and onward will be deciphering the enormous influx of data from new space and ground-based telescopes, surpassing the complexity of all existing astronomical data several times over. For scientific projects that produce huge data volumes, often referred to as &quot;big science&quot; (e.g., SKA, CERN), AI-driven decisions are increas",Studentship,0,Artificial Intelligence,https://gtr.ukri.org/projects?ref=A9502E30-331D-429C-B5E0-00E4D3514397,0.2143,Good Fit
PAIR_0088,00532642-0CA1-4022-A929-7B2C4F4D1643,Eric James Hill,Engineering & Physics,"engineering, materials, nanotechnology, quantum, photonics, semiconductor",https://gtr.ukri.org/person/00532642-0CA1-4022-A929-7B2C4F4D1643,D115C9EC-B542-477B-9F62-00870CF7459D,iSee - Intelligent Vision for Grasping,"Intelligent vision is a key enabler for future robotics technology. Shadow's recent development work on a disruptive universal gripper (launched at Innovate16) has identified a need for better vision to permit the automation of grasping. Building on R&amp;D at the University of Glasgow for over 20 years, the iSee project will establish concrete robot vision benchmarks, based on commercially releva",Research Grant,0,Artificial Intelligence,https://gtr.ukri.org/projects?ref=D115C9EC-B542-477B-9F62-00870CF7459D,0.125,Good Fit
PAIR_0128,0107EC77-84F3-4182-B8B2-AD73ED7E4BB0,Michelle McKinley,Biomedical & Health,"cancer, diabetes, drug, clinical, biomedical, genomic",https://gtr.ukri.org/person/0107EC77-84F3-4182-B8B2-AD73ED7E4BB0,CAABF5E9-4CBF-4460-9F40-00675247F686,Genome-wide association mapping and landscape scale modelling of heritable ionomic diversity in Arabidopsis thaliana populations,"The proposed research utilizes genetic approaches to identify the genes that control the way plants take up mineral nutrient found in fertilizers such as potassium and phosphorus and potential toxic substances such as sodium (for the plant), and arsenic and cadmium (for humans that eat the plants). By understanding how different forms of the genes we discover are used by plants to allow them to gr",Research Grant,0,Biology & Life Sciences,https://gtr.ukri.org/projects?ref=CAABF5E9-4CBF-4460-9F40-00675247F686,0.0556,Average Fit
PAIR_0147,014CFEB2-3043-440B-973B-8ABD8974DBF3,Kenneth Carslaw,Biomedical & Health,"cancer, diabetes, drug, clinical, biomedical, genomic",https://gtr.ukri.org/person/014CFEB2-3043-440B-973B-8ABD8974DBF3,987326A2-A4D9-4EAD-9557-00BE64B9C61A,WOOL to TURF,"Every year in the UK, sheep farmers shear millions of sheep, producing high-quality wool for textiles but also large amounts of low-grade wool with seemingly no use. This includes &quot;dag wool,&quot; contaminated with dirt and waste, and very short fibres that cannot be spun into yarn. Around 4,000 tonnes of this material is produced annually, most of it with little or no value. Farmers often bu",Collaborative R&D,0,Climate & Environment,https://gtr.ukri.org/projects?ref=987326A2-A4D9-4EAD-9557-00BE64B9C61A,0.0556,Average Fit
PAIR_0092,0003D44F-1FBB-4D63-BDE2-E11D0B191A78,Anjam Khan,Artificial Intelligence,"machine learning, deep learning, neural, artificial intelligence, computer vision, natural language",https://gtr.ukri.org/person/0003D44F-1FBB-4D63-BDE2-E11D0B191A78,A34392A7-55D1-4892-8EBE-01DAA74F7882,Longitudinal structural and cognitive functional imaging and outcome prediction in focal epilepsy treated with gene therapy and surgical resection.,"Background:
In people whose epilepsy does not respond to epilepsy medications (drug refractory epilepsy), epilepsy surgery to remove the part of the brain where seizures arise (the epileptic zone), may be an option. One of the most serious complications of epilepsy surgery is memory and language decline if critical brain areas are removed during surgery. This affects quality of life after surgery ",Research Grant,0,Biomedical & Health,https://gtr.ukri.org/projects?ref=A34392A7-55D1-4892-8EBE-01DAA74F7882,0.2857,Good Fit
PAIR_0079,002398B2-6E97-4D5A-BD3B-D195463D7AE2,Nicola Festuccia,Artificial Intelligence,"machine learning, deep learning, neural, artificial intelligence, computer vision, natural language",https://gtr.ukri.org/person/002398B2-6E97-4D5A-BD3B-D195463D7AE2,B63BDE23-4706-4A3F-AF79-019BD32E21C4,GeoNutrition - tackling hidden hunger in Sub-Saharan Africa,"Mineral Micronutrient Deficiencies (MNDs) are widespread in sub-Saharan Africa (SSA). MNDs (a.k.a. hidden hunger) have a major detrimental effect on human health which constrains economic growth and efforts to alleviate poverty. Alleviating MNDs is a major component of the second Sustainable Development Goal (SDG2), to &quot;End hunger, achieve food security and improved nutrition and promote sust",Research Grant,0,Biology & Life Sciences,https://gtr.ukri.org/projects?ref=B63BDE23-4706-4A3F-AF79-019BD32E21C4,0.1429,Good Fit
PAIR_0120,00F321B5-04E7-4C82-BA1A-93F5FAC79B20,Christopher Petkov,Biology & Life Sciences,"biology, genetics, cell, molecular, microbiology, neuroscience",https://gtr.ukri.org/person/00F321B5-04E7-4C82-BA1A-93F5FAC79B20,07828D21-A20E-4368-9D88-015A30686E6F,Role of avian dendritic cells,"Abstracts are not currently available in GtR for all funded research. This is normally because the abstract was not required at the time of proposal submission, but may be because it included sensitive information such as personal details.",Institute Project,0,Artificial Intelligence,https://gtr.ukri.org/projects?ref=07828D21-A20E-4368-9D88-015A30686E6F,0.0556,Average Fit
PAIR_0136,00122ACF-107C-4C9D-A646-FD492352D7D0,Simon Beddows,Engineering & Physics,"engineering, materials, nanotechnology, quantum, photonics, semiconductor",https://gtr.ukri.org/person/00122ACF-107C-4C9D-A646-FD492352D7D0,C0886E63-3ADF-4DD7-8EDD-01D83EA345A2,The Global Methane Budget,"Methane is the second most important greenhouse gas contributing to human-induced global warming. Atmospheric methane concentrations have increased sharply since 2007, and dramatically in 2014, for reasons that are not understood. 

The overall increase since 2007 is comparable to the largest growth events over the past 1000 years. The recent rises have occurred worldwide, but after an Arctic puls",Research Grant,0,Climate & Environment,https://gtr.ukri.org/projects?ref=C0886E63-3ADF-4DD7-8EDD-01D83EA345A2,0.0,Average Fit
PAIR_0041,002398B2-6E97-4D5A-BD3B-D195463D7AE2,Nicola Festuccia,Artificial Intelligence,"machine learning, deep learning, neural, artificial intelligence, computer vision, natural language",https://gtr.ukri.org/person/002398B2-6E97-4D5A-BD3B-D195463D7AE2,BBAD08CB-426F-4ED0-8C04-00981DAE0912,INNATE Investigating the nature and origins of exoplanets in the Neptunian desert,"Our knowledge of exoplanets has undergone a step change since the discovery of 51 Peg b 25 years ago. Planets are now commonplace, with most stars found to be hosting planetary systems. In the set of over 4300 planets known, trends and gaps in the distribution are seen with respect to planet size, composition and host star properties, arising from the formation and evolution processes which sculpt",Research Grant,0,Biology & Life Sciences,https://gtr.ukri.org/projects?ref=BBAD08CB-426F-4ED0-8C04-00981DAE0912,0.0714,Good Fit
PAIR_0144,0045DBDF-966E-46AB-9209-D8F9CBE4B1FC,Maria Appleyard,Social Sciences,"social, inequality, education, poverty, policy, community",https://gtr.ukri.org/person/0045DBDF-966E-46AB-9209-D8F9CBE4B1FC,007662E8-5AFF-497A-A1FD-00246571593F,Probing the structure and function of a super-rogue photosystem II complex involved in chlorophyll f synthesis,There is an urgent need to develop new strategies to improve crop yield to feed the ever-growing global population. Crop plants grow because they use the energy of sunlight to drive the conversion of atmospheric carbon dioxide into biomass. This process of photosynthesis is relatively inefficient with much less than 1% of the incident solar energy converted into stored chemical energy. One straigh,Research Grant,0,Biology & Life Sciences,https://gtr.ukri.org/projects?ref=007662E8-5AFF-497A-A1FD-00246571593F,0.0,Average Fit
PAIR_0145,06958A48-8D6D-4E9C-B204-570E76AB3CAA,Pat Doyle,Cybersecurity & Computing,"cybersecurity, security, encryption, network, privacy, blockchain",https://gtr.ukri.org/person/06958A48-8D6D-4E9C-B204-570E76AB3CAA,A9086373-AA79-4F10-9743-005D1737539F,Battery and BMS Certification Pilot (BBCP),"In regions like Asia, notably India, electric bus OEMs grapple with battery pack challenges due to scorching climates, where temperatures often exceed 40&deg;C for over half the year. This leads to premature battery replacement, despite buses being designed to last 12 years. Faraday Battery (FaradayB) aims to combat this by developing a pilot battery pack operable from -20&deg;C to 50&deg;C, tailo",Collaborative R&D,0,Artificial Intelligence,https://gtr.ukri.org/projects?ref=A9086373-AA79-4F10-9743-005D1737539F,0.0,Average Fit
PAIR_0248,0107EC77-84F3-4182-B8B2-AD73ED7E4BB0,Michelle McKinley,Biomedical & Health,"cancer, diabetes, drug, clinical, biomedical, genomic",https://gtr.ukri.org/person/0107EC77-84F3-4182-B8B2-AD73ED7E4BB0,C4C0FE34-99A7-4628-BE09-012EC86C559A,SUPERGEN: Delivery of Sustainable Hydrogen,"We seek to deliver new technologies capable of clean and cost-effective conversion of low-carbon electricity and various carbon sources, including biomass and waste, into hydrogen. We have set up a consortium to address this target involving 14 University research groups. This will achieve significant critical mass and provide a proactive consortium, well linked to a range of industrial actors, to",Research Grant,0,Climate & Environment,https://gtr.ukri.org/projects?ref=C4C0FE34-99A7-4628-BE09-012EC86C559A,0.0,Bad Fit
PAIR_0196,064AF9D4-C0EA-47C5-AAC2-BD5AD0407FCB,Jane Parker,Data Science & Statistics,"data science, statistical, big data, analytics, regression, bayesian",https://gtr.ukri.org/person/064AF9D4-C0EA-47C5-AAC2-BD5AD0407FCB,BFBBAC21-1735-42FA-A8C4-0067E0E2EC5E,SA-ISO and CREST certification,"We are a specialist IT/Data Security &amp; Compliance company with many years of direct security experience and industry relevant qualifications, providing a niche service offering to forward thinking businesses. We specialise in the following services:Penetration Testing (Ethical hacking)Cybersecurity Consultancy3rd Party Audit and Due DiligenceWebsite SecurityApplication/Software SecurityNetwork",Vouchers,0,Cybersecurity & Computing,https://gtr.ukri.org/projects?ref=BFBBAC21-1735-42FA-A8C4-0067E0E2EC5E,0.0,Average Fit
PAIR_0287,00DD045C-4D5B-4C92-9996-2E487F5AFD95,David Littlewood,Cybersecurity & Computing,"cybersecurity, security, encryption, network, privacy, blockchain",https://gtr.ukri.org/person/00DD045C-4D5B-4C92-9996-2E487F5AFD95,99B8254B-67C7-4F3E-852F-0105C5BC98C0,Determining the persister populations in sputum during tuberculosis therapy. A supplementary study to the RIFASHORT trial.,"Nearly ten million people developed TB in 2014 and 1.5 million died. Although drug resistance is a serious problem, the vast majority of infections are treatable with standard antibiotics effective against the TB bacterium, known as Mtb, which causes this devastating disease. 
Treatment of TB currently requires patients to take antibiotics for 6 months. Even after this the disease returns in up to",Research Grant,0,Biomedical & Health,https://gtr.ukri.org/projects?ref=99B8254B-67C7-4F3E-852F-0105C5BC98C0,0.0,Bad Fit
PAIR_0151,014CFEB2-3043-440B-973B-8ABD8974DBF3,Kenneth Carslaw,Biomedical & Health,"cancer, diabetes, drug, clinical, biomedical, genomic",https://gtr.ukri.org/person/014CFEB2-3043-440B-973B-8ABD8974DBF3,BB525BE1-6080-4537-A3E0-00E0849BD0BA,Development of Smart Hydrogel Oscillators,"Smart hydrogels have become a popular area of research which covers everything from temperature and pH stimulated gel-based systems [1] to more complex fields such as biomimetic [2] and electrochemical systems [3]. Research on these systems has reinforced the core concept that the ability of these systems to swell and absorb fluids while retaining their structure [4], followed by, the subsequent c",Studentship,0,Engineering & Physics,https://gtr.ukri.org/projects?ref=BB525BE1-6080-4537-A3E0-00E0849BD0BA,0.0556,Average Fit
PAIR_0231,008605AC-4E7A-4CEE-B1FD-0203BCF68AC8,Alan Bowman,Climate & Environment,"climate, carbon, greenhouse, sustainability, renewable, net zero",https://gtr.ukri.org/person/008605AC-4E7A-4CEE-B1FD-0203BCF68AC8,C4BF8CA8-B3FB-4979-BDC9-01A924BB69FC,Entropic Stabilization of Hybrid Perovskites,"Hybrid perovskites have revolutionized solar research in the past decade. Materials such as MAPI (CH3NH3PbI3) can act as absorber and is also able to separate charge over large distances, and power conversion efficiencies have risen beyond 20% as a result of this. One of the concerns that has troubled researchers is the degradation of the materials in the presence of water via transfer of the meth",Studentship,0,Engineering & Physics,https://gtr.ukri.org/projects?ref=C4BF8CA8-B3FB-4979-BDC9-01A924BB69FC,0.0,Bad Fit
PAIR_0009,00AF0809-D14D-4147-BE92-6FC2CF313B28,Peter Keightley,Artificial Intelligence,"machine learning, deep learning, neural, artificial intelligence, computer vision, natural language",https://gtr.ukri.org/person/00AF0809-D14D-4147-BE92-6FC2CF313B28,0D4FB24F-91B7-400B-BAD1-01BB249985A1,De Montfort University And 4G Design Limited,"To develop and embed new approaches to sustainable design in retail fixturing, presenting validated quantifiable benefits of the commercial impact of new designs and materials.",Knowledge Transfer Partnership,0,Artificial Intelligence,https://gtr.ukri.org/projects?ref=0D4FB24F-91B7-400B-BAD1-01BB249985A1,0.0714,Good Fit
PAIR_0072,01222E1F-13BA-40DE-A5AB-251A80992C3C,Edward Codling,Cybersecurity & Computing,"cybersecurity, security, encryption, network, privacy, blockchain",https://gtr.ukri.org/person/01222E1F-13BA-40DE-A5AB-251A80992C3C,12B7286D-A22B-4BD2-8149-0141D1189569,Geographical Information System e-Science: developing a roadmap,"Over recent years the range of electronic data sources of potential interest to arts and humanities scholars has proliferated at a dramatic pace. Both the sheer volume of cultural heritage content has increased, as has the multimedia nature of these materials. In the past e-resources were generally restricted to electronic texts whether qualitative or quantitative. Now a plethora of material in a ",Research Grant,0,Cybersecurity & Computing,https://gtr.ukri.org/projects?ref=12B7286D-A22B-4BD2-8149-0141D1189569,0.2667,Good Fit
PAIR_0035,009A36C7-DBA2-40E0-9F7C-D03301FF9E2D,David Shanks,Engineering & Physics,"engineering, materials, nanotechnology, quantum, photonics, semiconductor",https://gtr.ukri.org/person/009A36C7-DBA2-40E0-9F7C-D03301FF9E2D,BF6A5872-1349-4F0C-98F8-0096CA41ECCA,Application of machine learning in molecular materials discovery,"This project will investigate the use of machine learning, in particular neural networks, for the discovery of new molecular materials. This will focus on porous molecular materials, investigating their formation reactions and properties for separation applications. It will also investigate other organic molecular materials, such as organic molecules for water splitting and hole transport material",Studentship,0,Artificial Intelligence,https://gtr.ukri.org/projects?ref=BF6A5872-1349-4F0C-98F8-0096CA41ECCA,0.0625,Good Fit
PAIR_0276,01103B71-79AE-4060-AFAD-291F3A9F8ECE,Yonghong Peng,Data Science & Statistics,"data science, statistical, big data, analytics, regression, bayesian",https://gtr.ukri.org/person/01103B71-79AE-4060-AFAD-291F3A9F8ECE,0525139E-02B2-4AEB-A8FF-00A621E82482,Designing and exploring new quantum materials based on Fermi surface topological transitions,"Abstracts are not currently available in GtR for all funded research. This is normally because the abstract was not required at the time of proposal submission, but may be because it included sensitive information such as personal details.",Research Grant,0,Engineering & Physics,https://gtr.ukri.org/projects?ref=0525139E-02B2-4AEB-A8FF-00A621E82482,0.0,Bad Fit
PAIR_0084,00549524-FBFA-487B-BCFD-5E09C2330D59,Luc Bussiere,Biology & Life Sciences,"biology, genetics, cell, molecular, microbiology, neuroscience",https://gtr.ukri.org/person/00549524-FBFA-487B-BCFD-5E09C2330D59,9CA4E0B4-2108-4C3A-923F-00B1E984E05F,Exploring interventions to maintain and prolong healthy skin function for an ageing population,"Life expectancy globally and in the UK has increased and this brings many health-related challenges, including how best to support and maintain health in older people. Ageing affects every organ in our body, including our skin. As we age, the function of our skin declines; it becomes more fragile, its strength and resilience are reduced and, when challenged, it is less able to repair any damage. T",Research Grant,0,Biology & Life Sciences,https://gtr.ukri.org/projects?ref=9CA4E0B4-2108-4C3A-923F-00B1E984E05F,0.1667,Good Fit
PAIR_0219,014CFEB2-3043-440B-973B-8ABD8974DBF3,Kenneth Carslaw,Biomedical & Health,"cancer, diabetes, drug, clinical, biomedical, genomic",https://gtr.ukri.org/person/014CFEB2-3043-440B-973B-8ABD8974DBF3,02F3633C-D09A-40F6-A13C-008DE4798432,PATT Linked Grant for observational astrophysics at QUB: 2016 - 2018,"Our proposal seeks to renew the PATT Linked Grant at Queen's University Belfast. This award will cover our travel and subsistence costs to both STFC and non-STFC observing facilities. The major topics of observational astrophysics research to be covered by the PATT Linked Grant include: 


- investigations of supernovae and the end stages of stellar evolution; 

- high temporal, spatial and spectr",Research Grant,0,Cybersecurity & Computing,https://gtr.ukri.org/projects?ref=02F3633C-D09A-40F6-A13C-008DE4798432,0.0,Bad Fit
PAIR_0289,00549524-FBFA-487B-BCFD-5E09C2330D59,Luc Bussiere,Biology & Life Sciences,"biology, genetics, cell, molecular, microbiology, neuroscience",https://gtr.ukri.org/person/00549524-FBFA-487B-BCFD-5E09C2330D59,12B11A9F-EEC6-4F42-9D0E-002099A6D5D4,C-FORCE: Carbon-Cycle Feedbacks from Response to Carbon Emissions,"The dominant driver of anthropogenic global warming is the increasing amount of the greenhouse gas carbon dioxide in the atmosphere. This is increasing because it is being emitted by the burning of fossil fuel, deforestation and cement making, with only ~45% staying in the atmosphere. The rest is stored in other reservoirs at or near Earth's surface including the ocean, trees, soils, permafrost an",Research Grant,0,Climate & Environment,https://gtr.ukri.org/projects?ref=12B11A9F-EEC6-4F42-9D0E-002099A6D5D4,0.0,Bad Fit
PAIR_0042,00F53268-2492-40BB-9C1B-E3394E229112,Dave Rodger,Artificial Intelligence,"machine learning, deep learning, neural, artificial intelligence, computer vision, natural language",https://gtr.ukri.org/person/00F53268-2492-40BB-9C1B-E3394E229112,989A034D-6E1D-46D1-A0DF-017521C01D57,STFC Bristol 2015 DTP,"Doctoral Training Partnerships: a range of postgraduate training is funded by the Research Councils. For information on current funding routes, see the common terminology at https://www.ukri.org/apply-for-funding/how-we-fund-studentships/. Training grants may be to one organisation or to a consortia of research organisations. This portal will show the lead organisation only.",Training Grant,0,Artificial Intelligence,https://gtr.ukri.org/projects?ref=989A034D-6E1D-46D1-A0DF-017521C01D57,0.0714,Good Fit
PAIR_0268,0066B5FC-8A64-4FF0-9F26-19CCCAEFA2A6,Mark Saunders,Biology & Life Sciences,"biology, genetics, cell, molecular, microbiology, neuroscience",https://gtr.ukri.org/person/0066B5FC-8A64-4FF0-9F26-19CCCAEFA2A6,CC6EB366-D1B6-484C-85F8-0175AA6D0F0B,Integrated Land &amp; Water Management in Floodplains: Experience of Agricultural Flood Defence Schemes in England and Wales,"Abstracts are not currently available in GtR for all funded research. This is normally because the abstract was not required at the time of proposal submission, but may be because it included sensitive information such as personal details.",Research Grant,0,Artificial Intelligence,https://gtr.ukri.org/projects?ref=CC6EB366-D1B6-484C-85F8-0175AA6D0F0B,0.0,Bad Fit
PAIR_0047,00F321B5-04E7-4C82-BA1A-93F5FAC79B20,Christopher Petkov,Biology & Life Sciences,"biology, genetics, cell, molecular, microbiology, neuroscience",https://gtr.ukri.org/person/00F321B5-04E7-4C82-BA1A-93F5FAC79B20,01E6F588-13F6-461E-AEB0-00B2FCEAAFD5,"MUSHFORM: Transforming Spent Mushroom Substrate into High-Performance, Chemical-Free Pulp Moulded Packaging","Imagine if the containers holding your supermarket mushrooms were made from the waste generated growing those same mushrooms. That circular vision is exactly what MUSHFORM aims to prove.

**The Double Problem We're Solving**

UK mushroom farms produce over 100,000 tonnes of delicious mushrooms annually---but create over 500,000 cubic metres of &quot;spent substrate&quot; waste, costing growers &po",Collaborative R&D,0,Engineering & Physics,https://gtr.ukri.org/projects?ref=01E6F588-13F6-461E-AEB0-00B2FCEAAFD5,0.1111,Good Fit
PAIR_0242,01103B71-79AE-4060-AFAD-291F3A9F8ECE,Yonghong Peng,Data Science & Statistics,"data science, statistical, big data, analytics, regression, bayesian",https://gtr.ukri.org/person/01103B71-79AE-4060-AFAD-291F3A9F8ECE,B8F1E626-8F83-402D-B5A4-00671DEA4A05,Museums in the Metaverse,"This project will create a two-sided Museums in the Metaverse platform empowering online visitors to explore vast cultural assets in engaging new ways; enable novice and expert curators to create new content; and explore models of use to support sustainable economic and cultural growth.

Virtual museums can escape the physical and geographical constraints that curtail traditional museums. Those co",Collaborative R&D,0,Social Sciences,https://gtr.ukri.org/projects?ref=B8F1E626-8F83-402D-B5A4-00671DEA4A05,0.0,Bad Fit
PAIR_0081,0056D0F9-7813-4FBF-9FC4-57F49B0BA209,Peter Somogyi,Artificial Intelligence,"machine learning, deep learning, neural, artificial intelligence, computer vision, natural language",https://gtr.ukri.org/person/0056D0F9-7813-4FBF-9FC4-57F49B0BA209,9CA4E0B4-2108-4C3A-923F-00B1E984E05F,Exploring interventions to maintain and prolong healthy skin function for an ageing population,"Life expectancy globally and in the UK has increased and this brings many health-related challenges, including how best to support and maintain health in older people. Ageing affects every organ in our body, including our skin. As we age, the function of our skin declines; it becomes more fragile, its strength and resilience are reduced and, when challenged, it is less able to repair any damage. T",Research Grant,0,Biology & Life Sciences,https://gtr.ukri.org/projects?ref=9CA4E0B4-2108-4C3A-923F-00B1E984E05F,0.0714,Good Fit
PAIR_0240,013D30AF-EA7A-4373-A2EF-8BE82CE5DF44,David Choi,Data Science & Statistics,"data science, statistical, big data, analytics, regression, bayesian",https://gtr.ukri.org/person/013D30AF-EA7A-4373-A2EF-8BE82CE5DF44,0F034CA5-3F91-413D-AC76-01A853C0D890,"Collaborative Doctoral 2010 Grant - The Development of Private Housing in London since 1870: Markets, Innovation and Lifestyles","Doctoral Training Partnerships: a range of postgraduate training is funded by the Research Councils. For information on current funding routes, see the common terminology at https://www.ukri.org/apply-for-funding/how-we-fund-studentships/. Training grants may be to one organisation or to a consortia of research organisations. This portal will show the lead organisation only.",Training Grant,0,Artificial Intelligence,https://gtr.ukri.org/projects?ref=0F034CA5-3F91-413D-AC76-01A853C0D890,0.0,Bad Fit
PAIR_0141,00C1BE70-2524-471C-BA0E-BA07A0FC0C07,David Ryan Glowacki,Biomedical & Health,"cancer, diabetes, drug, clinical, biomedical, genomic",https://gtr.ukri.org/person/00C1BE70-2524-471C-BA0E-BA07A0FC0C07,0AF5D063-4580-42D4-B9A9-005CAB06FD35,Literary Mapping: Dickens and the Dynamics of Place,"Along with a large collection of nineteenth-century maps of London and topographical materials, The Museum of London (MoL) holds a series of 41 watercolours painted 1860-1870 by J.L. Stewart of 'real places' in Dickens's novels. The Bishopsgate Institute holds a further 60 Victorian watercolours of Dickensian places. Other holdings at MoL include paintings, panoramas, and stereographic images; the",Training Grant,0,Artificial Intelligence,https://gtr.ukri.org/projects?ref=0AF5D063-4580-42D4-B9A9-005CAB06FD35,0.0,Average Fit
PAIR_0255,0107EC77-84F3-4182-B8B2-AD73ED7E4BB0,Michelle McKinley,Biomedical & Health,"cancer, diabetes, drug, clinical, biomedical, genomic",https://gtr.ukri.org/person/0107EC77-84F3-4182-B8B2-AD73ED7E4BB0,A801D76F-ADCA-4143-AD4A-01CEF616DD0F,Interpreting and targeting NERC-funded research outputs to inform and influence marine policy,"Knowledge exchange activities are often limited in funding, and the communication formats respected in the scientific community, such as peer-reviewed publications and scientific conference talks, are not appropriate to disseminate research to policy and decision makers. Policy makers and scientists communicate in their own jargon-centric languages, which leads to miscommunications and lack of und",Fellowship,0,Social Sciences,https://gtr.ukri.org/projects?ref=A801D76F-ADCA-4143-AD4A-01CEF616DD0F,0.0,Bad Fit
PAIR_0044,001743F2-D7F0-4DC0-912A-ACB441351939,Laura Conforti,Biology & Life Sciences,"biology, genetics, cell, molecular, microbiology, neuroscience",https://gtr.ukri.org/person/001743F2-D7F0-4DC0-912A-ACB441351939,0C8EFA4E-C025-4E68-9E67-009F0D44E7B4,Molecular recognition in post-transcriptional regulation 2,"The functioning of the human body and of complex organisms in general requires different proteins to be produced in different types of cells. This cell-type-specific protein production is achieved by precisely regulating the translation of the genetic code into proteins. The two steps in this process of translation are, first, the translation of the DNA-encoded information into RNA and, then, the ",Intramural,0,Biomedical & Health,https://gtr.ukri.org/projects?ref=0C8EFA4E-C025-4E68-9E67-009F0D44E7B4,0.3889,Good Fit
PAIR_0003,00E88C58-EA16-4756-856A-E77DF428EDF0,Nicola Holden,Engineering & Physics,"engineering, materials, nanotechnology, quantum, photonics, semiconductor",https://gtr.ukri.org/person/00E88C58-EA16-4756-856A-E77DF428EDF0,CB887CC7-BE83-4EF7-8451-01D3B37C59A7,Advanced high fidelity modelling of woven composites,"In the last decades, advanced composite laminates have represented one of the most used material technologies able to ensure unparalleled performance in terms of strength to weight ratio and range of applicability. However, the newest aerospace engineering challenges has led to ever increasing demand for better mechanical properties and higher reliability. Traditionally, the composites laminate ex",Studentship,0,Engineering & Physics,https://gtr.ukri.org/projects?ref=CB887CC7-BE83-4EF7-8451-01D3B37C59A7,0.375,Good Fit
PAIR_0206,008605AC-4E7A-4CEE-B1FD-0203BCF68AC8,Alan Bowman,Climate & Environment,"climate, carbon, greenhouse, sustainability, renewable, net zero",https://gtr.ukri.org/person/008605AC-4E7A-4CEE-B1FD-0203BCF68AC8,C723D537-1AC6-4729-A749-01DD8316D0A3,Ages and Stages: translating research into practice,"This proposal builds on - and extends to new audiences and user communities - our NDA funded research project (2009-2012) entitled Ages and Stages: The Place of Theatre in Representations and Recollections of Ageing. It aims to develop some of the activities and research-led learning from that project and, in so doing, reach out to - and bring together - user communities who may not traditionally ",Research Grant,0,Social Sciences,https://gtr.ukri.org/projects?ref=C723D537-1AC6-4729-A749-01DD8316D0A3,0.0,Bad Fit
PAIR_0254,01714BCA-091E-4307-BE4D-816D46710A6A,Alessandro Sardini,Engineering & Physics,"engineering, materials, nanotechnology, quantum, photonics, semiconductor",https://gtr.ukri.org/person/01714BCA-091E-4307-BE4D-816D46710A6A,D18AC60D-EDF6-411B-8887-000259E64BDD,The Lowdown - An AI-based medical device that uniquely combines clinical guidance with real user experience to support improved contraceptive understanding and use.,"With the combined support of Innovate-UK and investment finance, Get The Lowdown Ltd (GTLD) will develop the first dedicated and clinically validated platform that combines the latest clinical guidance with real user experience to provide tailored contraceptive advice specific to the user across all forms of contraception and in doing so reducing the need for an appointment with a healthcare profe",Collaborative R&D,0,Biomedical & Health,https://gtr.ukri.org/projects?ref=D18AC60D-EDF6-411B-8887-000259E64BDD,0.0,Bad Fit
PAIR_0014,0172F194-864E-4641-95A2-BD92C8CB1834,Martin Brand,Biology & Life Sciences,"biology, genetics, cell, molecular, microbiology, neuroscience",https://gtr.ukri.org/person/0172F194-864E-4641-95A2-BD92C8CB1834,0C8EFA4E-C025-4E68-9E67-009F0D44E7B4,Molecular recognition in post-transcriptional regulation 2,"The functioning of the human body and of complex organisms in general requires different proteins to be produced in different types of cells. This cell-type-specific protein production is achieved by precisely regulating the translation of the genetic code into proteins. The two steps in this process of translation are, first, the translation of the DNA-encoded information into RNA and, then, the ",Intramural,0,Biomedical & Health,https://gtr.ukri.org/projects?ref=0C8EFA4E-C025-4E68-9E67-009F0D44E7B4,0.3889,Good Fit
PAIR_0034,014B5D50-1B76-4A7B-8435-A653096C475F,Giuseppe Battaglia,Cybersecurity & Computing,"cybersecurity, security, encryption, network, privacy, blockchain",https://gtr.ukri.org/person/014B5D50-1B76-4A7B-8435-A653096C475F,A72795E7-6DB1-4F65-9DDB-0158A7609097,"Application of High-Fidelity, High-Speed Remote Entanglement of Trapped Ion Qubits to Fundamental Quantum Information Processing","Trapped ions have many useful properties that make them a suitable candidate for the implementation of quantum algorithms, such as long coherence times and the ability to entangle them in a highly controllable way through the mutual Coulomb repulsion of the ions that mediates a coupling between them. However, the number of qubits must be significantly increased to render quantum information proces",Studentship,0,Artificial Intelligence,https://gtr.ukri.org/projects?ref=A72795E7-6DB1-4F65-9DDB-0158A7609097,0.0667,Good Fit
PAIR_0258,0174F950-DD73-4DE1-B2DC-6F7E227CA073,Patrick Baker,Climate & Environment,"climate, carbon, greenhouse, sustainability, renewable, net zero",https://gtr.ukri.org/person/0174F950-DD73-4DE1-B2DC-6F7E227CA073,C35A668D-8FE1-444F-A215-00CF03515307,Thick Complex 3D Micro-Structure Manufacturing,"IBEX Innovations, a developer of advanced X-ray detectors for low-dose, high contrast imaging, are looking to identify techniques to manufacture a complex repeating 3D micro-scale structure at a thickness beyond what can be achieved using traditional electroforming methods.",Vouchers,0,Biomedical & Health,https://gtr.ukri.org/projects?ref=C35A668D-8FE1-444F-A215-00CF03515307,0.0,Bad Fit
PAIR_0010,014B5D50-1B76-4A7B-8435-A653096C475F,Giuseppe Battaglia,Cybersecurity & Computing,"cybersecurity, security, encryption, network, privacy, blockchain",https://gtr.ukri.org/person/014B5D50-1B76-4A7B-8435-A653096C475F,9CF669CB-6F23-4BB3-8DBD-00182DCCDB63,"Artists, Conservators and Game Developers: A comparative study of software preservation in three domains","The central research questions for this doctorate are:
How are artists documenting, preserving and maintaining their software-based art?
How do those processes differ from preservation processes within collecting institutions and the gaming industry, and why are they different?
What can we learn from the processes and practices of artists and the gaming industry that might inform the conservation ",Studentship,0,Artificial Intelligence,https://gtr.ukri.org/projects?ref=9CF669CB-6F23-4BB3-8DBD-00182DCCDB63,0.0667,Good Fit
PAIR_0053,0056D0F9-7813-4FBF-9FC4-57F49B0BA209,Peter Somogyi,Artificial Intelligence,"machine learning, deep learning, neural, artificial intelligence, computer vision, natural language",https://gtr.ukri.org/person/0056D0F9-7813-4FBF-9FC4-57F49B0BA209,ABE24E15-98C8-4EEC-8C01-0138FDC213C7,Listen to us! The psychosocial impact of COVID-19 on adolescents - A mixed-methods study,"The continued impact of COVID-19 on adolescent mental health, educational attainment and future prospects is of great concern. The aim of our proposed study is to capture the experiences of adolescents as the pandemic unfolds and longer-term societal and economic consequences emerge. Adolescents may be of particular risk for adverse effects due to COVID-19 as this is a period of increased risk for",Research Grant,0,Social Sciences,https://gtr.ukri.org/projects?ref=ABE24E15-98C8-4EEC-8C01-0138FDC213C7,0.0714,Good Fit
PAIR_0292,014B5D50-1B76-4A7B-8435-A653096C475F,Giuseppe Battaglia,Cybersecurity & Computing,"cybersecurity, security, encryption, network, privacy, blockchain",https://gtr.ukri.org/person/014B5D50-1B76-4A7B-8435-A653096C475F,0E31DE04-5865-4A32-8DBB-002258C175BD,Video Timelines,"Abstracts are not currently available in GtR for all funded research. This is normally because the abstract was not required at the time of proposal submission, but may be because it included sensitive information such as personal details.",Feasibility Studies,0,Artificial Intelligence,https://gtr.ukri.org/projects?ref=0E31DE04-5865-4A32-8DBB-002258C175BD,0.0,Bad Fit
PAIR_0142,06958A48-8D6D-4E9C-B204-570E76AB3CAA,Pat Doyle,Cybersecurity & Computing,"cybersecurity, security, encryption, network, privacy, blockchain",https://gtr.ukri.org/person/06958A48-8D6D-4E9C-B204-570E76AB3CAA,BEA26281-78D5-4B56-834A-0038E625BC78,"HIV prevention in Tanzania: the role of types of sexual partnerships, early sexual histories and community factors","Nature of proposed research
HIV prevention among young people is an urgent priority. Research has shown that prevention interventions such as sex education in schools can increase knowledge about HIV and sexual and reproductive health. However, such interventions have not been able to reduce the number of young people infected with HIV and other sexually transmitted infections (STI). There is a ga",Fellowship,0,Social Sciences,https://gtr.ukri.org/projects?ref=BEA26281-78D5-4B56-834A-0038E625BC78,0.0,Average Fit
PAIR_0083,008014C3-24AB-4258-B493-9A4B3CC93A69,Jeffrey Hammond,Artificial Intelligence,"machine learning, deep learning, neural, artificial intelligence, computer vision, natural language",https://gtr.ukri.org/person/008014C3-24AB-4258-B493-9A4B3CC93A69,09E9D9A8-C863-48AA-B42B-004D4B4A472D,Open Access Block Award 2023 - Armagh Observatory and Planetarium,"Abstracts are not currently available in GtR for all funded research. This is normally because the abstract was not required at the time of proposal submission, but may be because it included sensitive information such as personal details.",Research Grant,0,Artificial Intelligence,https://gtr.ukri.org/projects?ref=09E9D9A8-C863-48AA-B42B-004D4B4A472D,0.0714,Good Fit
PAIR_0071,0056D0F9-7813-4FBF-9FC4-57F49B0BA209,Peter Somogyi,Artificial Intelligence,"machine learning, deep learning, neural, artificial intelligence, computer vision, natural language",https://gtr.ukri.org/person/0056D0F9-7813-4FBF-9FC4-57F49B0BA209,AB48F86D-0958-4C15-BF0D-01B12D608025,Golf for Healthy Ageing,"**Golf in Society CIC is driving a fast-growing social movement.**

We are introducing the social, health and wellbeing benefits of golf to our ageing population.

Older people with diagnosed health conditions enjoy moderate exercise, discover a renewed sense of purpose, enjoy the beautiful outdoors and meet new people. They discover how their local golf club can become an integral part of a happi",Small Business Research Initiative,0,Biomedical & Health,https://gtr.ukri.org/projects?ref=AB48F86D-0958-4C15-BF0D-01B12D608025,0.0714,Good Fit
PAIR_0087,01222E1F-13BA-40DE-A5AB-251A80992C3C,Edward Codling,Cybersecurity & Computing,"cybersecurity, security, encryption, network, privacy, blockchain",https://gtr.ukri.org/person/01222E1F-13BA-40DE-A5AB-251A80992C3C,1349B1A8-C478-4D39-80E5-01252791A45F,Automated Personalised 4D Heart Modelling for Disease Prediction,"Generative statistical models of cardiac anatomy and function have a wide range of applications such as disease diagnosis, personalised medicine, generation of population and sub-population cohorts for in silico trials, etc. Geometric deep learning methods for cardiac anatomy have shown promising results for reconstructing the 3D biventricular cardiac anatomy shapes conditioned on population chara",Studentship,0,Biomedical & Health,https://gtr.ukri.org/projects?ref=1349B1A8-C478-4D39-80E5-01252791A45F,0.0667,Good Fit
PAIR_0098,008014C3-24AB-4258-B493-9A4B3CC93A69,Jeffrey Hammond,Artificial Intelligence,"machine learning, deep learning, neural, artificial intelligence, computer vision, natural language",https://gtr.ukri.org/person/008014C3-24AB-4258-B493-9A4B3CC93A69,B3502135-6820-437E-8C41-00E1440AF425,Development of beneficial microbiome communities to increase the resistance against abiotic stress in Carica papaya and Capsicum annuum,"Mexico, with Colima State as main producer, is the main exporter of Carica papaya and Capsicum annuum. Abiotic stress such as drought and heat are the major cause of fruit losses for both crops, a situation predicted to worsen under the prospect of changing climates. Enhancing crop productivity under changing climates is therefore of outermost importance to increase crop resilience against abiotic",Research Grant,0,Climate & Environment,https://gtr.ukri.org/projects?ref=B3502135-6820-437E-8C41-00E1440AF425,0.0714,Good Fit
PAIR_0251,008605AC-4E7A-4CEE-B1FD-0203BCF68AC8,Alan Bowman,Climate & Environment,"climate, carbon, greenhouse, sustainability, renewable, net zero",https://gtr.ukri.org/person/008605AC-4E7A-4CEE-B1FD-0203BCF68AC8,B4E7F3DB-2AA6-4EC1-A57E-00FB8CB34046,Translating technical solutions into socio-technical possibilities: enabling technological transfer in the Bangladesh shipbreaking industry,"Abstracts are not currently available in GtR for all funded research. This is normally because the abstract was not required at the time of proposal submission, but may be because it included sensitive information such as personal details.",Research Grant,0,Artificial Intelligence,https://gtr.ukri.org/projects?ref=B4E7F3DB-2AA6-4EC1-A57E-00FB8CB34046,0.0,Bad Fit
PAIR_0215,014B5D50-1B76-4A7B-8435-A653096C475F,Giuseppe Battaglia,Cybersecurity & Computing,"cybersecurity, security, encryption, network, privacy, blockchain",https://gtr.ukri.org/person/014B5D50-1B76-4A7B-8435-A653096C475F,9CA4E0B4-2108-4C3A-923F-00B1E984E05F,Exploring interventions to maintain and prolong healthy skin function for an ageing population,"Life expectancy globally and in the UK has increased and this brings many health-related challenges, including how best to support and maintain health in older people. Ageing affects every organ in our body, including our skin. As we age, the function of our skin declines; it becomes more fragile, its strength and resilience are reduced and, when challenged, it is less able to repair any damage. T",Research Grant,0,Biology & Life Sciences,https://gtr.ukri.org/projects?ref=9CA4E0B4-2108-4C3A-923F-00B1E984E05F,0.0,Bad Fit
PAIR_0232,0114B0BD-9EB7-4D48-9BD6-3FED2BC45FDD,Chittur Srinivasan,Social Sciences,"social, inequality, education, poverty, policy, community",https://gtr.ukri.org/person/0114B0BD-9EB7-4D48-9BD6-3FED2BC45FDD,9B630DA3-3B77-4839-95AB-01CCCD6A3439,University College London &amp; Oleeo plc,"To use Data Science and Machine Learning techniques to develop intelligent models to support recruitment process, particularly in identifying the best candidate applications for a given role or the best role for a given candidate.",Knowledge Transfer Partnership,0,Artificial Intelligence,https://gtr.ukri.org/projects?ref=9B630DA3-3B77-4839-95AB-01CCCD6A3439,0.0,Bad Fit
PAIR_0163,064AF9D4-C0EA-47C5-AAC2-BD5AD0407FCB,Jane Parker,Data Science & Statistics,"data science, statistical, big data, analytics, regression, bayesian",https://gtr.ukri.org/person/064AF9D4-C0EA-47C5-AAC2-BD5AD0407FCB,D1B1EDEB-9F88-4E4D-ACC6-01AB54F75647,Building resilient and future-proofed ecologies in an Anthropocene landscape,"Overview: 
The English Midlands is a highly human-modified landscape that is farmed, managed, and urban, with remnant woodlands. Into these landscapes non-native species have been introduced (e.g., Jenkin's spire snail, Indian balsam and Japanese knotweed) reflecting a global phenomenon of accelerating biosphere homogenisation. Introduced species can be beneficial, neutral or damaging. Many prolif",Studentship,0,Climate & Environment,https://gtr.ukri.org/projects?ref=D1B1EDEB-9F88-4E4D-ACC6-01AB54F75647,0.0,Average Fit
PAIR_0060,0066B5FC-8A64-4FF0-9F26-19CCCAEFA2A6,Mark Saunders,Biology & Life Sciences,"biology, genetics, cell, molecular, microbiology, neuroscience",https://gtr.ukri.org/person/0066B5FC-8A64-4FF0-9F26-19CCCAEFA2A6,CC49B18A-AA9C-4C6C-A9EA-01265E27681A,[AGRIFOOD] Do mycorrhizal fungi facilitate root defence signalling in belowground predator-prey interactions?,"Ensuring future food security in the UK will rely on increasing crop production by c. 70% by 2070. Meeting these production goals will depend on reducing crop losses to insect pests at a time when new pesticide legislation makes pest management increasingly challenging. Plant derived resistance, and particularly multi-species interactions that enhance such crop resistance, could therefore be inval",Training Grant,0,Biology & Life Sciences,https://gtr.ukri.org/projects?ref=CC49B18A-AA9C-4C6C-A9EA-01265E27681A,0.2778,Good Fit
PAIR_0146,002C7B10-8094-4247-BF32-E7A274FB304C,Roy Sanderson,Biomedical & Health,"cancer, diabetes, drug, clinical, biomedical, genomic",https://gtr.ukri.org/person/002C7B10-8094-4247-BF32-E7A274FB304C,BD035F64-F2A3-496B-9939-000AA5A869DC,Nucleation and growth of iron sulfides: linking theory and experiment,"Iron sulfides are widespread in the environment, where they regulate and control the global geochemical iron and sulfur cycles. However, despite their application as indicators for seawater anoxia and recorders of early-life isotopic and paleomagnetic data, iron sulfide minerals are still largely unexplored compared to, for example, iron oxide minerals or the silicates or carbonates. 

Numerous ir",Research Grant,0,Climate & Environment,https://gtr.ukri.org/projects?ref=BD035F64-F2A3-496B-9939-000AA5A869DC,0.0556,Average Fit
PAIR_0161,001743F2-D7F0-4DC0-912A-ACB441351939,Laura Conforti,Biology & Life Sciences,"biology, genetics, cell, molecular, microbiology, neuroscience",https://gtr.ukri.org/person/001743F2-D7F0-4DC0-912A-ACB441351939,AB33C0B8-DCB9-4AF1-A4A6-018C09D2BEAA,FCL/B: An Integrated VSC-HVDC Fault Current Limiter/Breaker,"Multi-terminal DC networks and meshed DC grids have been advocated by transmission utilities, industry and academe, as a potentially more cost effective means of integrating offshore renewable energy than point-to-point links. National Grid's Electricity Ten Year Statements and the European Network of Transmission System Operators for Electricity's Ten Year Network Development Plan as well as stud",Research Grant,0,Artificial Intelligence,https://gtr.ukri.org/projects?ref=AB33C0B8-DCB9-4AF1-A4A6-018C09D2BEAA,0.0556,Average Fit
PAIR_0190,00D084A2-59CF-46B8-9085-AB3881AF13A1,Gino Poulin,Social Sciences,"social, inequality, education, poverty, policy, community",https://gtr.ukri.org/person/00D084A2-59CF-46B8-9085-AB3881AF13A1,A27A6A9C-3A84-49C2-BB78-007C502461AF,"MICA: Targeting C5aR in chronic inflammation, renal fibrosis and late graft dysfunction",Early inflammation after organ transplantation caused by disturbance of blood flow can cause tissue damage and increase the risk of graft dysfunction. Complement is a set of inflammatory proteins that are easily activated during organ transplantation and we have shown it may have a causal role in this type of injury. Our aim is to identify whether the tissue receptor that detects the activated com,Research Grant,0,Biology & Life Sciences,https://gtr.ukri.org/projects?ref=A27A6A9C-3A84-49C2-BB78-007C502461AF,0.0,Average Fit
PAIR_0117,01CA7C61-491E-45B1-AE34-CA0BE91A04C8,Francisca Mutapi,Social Sciences,"social, inequality, education, poverty, policy, community",https://gtr.ukri.org/person/01CA7C61-491E-45B1-AE34-CA0BE91A04C8,C3405A47-EB4C-45BD-85D4-00E340EEE253,Bioinformatic analysis,"Abstracts are not currently available in GtR for all funded research. This is normally because the abstract was not required at the time of proposal submission, but may be because it included sensitive information such as personal details.",Institute Project,0,Artificial Intelligence,https://gtr.ukri.org/projects?ref=C3405A47-EB4C-45BD-85D4-00E340EEE253,0.0,Average Fit
PAIR_0235,014CFEB2-3043-440B-973B-8ABD8974DBF3,Kenneth Carslaw,Biomedical & Health,"cancer, diabetes, drug, clinical, biomedical, genomic",https://gtr.ukri.org/person/014CFEB2-3043-440B-973B-8ABD8974DBF3,C431ABC2-4B6C-46EA-AD1F-013BA182549C,Direct Elucidation of the Gas Adsorption Behaviour of Metal-Organic Frameworks (MOFs) by In-situ Single Crystal X-ray Diffraction,"Metal-organic frameworks (MOFs) form the largest group of crystalline nanoporous material that has been receiving global research attention, as evidenced by the several thousand MOFs reported within the ca. 21000 research papers produced over the past 20 years. MOFs have huge potential for a wide variety of applications including gas storage and separation technologies and are being sold as commer",Studentship,0,Data Science & Statistics,https://gtr.ukri.org/projects?ref=C431ABC2-4B6C-46EA-AD1F-013BA182549C,0.0,Bad Fit
PAIR_0205,00FAA1C0-3601-4DEA-B4C2-783E49E49868,Liam Morrison,Climate & Environment,"climate, carbon, greenhouse, sustainability, renewable, net zero",https://gtr.ukri.org/person/00FAA1C0-3601-4DEA-B4C2-783E49E49868,C89189A6-DAF2-4D02-BBAE-01988F9895EF,Landsaver Solar,"An external expert will be able to provide advice on areas including prototyping, IP and business planning. With regard to developing the prototype the expert should be able to provide recommendations on how to effectively engage partners as well as identifying potential sources of early stage finance. Specific recommendations about how to protect IP in updating and combining technologies will als",Vouchers,0,Biology & Life Sciences,https://gtr.ukri.org/projects?ref=C89189A6-DAF2-4D02-BBAE-01988F9895EF,0.0,Bad Fit
PAIR_0126,00C1BE70-2524-471C-BA0E-BA07A0FC0C07,David Ryan Glowacki,Biomedical & Health,"cancer, diabetes, drug, clinical, biomedical, genomic",https://gtr.ukri.org/person/00C1BE70-2524-471C-BA0E-BA07A0FC0C07,9925CCEE-4835-4693-82F0-019AD1680E46,"Contesting Money: public finance and the social limits of state power in Hungary, 1945-58","Having been at the centre of academic, political, and public discussions since the financial crash of 2008, money continues to be a puzzle in the post-pandemic world today. The fiscal capacity of states has been fiercely debated both on the political left and right in the wake of soaring energy prices and a cost of living crisis. Although since March 2020 governments around the world have unwittin",Fellowship,0,Social Sciences,https://gtr.ukri.org/projects?ref=9925CCEE-4835-4693-82F0-019AD1680E46,0.0,Average Fit
PAIR_0191,001743F2-D7F0-4DC0-912A-ACB441351939,Laura Conforti,Biology & Life Sciences,"biology, genetics, cell, molecular, microbiology, neuroscience",https://gtr.ukri.org/person/001743F2-D7F0-4DC0-912A-ACB441351939,0525139E-02B2-4AEB-A8FF-00A621E82482,Designing and exploring new quantum materials based on Fermi surface topological transitions,"Abstracts are not currently available in GtR for all funded research. This is normally because the abstract was not required at the time of proposal submission, but may be because it included sensitive information such as personal details.",Research Grant,0,Engineering & Physics,https://gtr.ukri.org/projects?ref=0525139E-02B2-4AEB-A8FF-00A621E82482,0.0,Average Fit
PAIR_0105,0114B0BD-9EB7-4D48-9BD6-3FED2BC45FDD,Chittur Srinivasan,Social Sciences,"social, inequality, education, poverty, policy, community",https://gtr.ukri.org/person/0114B0BD-9EB7-4D48-9BD6-3FED2BC45FDD,BC500DD4-1898-417C-A04C-0124873F7EBC,SongzapV2,"SongzapV2 incorporates ground-breaking artificial intelligence (AI) music algorithms into RT Sixty Ltd's existing Songzap software application. The new version of Songzap will empower musicians to write detailed songs and music scores more quickly, with less technical reliance, with broader creative expression, and to collaborate with other musicians and music producers more easily. The project re",Collaborative R&D,0,Artificial Intelligence,https://gtr.ukri.org/projects?ref=BC500DD4-1898-417C-A04C-0124873F7EBC,0.0588,Average Fit
PAIR_0031,015782DF-483F-4813-AA42-AEEC01AF732A,Ilik Saccheri,Social Sciences,"social, inequality, education, poverty, policy, community",https://gtr.ukri.org/person/015782DF-483F-4813-AA42-AEEC01AF732A,A4347E1A-8191-4AA4-BB50-01AF344AC684,Enriching understanding of climate and energy related behaviours (Energy Behaviour Fellowship Follow On Fund),"Government policies across many fields are currently being steered by the concept of 'behaviour change' as a 'light-touch' alternative to regulation. Behaviour is neither simple to understand, nor to change. Current political circumstances have led to a high profile for a group of approaches that are aimed at 'nudging' behaviours, however the theories and understanding behind these are just one of",Research Grant,0,Social Sciences,https://gtr.ukri.org/projects?ref=A4347E1A-8191-4AA4-BB50-01AF344AC684,0.1765,Good Fit
PAIR_0051,017300FC-1FA7-48B3-8573-2A4C2FF0D83D,Philip Cohen,Artificial Intelligence,"machine learning, deep learning, neural, artificial intelligence, computer vision, natural language",https://gtr.ukri.org/person/017300FC-1FA7-48B3-8573-2A4C2FF0D83D,CA9FEA1B-CABA-4E8E-A810-0087E1A9971E,Glasgow Caledonian University and IWAD Ghana Limited AAKTP 23_24 R3,"To reduce the vulnerability of Ghanaian tomato production to climate change and variability, this project will embed expertise in smart irrigation products. It will close the gap between agricultural irrigation engineering and smart technologies.",Knowledge Transfer Partnership,0,Artificial Intelligence,https://gtr.ukri.org/projects?ref=CA9FEA1B-CABA-4E8E-A810-0087E1A9971E,0.0714,Good Fit
PAIR_0180,00AA76AB-2766-48AE-96D9-C5BF1E10C26A,Aniko Varadi,Biology & Life Sciences,"biology, genetics, cell, molecular, microbiology, neuroscience",https://gtr.ukri.org/person/00AA76AB-2766-48AE-96D9-C5BF1E10C26A,C519E493-2AF0-447D-8A11-01D3E94B6803,Mapping impact pathways: improving our understanding of what mechanisms work in research translation,The successful translation of research knowledge to societal impact is a topic that has attracted the interest of governments around the world for a number of years. In 2014 the UK government introduced an ‘impact’ element to university assessment in the Research Excellence Framework (REF) to incentivise academics and their institutions to increase their contribution to society. Although there was,Research Grant,0,Social Sciences,https://gtr.ukri.org/projects?ref=C519E493-2AF0-447D-8A11-01D3E94B6803,0.0556,Average Fit
PAIR_0224,00DD045C-4D5B-4C92-9996-2E487F5AFD95,David Littlewood,Cybersecurity & Computing,"cybersecurity, security, encryption, network, privacy, blockchain",https://gtr.ukri.org/person/00DD045C-4D5B-4C92-9996-2E487F5AFD95,CC4941D0-BCB6-4107-91F2-013D9FA71063,Hyperthermal atomic oxygen effects on satellite systems,"The University of Manchester is developing a unique experimental facility that replicates hyperthermal atomic oxygen flux in very low Earth orbits (VLEO), essentially a rarefied flow wind tunnel, called the Rarefied Orbital Aerodynamics Research Facility (ROAR). It will be a unique facility able to characterise the reemitted flow from surfaces and thereby determine their aerodynamic properties. Th",Studentship,0,Engineering & Physics,https://gtr.ukri.org/projects?ref=CC4941D0-BCB6-4107-91F2-013D9FA71063,0.0,Bad Fit
PAIR_0159,0010221C-C855-4F35-8E36-087BFA9AF15D,David Bunton,Cybersecurity & Computing,"cybersecurity, security, encryption, network, privacy, blockchain",https://gtr.ukri.org/person/0010221C-C855-4F35-8E36-087BFA9AF15D,C10D98F1-F9B3-4BB9-8390-01DBEC2E1D43,Rapid-Transfer Dynamic Nuclear Polarization,"Nuclear magnetic resonance (NMR) is a powerful method that probes the structure and dynamics of small and large molecules. NMR is also at the heart of magnetic resonance imaging (MRI). In both cases the signal arises from nuclear spins, which can be pictured as tiny magnets. These nuclear magnets can be aligned in an external magnetic field, but because they are so weak, the net alignment in a typ",Fellowship,0,Biomedical & Health,https://gtr.ukri.org/projects?ref=C10D98F1-F9B3-4BB9-8390-01DBEC2E1D43,0.0,Average Fit
PAIR_0108,02A2D0C2-DA3F-48DF-8FD8-F27140FAA0FA,Terence Sloan,Climate & Environment,"climate, carbon, greenhouse, sustainability, renewable, net zero",https://gtr.ukri.org/person/02A2D0C2-DA3F-48DF-8FD8-F27140FAA0FA,B1B8C72F-E543-4E4A-9985-00CC2A9877C3,"Game theoretic approaches for the mathematical control, modelling and optimization of interactions between autonomous vehicles and other road users","The rapid advance in the development of autonomous vehicle (AV) technology has brought their widespread deployment to the near horizon. As well as their use in personal transportation, small robots such as the Starship have been designed to provide small goods deliveries such as groceries. However, deploying AVs in dense urban areas is a major unresolved challenge, given their need to interact saf",Studentship,0,Data Science & Statistics,https://gtr.ukri.org/projects?ref=B1B8C72F-E543-4E4A-9985-00CC2A9877C3,0.0,Average Fit
PAIR_0058,0107EC77-84F3-4182-B8B2-AD73ED7E4BB0,Michelle McKinley,Biomedical & Health,"cancer, diabetes, drug, clinical, biomedical, genomic",https://gtr.ukri.org/person/0107EC77-84F3-4182-B8B2-AD73ED7E4BB0,9D0C3647-2297-4F81-9ABA-00446763A6CE,"Spatiotemporal statistical machine learning (ST-SML): theory, methods, and applications","Machine learning (ML) is the computational beating heart of the modern Artificial Intelligence (AI) renaissance. A number of fields, from computer vision to speech recognition have been completely transformed by the successes of machine learning. But practitioners and policymakers struggle when it comes to translating the successes of ML from narrowly defined prediction problems---e.g. &quot;is th",Fellowship,0,Artificial Intelligence,https://gtr.ukri.org/projects?ref=9D0C3647-2297-4F81-9ABA-00446763A6CE,0.1111,Good Fit
PAIR_0091,017300FC-1FA7-48B3-8573-2A4C2FF0D83D,Philip Cohen,Artificial Intelligence,"machine learning, deep learning, neural, artificial intelligence, computer vision, natural language",https://gtr.ukri.org/person/017300FC-1FA7-48B3-8573-2A4C2FF0D83D,A4331025-F7E6-452F-ADDB-0000EE4638E3,Open Access Block Award 2022 - Edinburgh Napier University,"Abstracts are not currently available in GtR for all funded research. This is normally because the abstract was not required at the time of proposal submission, but may be because it included sensitive information such as personal details.",Research Grant,0,Artificial Intelligence,https://gtr.ukri.org/projects?ref=A4331025-F7E6-452F-ADDB-0000EE4638E3,0.0714,Good Fit
PAIR_0203,0066B5FC-8A64-4FF0-9F26-19CCCAEFA2A6,Mark Saunders,Biology & Life Sciences,"biology, genetics, cell, molecular, microbiology, neuroscience",https://gtr.ukri.org/person/0066B5FC-8A64-4FF0-9F26-19CCCAEFA2A6,D2EF4418-2DB6-4A2E-9F68-014A76451B33,High Performance Road Lane Inspection for Safer Cycling,"The target product is an imaging system delivering low-cost, automated inspection of cycleways, footways and the near kerb lanes on cycling permissible roads (515,600 lane-miles in the UK). It will support prioritizing road maintenance towards safer cycling. One unique capability is the identification of potholes that become hidden by rain ponding. Whereas these may damage a vehicle wheel they can",Collaborative R&D,0,Biomedical & Health,https://gtr.ukri.org/projects?ref=D2EF4418-2DB6-4A2E-9F68-014A76451B33,0.0,Bad Fit
PAIR_0114,002C7B10-8094-4247-BF32-E7A274FB304C,Roy Sanderson,Biomedical & Health,"cancer, diabetes, drug, clinical, biomedical, genomic",https://gtr.ukri.org/person/002C7B10-8094-4247-BF32-E7A274FB304C,0A9C4768-C996-4303-91F1-020F34284F78,Characterising hydrothermal alteration across the Atlantis Massif: IODP Expedition 357,"The oceans covers approximately two thirds of the Earth's surface yet the oldest ocean floor is less than 200 million years old because it is continuously created and destroyed through the plate tectonic cycle. The ocean floor is made of volcanic rocks that form at mid ocean ridges, a global chain of under-water volcanoes that stretch for ~60,000km around the oceans, where two tectonic plates are ",Research Grant,0,Climate & Environment,https://gtr.ukri.org/projects?ref=0A9C4768-C996-4303-91F1-020F34284F78,0.0,Average Fit
PAIR_0218,00532642-0CA1-4022-A929-7B2C4F4D1643,Eric James Hill,Engineering & Physics,"engineering, materials, nanotechnology, quantum, photonics, semiconductor",https://gtr.ukri.org/person/00532642-0CA1-4022-A929-7B2C4F4D1643,A7F29CBD-5BDC-4070-A6BB-01CB215FBF56,Valuing Nature Programme Coordination Team,"The concepts behind Valuing Nature are coming of age, emerging from the Millennium Assessment, and in the UK the subsequent UK National Ecosystem Assessment and the Natural Environment &amp; Water White Papers published in 2011. Valuing Nature necessitates the bringing together of a wide range of disciplines: including the natural and social sciences, economics and the humanities. It also requires",Research Grant,0,Social Sciences,https://gtr.ukri.org/projects?ref=A7F29CBD-5BDC-4070-A6BB-01CB215FBF56,0.0,Bad Fit
PAIR_0247,0107EC77-84F3-4182-B8B2-AD73ED7E4BB0,Michelle McKinley,Biomedical & Health,"cancer, diabetes, drug, clinical, biomedical, genomic",https://gtr.ukri.org/person/0107EC77-84F3-4182-B8B2-AD73ED7E4BB0,B3526568-5A5F-4D1E-BB3B-0157D4D652CD,South American Biomass Burning Analysis (SAMBBA),"Biomass burning aerosol (BBA) exerts a considerable impact on regional radiation budgets as it significantly perturbs the surface fluxes and atmospheric heating rates and its cloud nucleating (CCN) properties perturb cloud microphysics and hence affect cloud radiative properties, precipitation and cloud lifetime. It is likely that such large influences on heating rates and CCN will affect regional",Research Grant,0,Climate & Environment,https://gtr.ukri.org/projects?ref=B3526568-5A5F-4D1E-BB3B-0157D4D652CD,0.0,Bad Fit
PAIR_0037,017300FC-1FA7-48B3-8573-2A4C2FF0D83D,Philip Cohen,Artificial Intelligence,"machine learning, deep learning, neural, artificial intelligence, computer vision, natural language",https://gtr.ukri.org/person/017300FC-1FA7-48B3-8573-2A4C2FF0D83D,B35FA19C-3E32-4C03-87B5-01B8871E91A4,"DETERMIND: DETERMinants of quality of life, care and costs, and consequences of INequalities in people with Dementia and their family carers","Context of the research
Dementia is one of the most common and serious disorders we face with over 800,000 affected in the UK, costing &pound;23billion annually. Negative impacts on those with dementia and their families are profound. There are emerging data that there are major inequalities in care for dementia driven by factors that include: ethnicity, whether your care is self-funded or paid fo",Research Grant,0,Artificial Intelligence,https://gtr.ukri.org/projects?ref=B35FA19C-3E32-4C03-87B5-01B8871E91A4,0.0714,Good Fit
PAIR_0129,009A36C7-DBA2-40E0-9F7C-D03301FF9E2D,David Shanks,Engineering & Physics,"engineering, materials, nanotechnology, quantum, photonics, semiconductor",https://gtr.ukri.org/person/009A36C7-DBA2-40E0-9F7C-D03301FF9E2D,B20F339C-09A1-4C63-9FD1-012058FCCB9B,Whole genome SNP panels for genotyping experimental chicken lines- a vital BBSRC resource,"The chicken DNA sequence bridges the evolutionary gap not previously covered by any other animal, sharing a common ancestor with mammals as long as 310 million years ago. Like genetic studies in mice, the chicken may also provide important evolutionary data on vital genes and how they influence such things as disease resistance and health. Identifying these qualities is only possible when the full",Research Grant,0,Biomedical & Health,https://gtr.ukri.org/projects?ref=B20F339C-09A1-4C63-9FD1-012058FCCB9B,0.0,Average Fit
PAIR_0045,002398B2-6E97-4D5A-BD3B-D195463D7AE2,Nicola Festuccia,Artificial Intelligence,"machine learning, deep learning, neural, artificial intelligence, computer vision, natural language",https://gtr.ukri.org/person/002398B2-6E97-4D5A-BD3B-D195463D7AE2,C881090E-C95F-4DD8-829A-00397C517FA6,doppel test,"&quot;doppel is a wearable device that improves your capacity to manage the pressures of time and stress in your daily life. It enables you to become more alert or to relax, without drugs such as caffeine or alcohol, or time-consuming methods such as meditation. It does this through the phenomenon of heart rate entrainment by which our heart rate can synch up with an external beat. We created a ne",Vouchers,0,Artificial Intelligence,https://gtr.ukri.org/projects?ref=C881090E-C95F-4DD8-829A-00397C517FA6,0.0714,Good Fit
PAIR_0181,00C1BE70-2524-471C-BA0E-BA07A0FC0C07,David Ryan Glowacki,Biomedical & Health,"cancer, diabetes, drug, clinical, biomedical, genomic",https://gtr.ukri.org/person/00C1BE70-2524-471C-BA0E-BA07A0FC0C07,AE28BBD7-D7D1-4776-A0E5-0036217369EB,Improved Earthworks Drainage for Safer Reliable Railways,"Recent study of NR earthworks failures has confirmed a statistically significant link between poor drainage condition and incidents of failure in certain geological conditions. However, with 10,000km of earthworks on the network a prioritisation approach is required to determine where and when to intervene to improve earthwork drainage condition. This project will develop models of the precipitati",Studentship,0,Artificial Intelligence,https://gtr.ukri.org/projects?ref=AE28BBD7-D7D1-4776-A0E5-0036217369EB,0.0,Average Fit
PAIR_0094,002398B2-6E97-4D5A-BD3B-D195463D7AE2,Nicola Festuccia,Artificial Intelligence,"machine learning, deep learning, neural, artificial intelligence, computer vision, natural language",https://gtr.ukri.org/person/002398B2-6E97-4D5A-BD3B-D195463D7AE2,B9DCF3F7-4A32-40D6-B7B7-006B373ED802,4He/3He laser microprobe analysis: a disruptive new technology for in-situ U-Th-He thermochronology,"Ernest Rutherford received the 1908 Nobel Prize for the discovery that radioactivity is a product of the spontaneous disintegration of a radioactive element (the parent) into another element (the daughter). He soon realised that if the decay rate is known, this system can be used to determine the age of geological materials. This is analogous with an hourglass in which sand in the top is the amoun",Research Grant,0,Engineering & Physics,https://gtr.ukri.org/projects?ref=B9DCF3F7-4A32-40D6-B7B7-006B373ED802,0.0714,Good Fit
PAIR_0238,014CFEB2-3043-440B-973B-8ABD8974DBF3,Kenneth Carslaw,Biomedical & Health,"cancer, diabetes, drug, clinical, biomedical, genomic",https://gtr.ukri.org/person/014CFEB2-3043-440B-973B-8ABD8974DBF3,9925CCEE-4835-4693-82F0-019AD1680E46,"Contesting Money: public finance and the social limits of state power in Hungary, 1945-58","Having been at the centre of academic, political, and public discussions since the financial crash of 2008, money continues to be a puzzle in the post-pandemic world today. The fiscal capacity of states has been fiercely debated both on the political left and right in the wake of soaring energy prices and a cost of living crisis. Although since March 2020 governments around the world have unwittin",Fellowship,0,Social Sciences,https://gtr.ukri.org/projects?ref=9925CCEE-4835-4693-82F0-019AD1680E46,0.0,Bad Fit
PAIR_0172,00C1BE70-2524-471C-BA0E-BA07A0FC0C07,David Ryan Glowacki,Biomedical & Health,"cancer, diabetes, drug, clinical, biomedical, genomic",https://gtr.ukri.org/person/00C1BE70-2524-471C-BA0E-BA07A0FC0C07,018ACD8A-DE0F-4F6C-82FF-00EFDE30F246,Characterising the performance of low loading electrodes for hydrogen technologies,"This project is associated with deep understanding of the operation and performance of electrodes for electrochemical devices used in electrolysers, flow batteries, and fuel cells. These devices will allow the efficient capture of renewable electricity and storage/interconversion as hydrogen (see Royal Society report &quot;Large-scale electricity storage&quot;). Deployment of electrochemical hydro",Studentship,0,Climate & Environment,https://gtr.ukri.org/projects?ref=018ACD8A-DE0F-4F6C-82FF-00EFDE30F246,0.0,Average Fit
PAIR_0293,01222E1F-13BA-40DE-A5AB-251A80992C3C,Edward Codling,Cybersecurity & Computing,"cybersecurity, security, encryption, network, privacy, blockchain",https://gtr.ukri.org/person/01222E1F-13BA-40DE-A5AB-251A80992C3C,B57A5156-141D-4DDA-84F0-01FB48EA27CD,How is ash dispersed in the ocean around volcanoes?,"The marine record of explosive eruptions on island volcanoes is typically more complete than that preserved on land. Subaerial deposits are more prone to erosion and (or) burial, and almost all of the material in large volume eruptions will be transported into the ocean. The most complete eruption chronologies can therefore be derived from marine sediment cores, typically from layers of fine ash. ",Research Grant,0,Artificial Intelligence,https://gtr.ukri.org/projects?ref=B57A5156-141D-4DDA-84F0-01FB48EA27CD,0.0,Bad Fit
PAIR_0082,06C04367-189B-463C-AB59-358739FA3954,Vardhman Rakyan,Climate & Environment,"climate, carbon, greenhouse, sustainability, renewable, net zero",https://gtr.ukri.org/person/06C04367-189B-463C-AB59-358739FA3954,C4C0FE34-99A7-4628-BE09-012EC86C559A,SUPERGEN: Delivery of Sustainable Hydrogen,"We seek to deliver new technologies capable of clean and cost-effective conversion of low-carbon electricity and various carbon sources, including biomass and waste, into hydrogen. We have set up a consortium to address this target involving 14 University research groups. This will achieve significant critical mass and provide a proactive consortium, well linked to a range of industrial actors, to",Research Grant,0,Climate & Environment,https://gtr.ukri.org/projects?ref=C4C0FE34-99A7-4628-BE09-012EC86C559A,0.1333,Good Fit
PAIR_0188,0003D44F-1FBB-4D63-BDE2-E11D0B191A78,Anjam Khan,Artificial Intelligence,"machine learning, deep learning, neural, artificial intelligence, computer vision, natural language",https://gtr.ukri.org/person/0003D44F-1FBB-4D63-BDE2-E11D0B191A78,C2616FE6-FFC5-480E-AA1C-01CD1734BE9A,Clouds4Coordination (C4C): Cloud-based project coordination in the AEC sector,"Projects in the construction (AEC) sector generally involve collaboration between various participating companies over the (building construction) lifecycle using different systems and storage solutions. As part of this, the compatibility, control and access of data objects created is critical to the success of a project. Currently, coordination between participants is often a labour intensive man",Collaborative R&D,0,Cybersecurity & Computing,https://gtr.ukri.org/projects?ref=C2616FE6-FFC5-480E-AA1C-01CD1734BE9A,0.0,Average Fit
PAIR_0049,002C2C0C-07F0-4DBF-BAEC-C97B047EF4AE,Holly Blake,Climate & Environment,"climate, carbon, greenhouse, sustainability, renewable, net zero",https://gtr.ukri.org/person/002C2C0C-07F0-4DBF-BAEC-C97B047EF4AE,B3502135-6820-437E-8C41-00E1440AF425,Development of beneficial microbiome communities to increase the resistance against abiotic stress in Carica papaya and Capsicum annuum,"Mexico, with Colima State as main producer, is the main exporter of Carica papaya and Capsicum annuum. Abiotic stress such as drought and heat are the major cause of fruit losses for both crops, a situation predicted to worsen under the prospect of changing climates. Enhancing crop productivity under changing climates is therefore of outermost importance to increase crop resilience against abiotic",Research Grant,0,Climate & Environment,https://gtr.ukri.org/projects?ref=B3502135-6820-437E-8C41-00E1440AF425,0.1333,Good Fit
PAIR_0154,002C2C0C-07F0-4DBF-BAEC-C97B047EF4AE,Holly Blake,Climate & Environment,"climate, carbon, greenhouse, sustainability, renewable, net zero",https://gtr.ukri.org/person/002C2C0C-07F0-4DBF-BAEC-C97B047EF4AE,B5D9476A-D954-485B-87AD-00F3B811786D,Inequalities in the use of breast cancer prevention services,"The project will investigate the psychological factors underpinning women's decision to engage with breast cancer prevention services, which is currently under explored. The main aims of the research are to investigate inequalities in breast cancer prevention services use and the psychological factors underpinning these decisions. Another aim of the project will be to develop a theory-based suppor",Studentship,0,Artificial Intelligence,https://gtr.ukri.org/projects?ref=B5D9476A-D954-485B-87AD-00F3B811786D,0.0,Average Fit
PAIR_0102,06C04367-189B-463C-AB59-358739FA3954,Vardhman Rakyan,Climate & Environment,"climate, carbon, greenhouse, sustainability, renewable, net zero",https://gtr.ukri.org/person/06C04367-189B-463C-AB59-358739FA3954,A7F29CBD-5BDC-4070-A6BB-01CB215FBF56,Valuing Nature Programme Coordination Team,"The concepts behind Valuing Nature are coming of age, emerging from the Millennium Assessment, and in the UK the subsequent UK National Ecosystem Assessment and the Natural Environment &amp; Water White Papers published in 2011. Valuing Nature necessitates the bringing together of a wide range of disciplines: including the natural and social sciences, economics and the humanities. It also requires",Research Grant,0,Social Sciences,https://gtr.ukri.org/projects?ref=A7F29CBD-5BDC-4070-A6BB-01CB215FBF56,0.0,Average Fit
PAIR_0055,0003D44F-1FBB-4D63-BDE2-E11D0B191A78,Anjam Khan,Artificial Intelligence,"machine learning, deep learning, neural, artificial intelligence, computer vision, natural language",https://gtr.ukri.org/person/0003D44F-1FBB-4D63-BDE2-E11D0B191A78,0F03D97D-3065-4B3E-8E9E-010E7A7259C3,Molecular mechanisms and evolutionary origins of teratozoospermia and sex ratio skewing in mice with Y chromosome deletions,"When a sperm fertilizes an egg, the sex of the resulting offspring is determined by whether the sperm carries an X or a Y chromosome. Normally, this is a 50:50 chance, and thus half the offspring are male and half are female. However, there is the possibility that genes on the sex chromosomes can act 'selfishly' to increase their likelihood of being passed on: for example if X-bearing sperm secret",Research Grant,0,Biology & Life Sciences,https://gtr.ukri.org/projects?ref=0F03D97D-3065-4B3E-8E9E-010E7A7259C3,0.0714,Good Fit
PAIR_0075,001743F2-D7F0-4DC0-912A-ACB441351939,Laura Conforti,Biology & Life Sciences,"biology, genetics, cell, molecular, microbiology, neuroscience",https://gtr.ukri.org/person/001743F2-D7F0-4DC0-912A-ACB441351939,C7563C4B-43FF-4C9A-BBDE-0041FCB69805,South Eastern Mediterranean Excellence Development in FIre REsearch (SEMEDFIRE),"In full alignment with the WIDERA-Twinning-topic’s requirements, SEMEDFIRE aims to enhance the capacities and knowledgeacquisition of the Widening institution; EUC, in Research-&amp;-Innovation (R&amp;I) and Research-Management-Administration (RMA) relating to Fire Safety and Fire Management. This is aimed through networking activities with five top-class leading counterparts at EU level; IMPERIAL",EU-Funded,0,Social Sciences,https://gtr.ukri.org/projects?ref=C7563C4B-43FF-4C9A-BBDE-0041FCB69805,0.1111,Good Fit
PAIR_0039,0156670F-81A5-4840-BD67-700164999012,Deborah Smith,Data Science & Statistics,"data science, statistical, big data, analytics, regression, bayesian",https://gtr.ukri.org/person/0156670F-81A5-4840-BD67-700164999012,D45D5D69-8C7E-4F10-A7B2-02071C597945,"UKRI Centre for Doctoral Training in Artificial Intelligence, Machine Learning and Advanced Computing","We live in a society dominated by information. The collection of data is an ongoing and continuous process, covering all
aspects of life, and the amount of data available in recent years has exploded. In order to make sense of this data, utilise it,
gain insights and draw conclusions, new computational methods to analyse and infer have been developed. This is often
described by the general terms &",Studentship,0,Artificial Intelligence,https://gtr.ukri.org/projects?ref=D45D5D69-8C7E-4F10-A7B2-02071C597945,0.1429,Good Fit
PAIR_0226,012897B8-0FC0-4398-A0A0-AEB37D2F3BEA,Peter Moody,Biomedical & Health,"cancer, diabetes, drug, clinical, biomedical, genomic",https://gtr.ukri.org/person/012897B8-0FC0-4398-A0A0-AEB37D2F3BEA,018ACD8A-DE0F-4F6C-82FF-00EFDE30F246,Characterising the performance of low loading electrodes for hydrogen technologies,"This project is associated with deep understanding of the operation and performance of electrodes for electrochemical devices used in electrolysers, flow batteries, and fuel cells. These devices will allow the efficient capture of renewable electricity and storage/interconversion as hydrogen (see Royal Society report &quot;Large-scale electricity storage&quot;). Deployment of electrochemical hydro",Studentship,0,Climate & Environment,https://gtr.ukri.org/projects?ref=018ACD8A-DE0F-4F6C-82FF-00EFDE30F246,0.0,Bad Fit
PAIR_0113,06958A48-8D6D-4E9C-B204-570E76AB3CAA,Pat Doyle,Cybersecurity & Computing,"cybersecurity, security, encryption, network, privacy, blockchain",https://gtr.ukri.org/person/06958A48-8D6D-4E9C-B204-570E76AB3CAA,A2F82815-1B86-474F-9A07-008A0F39C447,Improving Scientific Reproducibility with Applied Philosophy of Science,"Concerns about the replicability of research have continued to interest researchers across a number of scientific disciplines, particularly during the last decade. Within psychology, numerous explanations for low replicability have been proposed. Most notable are the problems of current publication standards, which disincentivise the publication of null findings, as well as incentivising the use o",Studentship,0,Social Sciences,https://gtr.ukri.org/projects?ref=A2F82815-1B86-474F-9A07-008A0F39C447,0.0,Average Fit
PAIR_0267,0060F773-2DEB-4A82-80A5-0B4B1AF6A6CD,Adam Eyre-Walker,Climate & Environment,"climate, carbon, greenhouse, sustainability, renewable, net zero",https://gtr.ukri.org/person/0060F773-2DEB-4A82-80A5-0B4B1AF6A6CD,9B4CAB89-463A-430D-B93F-005554ABED30,rISC - the game of strategic molecular design for high efficiency OLEDs,"Lighting and displays form essential parts of our daily lives and consume approximately 20% of the electricity used worldwide. It has been shown that lights visible from space at night time are an effective measure of a country's economic development, while energy capture through the development of materials that absorb more sunlight is at the heart of attempts to reduce our reliance upon unsustai",Research Grant,0,Engineering & Physics,https://gtr.ukri.org/projects?ref=9B4CAB89-463A-430D-B93F-005554ABED30,0.0,Bad Fit
PAIR_0068,008605AC-4E7A-4CEE-B1FD-0203BCF68AC8,Alan Bowman,Climate & Environment,"climate, carbon, greenhouse, sustainability, renewable, net zero",https://gtr.ukri.org/person/008605AC-4E7A-4CEE-B1FD-0203BCF68AC8,CC4941D0-BCB6-4107-91F2-013D9FA71063,Hyperthermal atomic oxygen effects on satellite systems,"The University of Manchester is developing a unique experimental facility that replicates hyperthermal atomic oxygen flux in very low Earth orbits (VLEO), essentially a rarefied flow wind tunnel, called the Rarefied Orbital Aerodynamics Research Facility (ROAR). It will be a unique facility able to characterise the reemitted flow from surfaces and thereby determine their aerodynamic properties. Th",Studentship,0,Engineering & Physics,https://gtr.ukri.org/projects?ref=CC4941D0-BCB6-4107-91F2-013D9FA71063,0.0667,Good Fit
PAIR_0125,002C7B10-8094-4247-BF32-E7A274FB304C,Roy Sanderson,Biomedical & Health,"cancer, diabetes, drug, clinical, biomedical, genomic",https://gtr.ukri.org/person/002C7B10-8094-4247-BF32-E7A274FB304C,C2C6F6A3-0243-4E98-A00D-00351CB6B4E9,Optimising the Mobility of Nanoporous Oxides,"The project aims to develop practical strategies to improve the mobility of nanoporous metal oxide films by reducing charge trapping at surface and interfaces. It will combine first principles theoretical modelling with structural, spectroscopic and photophysical materials characterisation, in order to understand charge trapping at an atomistic level and guide material modification strategies to i",Studentship,0,Data Science & Statistics,https://gtr.ukri.org/projects?ref=C2C6F6A3-0243-4E98-A00D-00351CB6B4E9,0.0,Average Fit
PAIR_0262,00DD045C-4D5B-4C92-9996-2E487F5AFD95,David Littlewood,Cybersecurity & Computing,"cybersecurity, security, encryption, network, privacy, blockchain",https://gtr.ukri.org/person/00DD045C-4D5B-4C92-9996-2E487F5AFD95,97B77333-7729-4E6E-BE84-0067A6EBA4A9,"UPright radiotherapy: Learning, Innovation, Fellowship and Training","Radiotherapy (RT) is a mainstay of modern cancer treatment. Conventionally, RT is delivered to the patient lying on a treatment couch, while a beam steering device (gantry) aims the radiation from any angle around the target. Positioning the patients in upright body posture (upRT) instead enables to orient the patient arbitrarily toward a fixed beam. This enables smaller facility footprint and red",Training Grant,0,Biomedical & Health,https://gtr.ukri.org/projects?ref=97B77333-7729-4E6E-BE84-0067A6EBA4A9,0.0,Bad Fit
PAIR_0229,0060F773-2DEB-4A82-80A5-0B4B1AF6A6CD,Adam Eyre-Walker,Climate & Environment,"climate, carbon, greenhouse, sustainability, renewable, net zero",https://gtr.ukri.org/person/0060F773-2DEB-4A82-80A5-0B4B1AF6A6CD,B0B58129-7B15-4D0E-AE9B-01A7FDD89ADA,Latin America and the peripheral origins of nineteenth-century international order,"Debates about the state of the international order have leapt from academic journals to the front pages of newspapers and into the discourses of policymakers concerned about sustaining cooperation to address global challenges. International order-a complex of international norms, institutions, and practices that helps structure world politics-is understood to be challenged from without by the rise",Research Grant,0,Social Sciences,https://gtr.ukri.org/projects?ref=B0B58129-7B15-4D0E-AE9B-01A7FDD89ADA,0.0,Bad Fit
PAIR_0195,06C04367-189B-463C-AB59-358739FA3954,Vardhman Rakyan,Climate & Environment,"climate, carbon, greenhouse, sustainability, renewable, net zero",https://gtr.ukri.org/person/06C04367-189B-463C-AB59-358739FA3954,C36F0507-4B29-4CF8-93C4-00D6D6E053A4,"Challenges encountered by ethnic minority and migrant doctors, healthcare workers and related groups and the implications for performance regulation","Abstracts are not currently available in GtR for all funded research. This is normally because the abstract was not required at the time of proposal submission, but may be because it included sensitive information such as personal details.",Research Grant,0,Artificial Intelligence,https://gtr.ukri.org/projects?ref=C36F0507-4B29-4CF8-93C4-00D6D6E053A4,0.0,Average Fit
PAIR_0194,0045DBDF-966E-46AB-9209-D8F9CBE4B1FC,Maria Appleyard,Social Sciences,"social, inequality, education, poverty, policy, community",https://gtr.ukri.org/person/0045DBDF-966E-46AB-9209-D8F9CBE4B1FC,BD7CBF0C-C9A7-47FA-9AE4-00AA076FF470,Lakto – the novel milk filter that ‘fills and eliminates’ lactose,"A project to create a new, easy and low-cost way to produce lactose free milk at home, improving access to dairy milk and the nutritional content within for people that suffer from lactose Intolerance, and reducing food wastage from spoilt milk in households that currently purchase several milk types due to dietary requirements.",Feasibility Studies,0,Artificial Intelligence,https://gtr.ukri.org/projects?ref=BD7CBF0C-C9A7-47FA-9AE4-00AA076FF470,0.0,Average Fit
PAIR_0211,00FAA1C0-3601-4DEA-B4C2-783E49E49868,Liam Morrison,Climate & Environment,"climate, carbon, greenhouse, sustainability, renewable, net zero",https://gtr.ukri.org/person/00FAA1C0-3601-4DEA-B4C2-783E49E49868,A2C6D30D-2099-4A8D-A098-0029390A93E1,Tailorable &amp; Adaptive Connected Digital Additive Manufacturing (TACDAM),"The TACDAM project will remove the the final hurdles for the adoption of additive manufacturing in automotive applications in a staged low-mid-high volume approach. The essential requisite for this, besides having the right portfolio of products, is meeting automotive expectation of low cost and high quality, the delivery of which is the primary objective of the project. Although the biggest singl",Research Grant,0,Artificial Intelligence,https://gtr.ukri.org/projects?ref=A2C6D30D-2099-4A8D-A098-0029390A93E1,0.0,Bad Fit
PAIR_0283,01103B71-79AE-4060-AFAD-291F3A9F8ECE,Yonghong Peng,Data Science & Statistics,"data science, statistical, big data, analytics, regression, bayesian",https://gtr.ukri.org/person/01103B71-79AE-4060-AFAD-291F3A9F8ECE,A2C6D30D-2099-4A8D-A098-0029390A93E1,Tailorable &amp; Adaptive Connected Digital Additive Manufacturing (TACDAM),"The TACDAM project will remove the the final hurdles for the adoption of additive manufacturing in automotive applications in a staged low-mid-high volume approach. The essential requisite for this, besides having the right portfolio of products, is meeting automotive expectation of low cost and high quality, the delivery of which is the primary objective of the project. Although the biggest singl",Research Grant,0,Artificial Intelligence,https://gtr.ukri.org/projects?ref=A2C6D30D-2099-4A8D-A098-0029390A93E1,0.0,Bad Fit
PAIR_0271,013D7260-5109-427D-BE5E-0A01B01E462E,Robert Janes,Social Sciences,"social, inequality, education, poverty, policy, community",https://gtr.ukri.org/person/013D7260-5109-427D-BE5E-0A01B01E462E,CC49B18A-AA9C-4C6C-A9EA-01265E27681A,[AGRIFOOD] Do mycorrhizal fungi facilitate root defence signalling in belowground predator-prey interactions?,"Ensuring future food security in the UK will rely on increasing crop production by c. 70% by 2070. Meeting these production goals will depend on reducing crop losses to insect pests at a time when new pesticide legislation makes pest management increasingly challenging. Plant derived resistance, and particularly multi-species interactions that enhance such crop resistance, could therefore be inval",Training Grant,0,Biology & Life Sciences,https://gtr.ukri.org/projects?ref=CC49B18A-AA9C-4C6C-A9EA-01265E27681A,0.0,Bad Fit
PAIR_0040,0174F950-DD73-4DE1-B2DC-6F7E227CA073,Patrick Baker,Climate & Environment,"climate, carbon, greenhouse, sustainability, renewable, net zero",https://gtr.ukri.org/person/0174F950-DD73-4DE1-B2DC-6F7E227CA073,C0955A07-EC72-459E-9594-01888FC4795E,Mapping the chemistry of phosphorus-containing analogues of urea. From fundamental chemistry to high-performance compounds and materials.,"The isolobal analogy is frequently invoked to draw comparisons between the fundamental chemistry of small inorganic molecules and more established organic species. For example, the diagonal relationship between a methine fragment (C-H) and phosphorous has led to the latter being nicknamed a &quot;carbon-copy&quot;. This has resulted in extensive chemistry aimed at developing phosphorus-containing ",Research Grant,0,Biology & Life Sciences,https://gtr.ukri.org/projects?ref=C0955A07-EC72-459E-9594-01888FC4795E,0.0667,Good Fit
PAIR_0168,01CA7C61-491E-45B1-AE34-CA0BE91A04C8,Francisca Mutapi,Social Sciences,"social, inequality, education, poverty, policy, community",https://gtr.ukri.org/person/01CA7C61-491E-45B1-AE34-CA0BE91A04C8,C89189A6-DAF2-4D02-BBAE-01988F9895EF,Landsaver Solar,"An external expert will be able to provide advice on areas including prototyping, IP and business planning. With regard to developing the prototype the expert should be able to provide recommendations on how to effectively engage partners as well as identifying potential sources of early stage finance. Specific recommendations about how to protect IP in updating and combining technologies will als",Vouchers,0,Biology & Life Sciences,https://gtr.ukri.org/projects?ref=C89189A6-DAF2-4D02-BBAE-01988F9895EF,0.0,Average Fit
PAIR_0275,00E88C58-EA16-4756-856A-E77DF428EDF0,Nicola Holden,Engineering & Physics,"engineering, materials, nanotechnology, quantum, photonics, semiconductor",https://gtr.ukri.org/person/00E88C58-EA16-4756-856A-E77DF428EDF0,0E760BBF-BDAF-4776-B438-0134A1B6E2BB,EBI Metagenomics Portal - Towards a better understanding of community metabolism,"Abstracts are not currently available in GtR for all funded research. This is normally because the abstract was not required at the time of proposal submission, but may be because it included sensitive information such as personal details.",Research Grant,0,Artificial Intelligence,https://gtr.ukri.org/projects?ref=0E760BBF-BDAF-4776-B438-0134A1B6E2BB,0.0,Bad Fit
PAIR_0029,008014C3-24AB-4258-B493-9A4B3CC93A69,Jeffrey Hammond,Artificial Intelligence,"machine learning, deep learning, neural, artificial intelligence, computer vision, natural language",https://gtr.ukri.org/person/008014C3-24AB-4258-B493-9A4B3CC93A69,D3DEC013-1505-40CF-A781-01E7BF3EDC1F,Diamond professorial fellowship for imaging chromosomes by coherent X-ray diffraction,"The chromosome is the repository of all genetic material in eukaryotes. Humans have 22 separate chromosomes in their karyotype plus the special X/Y sex-determining chromosome. One third of the life cycle of the chromosome, metaphase, is involved with mitosis, whereby the safe transmission of all the genetic material to progeny cells is undertaken; the remainder of the time, interphase, is when the",Fellowship,0,Biology & Life Sciences,https://gtr.ukri.org/projects?ref=D3DEC013-1505-40CF-A781-01E7BF3EDC1F,0.0714,Good Fit
PAIR_0241,0156670F-81A5-4840-BD67-700164999012,Deborah Smith,Data Science & Statistics,"data science, statistical, big data, analytics, regression, bayesian",https://gtr.ukri.org/person/0156670F-81A5-4840-BD67-700164999012,BBA44037-4849-4E33-AE27-00427902DFA8,''The Regions of Poetic Thought': A critical edition of the Selected Literary Criticism of Sara Coleridge',"Between 1830 and 1850 women readers and writers made up the larger part of the literary world, and a woman literary critic, selecting and shaping the literary audience, was an important voice. ''The Regions of Poetic Thought': Selected Literary Criticism of Sara Coleridge' enables us to hear one such voice. \n\nShe emerges as a critic of rare intelligence and theoretical reach as well as a lively ",Research Grant,0,Social Sciences,https://gtr.ukri.org/projects?ref=BBA44037-4849-4E33-AE27-00427902DFA8,0.0,Bad Fit
PAIR_0183,003D7630-E76C-44A3-BF57-0CBEAED99FBC,John Aston,Data Science & Statistics,"data science, statistical, big data, analytics, regression, bayesian",https://gtr.ukri.org/person/003D7630-E76C-44A3-BF57-0CBEAED99FBC,9AC10885-1D47-4C43-9689-00F994194134,Up-Skilling for Industry 5.0 Roll-Out,"The 4th Industrial Revolution/Industry 4.0 has enabled reduction of production costs, improved consistency of product quality and enabled mass customisation by merging the physical and digital worlds. The transition is still ongoing - Industry 4.0 is a general-purpose technology, adding value across all industrial sectors. However, the perception of Industry 4.0 at a human level has not all been p",EU-Funded,0,Artificial Intelligence,https://gtr.ukri.org/projects?ref=9AC10885-1D47-4C43-9689-00F994194134,0.0,Average Fit
PAIR_0294,00FAA1C0-3601-4DEA-B4C2-783E49E49868,Liam Morrison,Climate & Environment,"climate, carbon, greenhouse, sustainability, renewable, net zero",https://gtr.ukri.org/person/00FAA1C0-3601-4DEA-B4C2-783E49E49868,D110F86D-8C6C-483D-BF5F-01732039F7A3,Compressible Alfven waves in fusion plasmas,"An essential aspect towards the successful development of viable fusion energy using magnetically confined plasmas, as envisaged in the international ITER and DEMO tokamak programs, is a deep understanding of the physical processes at play in the stability and transport of the fusion plasma. Through the fusion process energy is produced in the form of energetic neutrons, whose energy will generate",Research Grant,0,Data Science & Statistics,https://gtr.ukri.org/projects?ref=D110F86D-8C6C-483D-BF5F-01732039F7A3,0.0,Bad Fit
PAIR_0019,00F53268-2492-40BB-9C1B-E3394E229112,Dave Rodger,Artificial Intelligence,"machine learning, deep learning, neural, artificial intelligence, computer vision, natural language",https://gtr.ukri.org/person/00F53268-2492-40BB-9C1B-E3394E229112,A9CE07E7-C382-47B7-AE82-00FFFCBA693F,Defra / EA Fellowship: Professor Frances Bowen,"This project will fund a fellowship placement for a mid-career researcher to work for 9 months with the better regulation teams at the Department for Environment, Food and Rural Affairs (Defra) and the Environment Agency (EA). 'Better Regulation' is the UK government's approach to developing regulation that achieves the desired outcome while avoiding unintended consequences and limiting costs for ",Research Grant,0,Social Sciences,https://gtr.ukri.org/projects?ref=A9CE07E7-C382-47B7-AE82-00FFFCBA693F,0.0714,Good Fit
PAIR_0261,00DD045C-4D5B-4C92-9996-2E487F5AFD95,David Littlewood,Cybersecurity & Computing,"cybersecurity, security, encryption, network, privacy, blockchain",https://gtr.ukri.org/person/00DD045C-4D5B-4C92-9996-2E487F5AFD95,0B36FFF3-3789-4DD3-92DF-0184F051FD2F,ISOL-SRS: ISOL Beam Storage Ring Spectrometer,"Abstracts are not currently available in GtR for all funded research. This is normally because the abstract was not required at the time of proposal submission, but may be because it included sensitive information such as personal details.",Research Grant,0,Artificial Intelligence,https://gtr.ukri.org/projects?ref=0B36FFF3-3789-4DD3-92DF-0184F051FD2F,0.0,Bad Fit
PAIR_0077,0010221C-C855-4F35-8E36-087BFA9AF15D,David Bunton,Cybersecurity & Computing,"cybersecurity, security, encryption, network, privacy, blockchain",https://gtr.ukri.org/person/0010221C-C855-4F35-8E36-087BFA9AF15D,A26B1A50-2221-4E82-85DC-00B50A16F0C4,Platform Workers In Global Production Networks,"Drawing from research in the fields of industrial relations, HRM, global political economy and the sociology of work and employment, the project will explore the extent to which platform workers are involved in global production networks. The aim will be to develop an understanding of workers' position in global production networks and patterns of outsourcing, workers' experiences of such employme",Studentship,0,Social Sciences,https://gtr.ukri.org/projects?ref=A26B1A50-2221-4E82-85DC-00B50A16F0C4,0.0667,Good Fit
PAIR_0155,00CBBEF2-B62B-4720-B01C-CB8B2294324E,Sophia Ananiadou,Data Science & Statistics,"data science, statistical, big data, analytics, regression, bayesian",https://gtr.ukri.org/person/00CBBEF2-B62B-4720-B01C-CB8B2294324E,9CA4E0B4-2108-4C3A-923F-00B1E984E05F,Exploring interventions to maintain and prolong healthy skin function for an ageing population,"Life expectancy globally and in the UK has increased and this brings many health-related challenges, including how best to support and maintain health in older people. Ageing affects every organ in our body, including our skin. As we age, the function of our skin declines; it becomes more fragile, its strength and resilience are reduced and, when challenged, it is less able to repair any damage. T",Research Grant,0,Biology & Life Sciences,https://gtr.ukri.org/projects?ref=9CA4E0B4-2108-4C3A-923F-00B1E984E05F,0.0,Average Fit
PAIR_0250,00E88C58-EA16-4756-856A-E77DF428EDF0,Nicola Holden,Engineering & Physics,"engineering, materials, nanotechnology, quantum, photonics, semiconductor",https://gtr.ukri.org/person/00E88C58-EA16-4756-856A-E77DF428EDF0,C6845530-0293-4A4D-82A2-01B316210197,Loughborough University and Encocam Limited KTP 22_23 R2,To develop a commercially manufactured anthropomorphic neck model and predictive impact modelling software to upgrade industry standards in product design and safety testing.,Knowledge Transfer Partnership,0,Data Science & Statistics,https://gtr.ukri.org/projects?ref=C6845530-0293-4A4D-82A2-01B316210197,0.0,Bad Fit
PAIR_0064,0056D0F9-7813-4FBF-9FC4-57F49B0BA209,Peter Somogyi,Artificial Intelligence,"machine learning, deep learning, neural, artificial intelligence, computer vision, natural language",https://gtr.ukri.org/person/0056D0F9-7813-4FBF-9FC4-57F49B0BA209,B5AE8966-C340-4779-A034-0009F7270306,Peatlands and the global Carbon cycle during the past millennium: a global assessment using observations and models,Future climate change is one of the most challenging issues facing humankind and an enormous research effort is directed at attempting to construct realistic projections of 21st century climate based on underlying assumptions about greenhouse gas emissions. Climate models now include many of the components of the earth system that influence climate over a range of timescales. Understanding and qua,Research Grant,0,Climate & Environment,https://gtr.ukri.org/projects?ref=B5AE8966-C340-4779-A034-0009F7270306,0.1429,Good Fit
PAIR_0043,0174F950-DD73-4DE1-B2DC-6F7E227CA073,Patrick Baker,Climate & Environment,"climate, carbon, greenhouse, sustainability, renewable, net zero",https://gtr.ukri.org/person/0174F950-DD73-4DE1-B2DC-6F7E227CA073,B57A5156-141D-4DDA-84F0-01FB48EA27CD,How is ash dispersed in the ocean around volcanoes?,"The marine record of explosive eruptions on island volcanoes is typically more complete than that preserved on land. Subaerial deposits are more prone to erosion and (or) burial, and almost all of the material in large volume eruptions will be transported into the ocean. The most complete eruption chronologies can therefore be derived from marine sediment cores, typically from layers of fine ash. ",Research Grant,0,Artificial Intelligence,https://gtr.ukri.org/projects?ref=B57A5156-141D-4DDA-84F0-01FB48EA27CD,0.0667,Good Fit
PAIR_0001,015782DF-483F-4813-AA42-AEEC01AF732A,Ilik Saccheri,Social Sciences,"social, inequality, education, poverty, policy, community",https://gtr.ukri.org/person/015782DF-483F-4813-AA42-AEEC01AF732A,A3E48C13-1CE2-41E2-81A3-014C09CD4A12,Ecological consequences of genetic variation: does genetic variation in a keystone parasitic plant species drive community response to infection?,"This work is concerned with the ecological consequences of genetic variation. Ecological communities are made up of populations of many interacting species. Different types of interactions between species (e.g. parasitism, competition, predator-prey interactions) will have different consequences for the individual players involved. The effects of interactions between two species can often also be ",Fellowship,0,Climate & Environment,https://gtr.ukri.org/projects?ref=A3E48C13-1CE2-41E2-81A3-014C09CD4A12,0.1176,Good Fit
PAIR_0059,00AF0809-D14D-4147-BE92-6FC2CF313B28,Peter Keightley,Artificial Intelligence,"machine learning, deep learning, neural, artificial intelligence, computer vision, natural language",https://gtr.ukri.org/person/00AF0809-D14D-4147-BE92-6FC2CF313B28,9AC10885-1D47-4C43-9689-00F994194134,Up-Skilling for Industry 5.0 Roll-Out,"The 4th Industrial Revolution/Industry 4.0 has enabled reduction of production costs, improved consistency of product quality and enabled mass customisation by merging the physical and digital worlds. The transition is still ongoing - Industry 4.0 is a general-purpose technology, adding value across all industrial sectors. However, the perception of Industry 4.0 at a human level has not all been p",EU-Funded,0,Artificial Intelligence,https://gtr.ukri.org/projects?ref=9AC10885-1D47-4C43-9689-00F994194134,0.0714,Good Fit
PAIR_0220,0114B0BD-9EB7-4D48-9BD6-3FED2BC45FDD,Chittur Srinivasan,Social Sciences,"social, inequality, education, poverty, policy, community",https://gtr.ukri.org/person/0114B0BD-9EB7-4D48-9BD6-3FED2BC45FDD,99B8254B-67C7-4F3E-852F-0105C5BC98C0,Determining the persister populations in sputum during tuberculosis therapy. A supplementary study to the RIFASHORT trial.,"Nearly ten million people developed TB in 2014 and 1.5 million died. Although drug resistance is a serious problem, the vast majority of infections are treatable with standard antibiotics effective against the TB bacterium, known as Mtb, which causes this devastating disease. 
Treatment of TB currently requires patients to take antibiotics for 6 months. Even after this the disease returns in up to",Research Grant,0,Biomedical & Health,https://gtr.ukri.org/projects?ref=99B8254B-67C7-4F3E-852F-0105C5BC98C0,0.0,Bad Fit
PAIR_0162,064994EC-762B-454D-9DCA-D4E5169EE34D,Frederick Livesey,Biomedical & Health,"cancer, diabetes, drug, clinical, biomedical, genomic",https://gtr.ukri.org/person/064994EC-762B-454D-9DCA-D4E5169EE34D,CB1F7586-05E0-4A9B-8480-00555BF7B52B,The impact of China's &quot;ecological civilisation&quot; principle on China's management of transboundary rivers in the region.,"My PhD thesis would address the question: How has the Chinese leadership's commitment to the principle of &quot;ecological civilisation&quot; influenced China's approach to transboundary river management? I propose to study the years 2012-2022 using a comparative analysis of three transboundary rivers that flow through China, as outlined in the Methods section below. My aim would be to develop a r",Studentship,0,Social Sciences,https://gtr.ukri.org/projects?ref=CB1F7586-05E0-4A9B-8480-00555BF7B52B,0.0,Average Fit
PAIR_0227,015782DF-483F-4813-AA42-AEEC01AF732A,Ilik Saccheri,Social Sciences,"social, inequality, education, poverty, policy, community",https://gtr.ukri.org/person/015782DF-483F-4813-AA42-AEEC01AF732A,D1E80287-64F3-4226-95CF-00DEAA11534C,The formation of the first galaxies with JWST,The student will use JWST data to determine how the first galaxies formed and evolved. This will involve data collection and analysis as well as comparison to computer simulations.,Studentship,0,Data Science & Statistics,https://gtr.ukri.org/projects?ref=D1E80287-64F3-4226-95CF-00DEAA11534C,0.0,Bad Fit
PAIR_0207,014CFEB2-3043-440B-973B-8ABD8974DBF3,Kenneth Carslaw,Biomedical & Health,"cancer, diabetes, drug, clinical, biomedical, genomic",https://gtr.ukri.org/person/014CFEB2-3043-440B-973B-8ABD8974DBF3,D1C2648B-6D66-4C94-92C1-00F0E2E1366D,Developing nutrient-enriched cereal grains with large embryos.,"Abstracts are not currently available in GtR for all funded research. This is normally because the abstract was not required at the time of proposal submission, but may be because it included sensitive information such as personal details.",Research Grant,0,Artificial Intelligence,https://gtr.ukri.org/projects?ref=D1C2648B-6D66-4C94-92C1-00F0E2E1366D,0.0,Bad Fit
PAIR_0024,064994EC-762B-454D-9DCA-D4E5169EE34D,Frederick Livesey,Biomedical & Health,"cancer, diabetes, drug, clinical, biomedical, genomic",https://gtr.ukri.org/person/064994EC-762B-454D-9DCA-D4E5169EE34D,C0B26C32-932E-4CDD-9764-015395AC9C93,Analysing the decline in the British Coronary Heart Disease epidemic,"Death rates for coronary heart disease (CHD) in the UK have halved since 1980, but CHD is still the commonest cause of death. The decrease since 1980 may be because fewer people now get CHD in the first place, or because more people survive after experiencing CHD, or both. If fewer people now get CHD, this may be due to changes in risk factors in the population (for example, fewer people now smoke",Research Grant,0,Biomedical & Health,https://gtr.ukri.org/projects?ref=C0B26C32-932E-4CDD-9764-015395AC9C93,0.1667,Good Fit
PAIR_0023,0156670F-81A5-4840-BD67-700164999012,Deborah Smith,Data Science & Statistics,"data science, statistical, big data, analytics, regression, bayesian",https://gtr.ukri.org/person/0156670F-81A5-4840-BD67-700164999012,040C2814-53E6-488F-BDA9-01B1A0F63777,Random metrics on the CLE carpet,"Conformal loop ensembles (CLE) are random collections of loops defined in simply connected domains. They exhibit a fractal structure and arise as conjectured and proved scaling limits of a number of lattice models from Statistical Physics.
Since their introduction, connections between CLE, Schramm-Loewner evolution (SLE) curves, and the Gaussian Free Field (GFF) have been shown and categorized. In",Studentship,0,Artificial Intelligence,https://gtr.ukri.org/projects?ref=040C2814-53E6-488F-BDA9-01B1A0F63777,0.0714,Good Fit
PAIR_0033,00F53268-2492-40BB-9C1B-E3394E229112,Dave Rodger,Artificial Intelligence,"machine learning, deep learning, neural, artificial intelligence, computer vision, natural language",https://gtr.ukri.org/person/00F53268-2492-40BB-9C1B-E3394E229112,045FB772-28BF-4EE1-B494-005C814D548E,Cuba: Application of 'omics in the metabolic study of high cell density continuous cell cultures of recombinant NS0 myeloma cell lines,"Abstracts are not currently available in GtR for all funded research. This is normally because the abstract was not required at the time of proposal submission, but may be because it included sensitive information such as personal details.",Research Grant,0,Artificial Intelligence,https://gtr.ukri.org/projects?ref=045FB772-28BF-4EE1-B494-005C814D548E,0.0714,Good Fit
PAIR_0269,0060F773-2DEB-4A82-80A5-0B4B1AF6A6CD,Adam Eyre-Walker,Climate & Environment,"climate, carbon, greenhouse, sustainability, renewable, net zero",https://gtr.ukri.org/person/0060F773-2DEB-4A82-80A5-0B4B1AF6A6CD,C881090E-C95F-4DD8-829A-00397C517FA6,doppel test,"&quot;doppel is a wearable device that improves your capacity to manage the pressures of time and stress in your daily life. It enables you to become more alert or to relax, without drugs such as caffeine or alcohol, or time-consuming methods such as meditation. It does this through the phenomenon of heart rate entrainment by which our heart rate can synch up with an external beat. We created a ne",Vouchers,0,Artificial Intelligence,https://gtr.ukri.org/projects?ref=C881090E-C95F-4DD8-829A-00397C517FA6,0.0,Bad Fit
PAIR_0252,013D30AF-EA7A-4373-A2EF-8BE82CE5DF44,David Choi,Data Science & Statistics,"data science, statistical, big data, analytics, regression, bayesian",https://gtr.ukri.org/person/013D30AF-EA7A-4373-A2EF-8BE82CE5DF44,027FCA23-6711-407E-A392-020B8329DDAB,The role of commensal organisms as pro-infectious agents in Staphylococcus aureus infection dynamics.,Staphylococcus aureus is an important human pathogen that causes significant death and disease around the world. The problem is exacerbated by the spread of antibiotic resistant strains such as Methicillin Resistant S. aureus (MRSA). MRSA is generally a hospital-associated infection but recently community acquired MRSA has increased in the apparent absence of antibiotic selection. Thus there is a ,Research Grant,0,Biomedical & Health,https://gtr.ukri.org/projects?ref=027FCA23-6711-407E-A392-020B8329DDAB,0.0,Bad Fit
PAIR_0007,0114B0BD-9EB7-4D48-9BD6-3FED2BC45FDD,Chittur Srinivasan,Social Sciences,"social, inequality, education, poverty, policy, community",https://gtr.ukri.org/person/0114B0BD-9EB7-4D48-9BD6-3FED2BC45FDD,ABE24E15-98C8-4EEC-8C01-0138FDC213C7,Listen to us! The psychosocial impact of COVID-19 on adolescents - A mixed-methods study,"The continued impact of COVID-19 on adolescent mental health, educational attainment and future prospects is of great concern. The aim of our proposed study is to capture the experiences of adolescents as the pandemic unfolds and longer-term societal and economic consequences emerge. Adolescents may be of particular risk for adverse effects due to COVID-19 as this is a period of increased risk for",Research Grant,0,Social Sciences,https://gtr.ukri.org/projects?ref=ABE24E15-98C8-4EEC-8C01-0138FDC213C7,0.3529,Good Fit
PAIR_0056,002398B2-6E97-4D5A-BD3B-D195463D7AE2,Nicola Festuccia,Artificial Intelligence,"machine learning, deep learning, neural, artificial intelligence, computer vision, natural language",https://gtr.ukri.org/person/002398B2-6E97-4D5A-BD3B-D195463D7AE2,B2CB163C-BBE7-46EF-B83B-019D159943B6,Prosperity Partnership Call 3 Strategic Students-Toshiba and University of Bristol,"Doctoral Training Partnerships: a range of postgraduate training is funded by the Research Councils. For information on current funding routes, see the common terminology at https://www.ukri.org/apply-for-funding/how-we-fund-studentships/. Training grants may be to one organisation or to a consortia of research organisations. This portal will show the lead organisation only.",Training Grant,0,Artificial Intelligence,https://gtr.ukri.org/projects?ref=B2CB163C-BBE7-46EF-B83B-019D159943B6,0.0714,Good Fit
PAIR_0106,00CBBEF2-B62B-4720-B01C-CB8B2294324E,Sophia Ananiadou,Data Science & Statistics,"data science, statistical, big data, analytics, regression, bayesian",https://gtr.ukri.org/person/00CBBEF2-B62B-4720-B01C-CB8B2294324E,0A9C4768-C996-4303-91F1-020F34284F78,Characterising hydrothermal alteration across the Atlantis Massif: IODP Expedition 357,"The oceans covers approximately two thirds of the Earth's surface yet the oldest ocean floor is less than 200 million years old because it is continuously created and destroyed through the plate tectonic cycle. The ocean floor is made of volcanic rocks that form at mid ocean ridges, a global chain of under-water volcanoes that stretch for ~60,000km around the oceans, where two tectonic plates are ",Research Grant,0,Climate & Environment,https://gtr.ukri.org/projects?ref=0A9C4768-C996-4303-91F1-020F34284F78,0.0,Average Fit
PAIR_0182,001743F2-D7F0-4DC0-912A-ACB441351939,Laura Conforti,Biology & Life Sciences,"biology, genetics, cell, molecular, microbiology, neuroscience",https://gtr.ukri.org/person/001743F2-D7F0-4DC0-912A-ACB441351939,B2CB163C-BBE7-46EF-B83B-019D159943B6,Prosperity Partnership Call 3 Strategic Students-Toshiba and University of Bristol,"Doctoral Training Partnerships: a range of postgraduate training is funded by the Research Councils. For information on current funding routes, see the common terminology at https://www.ukri.org/apply-for-funding/how-we-fund-studentships/. Training grants may be to one organisation or to a consortia of research organisations. This portal will show the lead organisation only.",Training Grant,0,Artificial Intelligence,https://gtr.ukri.org/projects?ref=B2CB163C-BBE7-46EF-B83B-019D159943B6,0.0,Average Fit
PAIR_0282,012897B8-0FC0-4398-A0A0-AEB37D2F3BEA,Peter Moody,Biomedical & Health,"cancer, diabetes, drug, clinical, biomedical, genomic",https://gtr.ukri.org/person/012897B8-0FC0-4398-A0A0-AEB37D2F3BEA,9B630DA3-3B77-4839-95AB-01CCCD6A3439,University College London &amp; Oleeo plc,"To use Data Science and Machine Learning techniques to develop intelligent models to support recruitment process, particularly in identifying the best candidate applications for a given role or the best role for a given candidate.",Knowledge Transfer Partnership,0,Artificial Intelligence,https://gtr.ukri.org/projects?ref=9B630DA3-3B77-4839-95AB-01CCCD6A3439,0.0,Bad Fit
PAIR_0016,0003D44F-1FBB-4D63-BDE2-E11D0B191A78,Anjam Khan,Artificial Intelligence,"machine learning, deep learning, neural, artificial intelligence, computer vision, natural language",https://gtr.ukri.org/person/0003D44F-1FBB-4D63-BDE2-E11D0B191A78,C15B5502-F16E-4EC7-BE95-012FF2B55481,Manipulating the chemosynthetic and photosynthetic support of river food webs,"We are probably all familiar with the basic principle that life on earth is reliant on primary production i.e. photosynthetic plants driven by energy from the sun. There was a great deal of interest in 1977 when images of bizarre 6ft tubeworms and giant clams came up from the depths of the Pacific to reveal significant production, indeed whole communities reliant upon chemical energy (chemosynthes",Research Grant,0,Climate & Environment,https://gtr.ukri.org/projects?ref=C15B5502-F16E-4EC7-BE95-012FF2B55481,0.0714,Good Fit
PAIR_0260,008605AC-4E7A-4CEE-B1FD-0203BCF68AC8,Alan Bowman,Climate & Environment,"climate, carbon, greenhouse, sustainability, renewable, net zero",https://gtr.ukri.org/person/008605AC-4E7A-4CEE-B1FD-0203BCF68AC8,CA075234-AD9A-4B24-BC33-002B6AE639BD,"Integrating and developing human, social, and organizational capital in the workplace","The notion of capital crops up a great deal in the business, management and allied academic literatures. This Fellowship is based at the Institute of Work Psychology, where our core interests concern human and social capital i.e. the individual attributes and relationship ties that assist in achieving effective performance now and in the future. We are also interested in human and social capital t",Fellowship,0,Social Sciences,https://gtr.ukri.org/projects?ref=CA075234-AD9A-4B24-BC33-002B6AE639BD,0.0,Bad Fit
PAIR_0112,0172F194-864E-4641-95A2-BD92C8CB1834,Martin Brand,Biology & Life Sciences,"biology, genetics, cell, molecular, microbiology, neuroscience",https://gtr.ukri.org/person/0172F194-864E-4641-95A2-BD92C8CB1834,BD94EFCE-6B29-4EBB-95CE-01C8BEF59E6A,Continuous-flow Synthesis of Functional Polymeric Materials,"In recent years, the field of continuous flow chemistry has become a powerful technique for multi-step synthesis of a wide range of organic compounds. It can provide a faster, cleaner and cheaper means of organic synthesis, while complex, multi-step syntheses can be conducted in series with relatively high yields through the rapid progression of intermediates. At present, most industrial scale pol",Studentship,0,Artificial Intelligence,https://gtr.ukri.org/projects?ref=BD94EFCE-6B29-4EBB-95CE-01C8BEF59E6A,0.0556,Average Fit
PAIR_0080,002398B2-6E97-4D5A-BD3B-D195463D7AE2,Nicola Festuccia,Artificial Intelligence,"machine learning, deep learning, neural, artificial intelligence, computer vision, natural language",https://gtr.ukri.org/person/002398B2-6E97-4D5A-BD3B-D195463D7AE2,CB1F7586-05E0-4A9B-8480-00555BF7B52B,The impact of China's &quot;ecological civilisation&quot; principle on China's management of transboundary rivers in the region.,"My PhD thesis would address the question: How has the Chinese leadership's commitment to the principle of &quot;ecological civilisation&quot; influenced China's approach to transboundary river management? I propose to study the years 2012-2022 using a comparative analysis of three transboundary rivers that flow through China, as outlined in the Methods section below. My aim would be to develop a r",Studentship,0,Social Sciences,https://gtr.ukri.org/projects?ref=CB1F7586-05E0-4A9B-8480-00555BF7B52B,0.0714,Good Fit
PAIR_0032,02A2D0C2-DA3F-48DF-8FD8-F27140FAA0FA,Terence Sloan,Climate & Environment,"climate, carbon, greenhouse, sustainability, renewable, net zero",https://gtr.ukri.org/person/02A2D0C2-DA3F-48DF-8FD8-F27140FAA0FA,CA9FEA1B-CABA-4E8E-A810-0087E1A9971E,Glasgow Caledonian University and IWAD Ghana Limited AAKTP 23_24 R3,"To reduce the vulnerability of Ghanaian tomato production to climate change and variability, this project will embed expertise in smart irrigation products. It will close the gap between agricultural irrigation engineering and smart technologies.",Knowledge Transfer Partnership,0,Artificial Intelligence,https://gtr.ukri.org/projects?ref=CA9FEA1B-CABA-4E8E-A810-0087E1A9971E,0.0667,Good Fit
PAIR_0099,064AF9D4-C0EA-47C5-AAC2-BD5AD0407FCB,Jane Parker,Data Science & Statistics,"data science, statistical, big data, analytics, regression, bayesian",https://gtr.ukri.org/person/064AF9D4-C0EA-47C5-AAC2-BD5AD0407FCB,A2F82815-1B86-474F-9A07-008A0F39C447,Improving Scientific Reproducibility with Applied Philosophy of Science,"Concerns about the replicability of research have continued to interest researchers across a number of scientific disciplines, particularly during the last decade. Within psychology, numerous explanations for low replicability have been proposed. Most notable are the problems of current publication standards, which disincentivise the publication of null findings, as well as incentivising the use o",Studentship,0,Social Sciences,https://gtr.ukri.org/projects?ref=A2F82815-1B86-474F-9A07-008A0F39C447,0.0714,Good Fit
PAIR_0166,002C7B10-8094-4247-BF32-E7A274FB304C,Roy Sanderson,Biomedical & Health,"cancer, diabetes, drug, clinical, biomedical, genomic",https://gtr.ukri.org/person/002C7B10-8094-4247-BF32-E7A274FB304C,0F4A8B27-453D-4D6E-B3DF-01EBCC42F5F1,How does classroom background noise affect inner speech development in children?,"Inner speech (IS) refers to the internal language that individuals experience in their minds, often described as a form of self-directed verbal thinking or a conversation with oneself (Fernyhough, 2010). Recent insights emphasize that inner speech plays a functional role in cognition and executive function (Alderson-Day &amp; Fernyhough, 2015), such as planning (Wallace et al., 2017), behavioural ",Studentship,0,Artificial Intelligence,https://gtr.ukri.org/projects?ref=0F4A8B27-453D-4D6E-B3DF-01EBCC42F5F1,0.0,Average Fit
PAIR_0130,01CA7C61-491E-45B1-AE34-CA0BE91A04C8,Francisca Mutapi,Social Sciences,"social, inequality, education, poverty, policy, community",https://gtr.ukri.org/person/01CA7C61-491E-45B1-AE34-CA0BE91A04C8,A3164EB6-A9DC-40D1-8B7F-00343A9F1628,Robotic technologies for Automated Adaptive Laboratory Evolution,"Context &amp; background:Engineering biology addresses global challenges in healthcare,sustainable biomanufacturing,waste management,and agriculture often through microbial engineering.Adaptive Laboratory Evolution (ALE) is a powerful yet simple method to achieve these goals.By culturing microbes under selection pressures and naturally selecting those that adapt, ALE provides an elegant solution f",Studentship,0,Biology & Life Sciences,https://gtr.ukri.org/projects?ref=A3164EB6-A9DC-40D1-8B7F-00343A9F1628,0.0,Average Fit
PAIR_0048,012897B8-0FC0-4398-A0A0-AEB37D2F3BEA,Peter Moody,Biomedical & Health,"cancer, diabetes, drug, clinical, biomedical, genomic",https://gtr.ukri.org/person/012897B8-0FC0-4398-A0A0-AEB37D2F3BEA,054F6276-968F-45C5-AF49-0181DE4F2F6F,Research and Training to create assets in the form of new companies to develop a new model to generate innovative therapies,Cancer Research UK has partnered with Deep Science Ventures to create an opportunity for early career stage researchers to build ventures that target the complexity of biology. This partnership brings together the world's largest independent funder of cancer research with the unique venture design process of Deep Science Ventures to create a programme that is exhaustive in the search for the best ,Research Grant,0,Biomedical & Health,https://gtr.ukri.org/projects?ref=054F6276-968F-45C5-AF49-0181DE4F2F6F,0.2222,Good Fit
PAIR_0131,0045DBDF-966E-46AB-9209-D8F9CBE4B1FC,Maria Appleyard,Social Sciences,"social, inequality, education, poverty, policy, community",https://gtr.ukri.org/person/0045DBDF-966E-46AB-9209-D8F9CBE4B1FC,ADDABBBD-F94B-4C6F-95CD-014628B3A83E,Office furniture design for remanufacturing,"This project is to investigate how to better design commercial furniture for remanufacturing to address today’s 165,000,000 kg of furniture sent to landfill every year.

It will do this by bringing essential but missing design and remanufacturing skills to our company, enabling us to reshape the furniture put into service so that it has many lifetimes. This will reduce furniture waste, create UK j",Vouchers,0,Cybersecurity & Computing,https://gtr.ukri.org/projects?ref=ADDABBBD-F94B-4C6F-95CD-014628B3A83E,0.0,Average Fit
PAIR_0127,0010221C-C855-4F35-8E36-087BFA9AF15D,David Bunton,Cybersecurity & Computing,"cybersecurity, security, encryption, network, privacy, blockchain",https://gtr.ukri.org/person/0010221C-C855-4F35-8E36-087BFA9AF15D,C0955A07-EC72-459E-9594-01888FC4795E,Mapping the chemistry of phosphorus-containing analogues of urea. From fundamental chemistry to high-performance compounds and materials.,"The isolobal analogy is frequently invoked to draw comparisons between the fundamental chemistry of small inorganic molecules and more established organic species. For example, the diagonal relationship between a methine fragment (C-H) and phosphorous has led to the latter being nicknamed a &quot;carbon-copy&quot;. This has resulted in extensive chemistry aimed at developing phosphorus-containing ",Research Grant,0,Biology & Life Sciences,https://gtr.ukri.org/projects?ref=C0955A07-EC72-459E-9594-01888FC4795E,0.0,Average Fit
PAIR_0104,01CA7C61-491E-45B1-AE34-CA0BE91A04C8,Francisca Mutapi,Social Sciences,"social, inequality, education, poverty, policy, community",https://gtr.ukri.org/person/01CA7C61-491E-45B1-AE34-CA0BE91A04C8,AD63307D-EECA-474C-BA7A-00CCD12C3BBB,Exploring the Efficiency and Sustainability of Green Hydrogen Production: Utilizing Solid State Electrocatalysts and 3D printed cells in Water Electro,"The project aims to utilize our library of solid state electrocatalysts, including thin films, to find efficient ways for hydrogen generation using commercial and 3D printed electrolysis cells. The PhD scholar will also investigate improving the water oxidation reaction efficiency and exploring opportunities to implement electrolysers that can split water. Overall, the focus is on advancing hydrog",Studentship,0,Artificial Intelligence,https://gtr.ukri.org/projects?ref=AD63307D-EECA-474C-BA7A-00CCD12C3BBB,0.0,Average Fit
PAIR_0132,00D084A2-59CF-46B8-9085-AB3881AF13A1,Gino Poulin,Social Sciences,"social, inequality, education, poverty, policy, community",https://gtr.ukri.org/person/00D084A2-59CF-46B8-9085-AB3881AF13A1,0C552636-8921-4940-9DAB-01530F14011A,Safe and Sound - secure and sustainable Cloud3D services,Safe and Sound will enable Hao2.eu to research and develop good practise standards and approaches to deliver secure and sustainable Cloud3D services which proactively anticipate and support the needs of vulnerable groups such as people with autism and learning disabilities.,Vouchers,0,Artificial Intelligence,https://gtr.ukri.org/projects?ref=0C552636-8921-4940-9DAB-01530F14011A,0.0,Average Fit
PAIR_0285,014B5D50-1B76-4A7B-8435-A653096C475F,Giuseppe Battaglia,Cybersecurity & Computing,"cybersecurity, security, encryption, network, privacy, blockchain",https://gtr.ukri.org/person/014B5D50-1B76-4A7B-8435-A653096C475F,0AE039A7-9A84-4943-AA36-001DB5763245,Ferroelectrics for Nanoelectronics (FERN),The evolution of silicon technology since the 1960's has focussed on doubling performance and functionality every 18-24 months through miniaturization. Critical dimensions measured in tens of nanometres are now common place and billions of components connected by miles of wiring can be packed onto a wafer no larger than a thumb nail. Today the focus is shifting away from more scaling (called more ,Research Grant,0,Engineering & Physics,https://gtr.ukri.org/projects?ref=0AE039A7-9A84-4943-AA36-001DB5763245,0.0,Bad Fit
PAIR_0249,0114B0BD-9EB7-4D48-9BD6-3FED2BC45FDD,Chittur Srinivasan,Social Sciences,"social, inequality, education, poverty, policy, community",https://gtr.ukri.org/person/0114B0BD-9EB7-4D48-9BD6-3FED2BC45FDD,B675C972-377A-47D2-A9DD-00D4BF6D112B,'Single truth' Customer Information Services,"The project will develop a cloud-based information management solution that will provide passengers with a

'Single Truth’ of data across on-platform customer information displays and mobile devices. It will provide

passengers with more details about their journey including predicted train capacity, timetable information and

variations, delays, train facilities and journey planning options to he",Collaborative R&D,0,Cybersecurity & Computing,https://gtr.ukri.org/projects?ref=B675C972-377A-47D2-A9DD-00D4BF6D112B,0.0,Bad Fit
PAIR_0178,01CA7C61-491E-45B1-AE34-CA0BE91A04C8,Francisca Mutapi,Social Sciences,"social, inequality, education, poverty, policy, community",https://gtr.ukri.org/person/01CA7C61-491E-45B1-AE34-CA0BE91A04C8,97B77333-7729-4E6E-BE84-0067A6EBA4A9,"UPright radiotherapy: Learning, Innovation, Fellowship and Training","Radiotherapy (RT) is a mainstay of modern cancer treatment. Conventionally, RT is delivered to the patient lying on a treatment couch, while a beam steering device (gantry) aims the radiation from any angle around the target. Positioning the patients in upright body posture (upRT) instead enables to orient the patient arbitrarily toward a fixed beam. This enables smaller facility footprint and red",Training Grant,0,Biomedical & Health,https://gtr.ukri.org/projects?ref=97B77333-7729-4E6E-BE84-0067A6EBA4A9,0.0,Average Fit
PAIR_0093,00532642-0CA1-4022-A929-7B2C4F4D1643,Eric James Hill,Engineering & Physics,"engineering, materials, nanotechnology, quantum, photonics, semiconductor",https://gtr.ukri.org/person/00532642-0CA1-4022-A929-7B2C4F4D1643,D45A282F-EE79-442E-9658-0066F4E17E36,IL microemulsion extractions,"Background
Extraction is a key purification tool in pharmaceutical manufacturing but is mostly done in batch operations. Problems occur with the formation of undesirable emulsions/phases and when extracting hydrophilic species. This research develops the chemistry and engineering of intensified/continuous extraction technology. Apart from traditional solvents, water-hydrophobic ionic liquid system",Studentship,0,Engineering & Physics,https://gtr.ukri.org/projects?ref=D45A282F-EE79-442E-9658-0066F4E17E36,0.25,Good Fit
PAIR_0069,0060F773-2DEB-4A82-80A5-0B4B1AF6A6CD,Adam Eyre-Walker,Climate & Environment,"climate, carbon, greenhouse, sustainability, renewable, net zero",https://gtr.ukri.org/person/0060F773-2DEB-4A82-80A5-0B4B1AF6A6CD,BD94EFCE-6B29-4EBB-95CE-01C8BEF59E6A,Continuous-flow Synthesis of Functional Polymeric Materials,"In recent years, the field of continuous flow chemistry has become a powerful technique for multi-step synthesis of a wide range of organic compounds. It can provide a faster, cleaner and cheaper means of organic synthesis, while complex, multi-step syntheses can be conducted in series with relatively high yields through the rapid progression of intermediates. At present, most industrial scale pol",Studentship,0,Artificial Intelligence,https://gtr.ukri.org/projects?ref=BD94EFCE-6B29-4EBB-95CE-01C8BEF59E6A,0.0667,Good Fit
PAIR_0167,02A2D0C2-DA3F-48DF-8FD8-F27140FAA0FA,Terence Sloan,Climate & Environment,"climate, carbon, greenhouse, sustainability, renewable, net zero",https://gtr.ukri.org/person/02A2D0C2-DA3F-48DF-8FD8-F27140FAA0FA,9B4CAB89-463A-430D-B93F-005554ABED30,rISC - the game of strategic molecular design for high efficiency OLEDs,"Lighting and displays form essential parts of our daily lives and consume approximately 20% of the electricity used worldwide. It has been shown that lights visible from space at night time are an effective measure of a country's economic development, while energy capture through the development of materials that absorb more sunlight is at the heart of attempts to reduce our reliance upon unsustai",Research Grant,0,Engineering & Physics,https://gtr.ukri.org/projects?ref=9B4CAB89-463A-430D-B93F-005554ABED30,0.0,Average Fit
PAIR_0011,00617D87-DD49-4D85-9C6D-D69BB8A58B62,Ian Henderson,Engineering & Physics,"engineering, materials, nanotechnology, quantum, photonics, semiconductor",https://gtr.ukri.org/person/00617D87-DD49-4D85-9C6D-D69BB8A58B62,BB525BE1-6080-4537-A3E0-00E0849BD0BA,Development of Smart Hydrogel Oscillators,"Smart hydrogels have become a popular area of research which covers everything from temperature and pH stimulated gel-based systems [1] to more complex fields such as biomimetic [2] and electrochemical systems [3]. Research on these systems has reinforced the core concept that the ability of these systems to swell and absorb fluids while retaining their structure [4], followed by, the subsequent c",Studentship,0,Engineering & Physics,https://gtr.ukri.org/projects?ref=BB525BE1-6080-4537-A3E0-00E0849BD0BA,0.125,Good Fit
PAIR_0109,0045DBDF-966E-46AB-9209-D8F9CBE4B1FC,Maria Appleyard,Social Sciences,"social, inequality, education, poverty, policy, community",https://gtr.ukri.org/person/0045DBDF-966E-46AB-9209-D8F9CBE4B1FC,D34A9643-6779-493D-B3AC-00409713B105,Robust statistical method development for multivariate integrated modelling in genomic epidemiology,"Obesity is a growing public health problem as it is associated with increased risk of cardiovascular disease, type-2 diabetes and premature death. Adult weight and risk for obesity are highly heritable traits, but currently we have limited knowledge of the specific genetic risk-factors and the detailed biological mechanisms behind obesity. Understanding the complex mechanisms underlying obesity, a",Fellowship,0,Biomedical & Health,https://gtr.ukri.org/projects?ref=D34A9643-6779-493D-B3AC-00409713B105,0.0588,Average Fit
PAIR_0179,00549524-FBFA-487B-BCFD-5E09C2330D59,Luc Bussiere,Biology & Life Sciences,"biology, genetics, cell, molecular, microbiology, neuroscience",https://gtr.ukri.org/person/00549524-FBFA-487B-BCFD-5E09C2330D59,AC8ECA2B-0427-4876-9314-01599AFB31E8,Robust graph analysis of brain connectivity,"A broad range of neurological diseases and disorders have been linked with pathological alterations in the connectivity of the brain. However, robust methods for identifying and characterising abnormalities in connectivity, their evolution over time and response to treatments, are lacking; and addressing this omission represents a pressing clinical need. In this proposal we aim to meet this need u",Research Grant,0,Biomedical & Health,https://gtr.ukri.org/projects?ref=AC8ECA2B-0427-4876-9314-01599AFB31E8,0.0556,Average Fit
PAIR_0096,0172F194-864E-4641-95A2-BD92C8CB1834,Martin Brand,Biology & Life Sciences,"biology, genetics, cell, molecular, microbiology, neuroscience",https://gtr.ukri.org/person/0172F194-864E-4641-95A2-BD92C8CB1834,D1B1EDEB-9F88-4E4D-ACC6-01AB54F75647,Building resilient and future-proofed ecologies in an Anthropocene landscape,"Overview: 
The English Midlands is a highly human-modified landscape that is farmed, managed, and urban, with remnant woodlands. Into these landscapes non-native species have been introduced (e.g., Jenkin's spire snail, Indian balsam and Japanese knotweed) reflecting a global phenomenon of accelerating biosphere homogenisation. Introduced species can be beneficial, neutral or damaging. Many prolif",Studentship,0,Climate & Environment,https://gtr.ukri.org/projects?ref=D1B1EDEB-9F88-4E4D-ACC6-01AB54F75647,0.1111,Good Fit
PAIR_0297,00FAA1C0-3601-4DEA-B4C2-783E49E49868,Liam Morrison,Climate & Environment,"climate, carbon, greenhouse, sustainability, renewable, net zero",https://gtr.ukri.org/person/00FAA1C0-3601-4DEA-B4C2-783E49E49868,13D8539D-2FF6-4FAC-A36C-005678E6DAFF,Building Banter,"People in buildings feel disengaged and disempowered to take energy saving actions. Overall, this project will improve energy efficiency by involving building users in engaging and ongoing conversations prompting energy efficiency actions in building environments. By exploiting and co-opting existing technologies, and developing a user-centered design approach, it will deliver 'conversational tool",Research Grant,0,Data Science & Statistics,https://gtr.ukri.org/projects?ref=13D8539D-2FF6-4FAC-A36C-005678E6DAFF,0.0,Bad Fit
PAIR_0065,00549524-FBFA-487B-BCFD-5E09C2330D59,Luc Bussiere,Biology & Life Sciences,"biology, genetics, cell, molecular, microbiology, neuroscience",https://gtr.ukri.org/person/00549524-FBFA-487B-BCFD-5E09C2330D59,C23E381B-E09E-43E6-A47B-01769E863533,Understanding how disease-causing NMDA-R mutations influence synaptic development and function across brain regions.,"Neuroscience and Mental health Short summary: Neurodevelopmental disorders are a major global health burden. One main challenge is understanding how, despite influencing the same genes, individual mutations can cause distinct symptoms, that emerge at distinct stages of development. This project combines mouse genetics, high-throughput imaging, and sophisticated circuit and behavioural analyses to ",Studentship,0,Biomedical & Health,https://gtr.ukri.org/projects?ref=C23E381B-E09E-43E6-A47B-01769E863533,0.1111,Good Fit
PAIR_0221,008605AC-4E7A-4CEE-B1FD-0203BCF68AC8,Alan Bowman,Climate & Environment,"climate, carbon, greenhouse, sustainability, renewable, net zero",https://gtr.ukri.org/person/008605AC-4E7A-4CEE-B1FD-0203BCF68AC8,A6691F72-D5CE-476E-88D2-01AD6619906D,"The Structure of the Universe: Cosmology, Exoplanets and Lattice QCD - supplementary grant","The proposal will advance the ambitious goals set out in the STFC Consolidated Grant, entitled Unveiling the Structure of the Universe. In particular, it will advance the study of processes in the solar atmosphere, it will provide new tests of modified gravity, it will advance the application of new statistical tools to galaxy surveys, and it will support the computing and programming support for ",Research Grant,0,Data Science & Statistics,https://gtr.ukri.org/projects?ref=A6691F72-D5CE-476E-88D2-01AD6619906D,0.0,Bad Fit
PAIR_0122,06C04367-189B-463C-AB59-358739FA3954,Vardhman Rakyan,Climate & Environment,"climate, carbon, greenhouse, sustainability, renewable, net zero",https://gtr.ukri.org/person/06C04367-189B-463C-AB59-358739FA3954,02F3633C-D09A-40F6-A13C-008DE4798432,PATT Linked Grant for observational astrophysics at QUB: 2016 - 2018,"Our proposal seeks to renew the PATT Linked Grant at Queen's University Belfast. This award will cover our travel and subsistence costs to both STFC and non-STFC observing facilities. The major topics of observational astrophysics research to be covered by the PATT Linked Grant include: 


- investigations of supernovae and the end stages of stellar evolution; 

- high temporal, spatial and spectr",Research Grant,0,Cybersecurity & Computing,https://gtr.ukri.org/projects?ref=02F3633C-D09A-40F6-A13C-008DE4798432,0.0,Average Fit
PAIR_0281,0174F950-DD73-4DE1-B2DC-6F7E227CA073,Patrick Baker,Climate & Environment,"climate, carbon, greenhouse, sustainability, renewable, net zero",https://gtr.ukri.org/person/0174F950-DD73-4DE1-B2DC-6F7E227CA073,ABD6A8B6-507A-4A9E-83D8-0103E9C13468,Vaginal drug delivery system using advanced material,"Liberum health is a UK based biotech company. Our mission is to address the unmet needs of women's health by providing smart solutions to help manage chronic condition such as pelvic pain and endometriosis, menopause, incontinence and pelvic infections.

Our solution is a drug delivery system made for women, comprised of a biodegradable material. It serves as a vehicle to deliver established treat",Grant for R&D,0,Biomedical & Health,https://gtr.ukri.org/projects?ref=ABD6A8B6-507A-4A9E-83D8-0103E9C13468,0.0,Bad Fit
PAIR_0115,015782DF-483F-4813-AA42-AEEC01AF732A,Ilik Saccheri,Social Sciences,"social, inequality, education, poverty, policy, community",https://gtr.ukri.org/person/015782DF-483F-4813-AA42-AEEC01AF732A,9CA4E0B4-2108-4C3A-923F-00B1E984E05F,Exploring interventions to maintain and prolong healthy skin function for an ageing population,"Life expectancy globally and in the UK has increased and this brings many health-related challenges, including how best to support and maintain health in older people. Ageing affects every organ in our body, including our skin. As we age, the function of our skin declines; it becomes more fragile, its strength and resilience are reduced and, when challenged, it is less able to repair any damage. T",Research Grant,0,Biology & Life Sciences,https://gtr.ukri.org/projects?ref=9CA4E0B4-2108-4C3A-923F-00B1E984E05F,0.0588,Average Fit
PAIR_0002,0172F194-864E-4641-95A2-BD92C8CB1834,Martin Brand,Biology & Life Sciences,"biology, genetics, cell, molecular, microbiology, neuroscience",https://gtr.ukri.org/person/0172F194-864E-4641-95A2-BD92C8CB1834,96B3620E-555A-4E61-A081-017E89040F9C,Arctic Biosphere-Atmosphere Coupling across multiple Scales (ABACUS).,"Climate warming is resulting from disruption of the global carbon cycle. The Arctic is already warming significantly, and warming is expected to be fastest and greatest at high latitudes, 4-7 degrees C over the next century. However, there are complex links among climate, the carbon cycle and the global energy balance which mean that the details of such global changes remain poorly understood. We ",Research Grant,0,Climate & Environment,https://gtr.ukri.org/projects?ref=96B3620E-555A-4E61-A081-017E89040F9C,0.1111,Good Fit
PAIR_0095,013D7260-5109-427D-BE5E-0A01B01E462E,Robert Janes,Social Sciences,"social, inequality, education, poverty, policy, community",https://gtr.ukri.org/person/013D7260-5109-427D-BE5E-0A01B01E462E,CB1F7586-05E0-4A9B-8480-00555BF7B52B,The impact of China's &quot;ecological civilisation&quot; principle on China's management of transboundary rivers in the region.,"My PhD thesis would address the question: How has the Chinese leadership's commitment to the principle of &quot;ecological civilisation&quot; influenced China's approach to transboundary river management? I propose to study the years 2012-2022 using a comparative analysis of three transboundary rivers that flow through China, as outlined in the Methods section below. My aim would be to develop a r",Studentship,0,Social Sciences,https://gtr.ukri.org/projects?ref=CB1F7586-05E0-4A9B-8480-00555BF7B52B,0.1176,Good Fit
PAIR_0097,0010221C-C855-4F35-8E36-087BFA9AF15D,David Bunton,Cybersecurity & Computing,"cybersecurity, security, encryption, network, privacy, blockchain",https://gtr.ukri.org/person/0010221C-C855-4F35-8E36-087BFA9AF15D,A801D76F-ADCA-4143-AD4A-01CEF616DD0F,Interpreting and targeting NERC-funded research outputs to inform and influence marine policy,"Knowledge exchange activities are often limited in funding, and the communication formats respected in the scientific community, such as peer-reviewed publications and scientific conference talks, are not appropriate to disseminate research to policy and decision makers. Policy makers and scientists communicate in their own jargon-centric languages, which leads to miscommunications and lack of und",Fellowship,0,Social Sciences,https://gtr.ukri.org/projects?ref=A801D76F-ADCA-4143-AD4A-01CEF616DD0F,0.0667,Good Fit
PAIR_0210,0114B0BD-9EB7-4D48-9BD6-3FED2BC45FDD,Chittur Srinivasan,Social Sciences,"social, inequality, education, poverty, policy, community",https://gtr.ukri.org/person/0114B0BD-9EB7-4D48-9BD6-3FED2BC45FDD,ACB57DB2-B92F-460E-AA8E-00F08E840C6E,fusing MEDICAL IMAGES and CFD for precision VASCULAR INTERVENTIONS (MEDICARE),"Abstracts are not currently available in GtR for all funded research. This is normally because the abstract was not required at the time of proposal submission, but may be because it included sensitive information such as personal details.",Research Grant,0,Artificial Intelligence,https://gtr.ukri.org/projects?ref=ACB57DB2-B92F-460E-AA8E-00F08E840C6E,0.0,Bad Fit
PAIR_0272,014CFEB2-3043-440B-973B-8ABD8974DBF3,Kenneth Carslaw,Biomedical & Health,"cancer, diabetes, drug, clinical, biomedical, genomic",https://gtr.ukri.org/person/014CFEB2-3043-440B-973B-8ABD8974DBF3,B4E7F3DB-2AA6-4EC1-A57E-00FB8CB34046,Translating technical solutions into socio-technical possibilities: enabling technological transfer in the Bangladesh shipbreaking industry,"Abstracts are not currently available in GtR for all funded research. This is normally because the abstract was not required at the time of proposal submission, but may be because it included sensitive information such as personal details.",Research Grant,0,Artificial Intelligence,https://gtr.ukri.org/projects?ref=B4E7F3DB-2AA6-4EC1-A57E-00FB8CB34046,0.0,Bad Fit
PAIR_0209,01222E1F-13BA-40DE-A5AB-251A80992C3C,Edward Codling,Cybersecurity & Computing,"cybersecurity, security, encryption, network, privacy, blockchain",https://gtr.ukri.org/person/01222E1F-13BA-40DE-A5AB-251A80992C3C,BFC030B7-5738-42D1-A9FD-001158F21276,Valuing the mental health and well-being benefits of nature engagement through measures of soundscape complexity,"There is growing recognition of the value and benefits of spending time in nature for human health and well-being, with governments and organisations around the world now developing green prescribing programmes to treat mental health issues and support mental well-being through contact with nature. The COVID-19 pandemic has served to highlight the value of such contact, both in terms of the detrim",Research Grant,0,Social Sciences,https://gtr.ukri.org/projects?ref=BFC030B7-5738-42D1-A9FD-001158F21276,0.0,Bad Fit
PAIR_0189,003D7630-E76C-44A3-BF57-0CBEAED99FBC,John Aston,Data Science & Statistics,"data science, statistical, big data, analytics, regression, bayesian",https://gtr.ukri.org/person/003D7630-E76C-44A3-BF57-0CBEAED99FBC,0D6E6D94-136D-4B17-8B74-00F4E6632CFA,FLICC (Front of pack food Labelling: Impact on Consumer Choice),"Since 2006, retailers and manufacturers in the UK have begun using front of pack (FOP) nutrition labelling on foods. Presently, around four fifths of foods in UK supermarkets carry FOP labelling. There have been many studies of consumer understanding of FOP labelling, and of use of FOP labelling in experimental settings. However, little is known about how consumers use FOP labelling in real-life s",Research Grant,0,Social Sciences,https://gtr.ukri.org/projects?ref=0D6E6D94-136D-4B17-8B74-00F4E6632CFA,0.0,Average Fit
PAIR_0018,00FAA1C0-3601-4DEA-B4C2-783E49E49868,Liam Morrison,Climate & Environment,"climate, carbon, greenhouse, sustainability, renewable, net zero",https://gtr.ukri.org/person/00FAA1C0-3601-4DEA-B4C2-783E49E49868,AB33C0B8-DCB9-4AF1-A4A6-018C09D2BEAA,FCL/B: An Integrated VSC-HVDC Fault Current Limiter/Breaker,"Multi-terminal DC networks and meshed DC grids have been advocated by transmission utilities, industry and academe, as a potentially more cost effective means of integrating offshore renewable energy than point-to-point links. National Grid's Electricity Ten Year Statements and the European Network of Transmission System Operators for Electricity's Ten Year Network Development Plan as well as stud",Research Grant,0,Artificial Intelligence,https://gtr.ukri.org/projects?ref=AB33C0B8-DCB9-4AF1-A4A6-018C09D2BEAA,0.0667,Good Fit
PAIR_0021,00AF0809-D14D-4147-BE92-6FC2CF313B28,Peter Keightley,Artificial Intelligence,"machine learning, deep learning, neural, artificial intelligence, computer vision, natural language",https://gtr.ukri.org/person/00AF0809-D14D-4147-BE92-6FC2CF313B28,A350FE58-5F21-482C-B12B-013C0BBD80F2,Stratification of Patients using advanced Integrative modelling of Data Routinely acquired for diagnosing Rheumatic complaints,"Globally 1.Globally 1.71 billion people have musculoskeletal symptoms, the leading contributor to disability. Early disease stratification is important to ensure appropriate care (most suited healthcare provider and best treatment choice). Currently the patient journey to diagnosis and effective treatment is long and inefficient, resulting in persistent disease burden and economical loss. This is ",EU-Funded,0,Biomedical & Health,https://gtr.ukri.org/projects?ref=A350FE58-5F21-482C-B12B-013C0BBD80F2,0.1429,Good Fit
PAIR_0174,06958A48-8D6D-4E9C-B204-570E76AB3CAA,Pat Doyle,Cybersecurity & Computing,"cybersecurity, security, encryption, network, privacy, blockchain",https://gtr.ukri.org/person/06958A48-8D6D-4E9C-B204-570E76AB3CAA,C1611458-9FED-4910-8BD5-017866260BFE,"Historicising and reconnecting rural community: black presences and the legacies of slavery and colonialism in rural Britain, c.1600-1939","The conventional image of the English country house is one of luxury and splendour and forms part of a wider rural idyll central to ideas of British identity and rural community. This project aims to unpack such conventions by reviewing evidence from a range of sources and disciplines of the historical impacts of slavery and colonialism on the British countryside, including evidence on black lives",Research Grant,0,Social Sciences,https://gtr.ukri.org/projects?ref=C1611458-9FED-4910-8BD5-017866260BFE,0.0,Average Fit
PAIR_0216,01103B71-79AE-4060-AFAD-291F3A9F8ECE,Yonghong Peng,Data Science & Statistics,"data science, statistical, big data, analytics, regression, bayesian",https://gtr.ukri.org/person/01103B71-79AE-4060-AFAD-291F3A9F8ECE,B322A237-8D39-42A1-B698-0143E645A1B9,"&quot;Deportation, regardless of justice: An examination of the experiences and effects of the 'deport first, appeal later' policy on foreign national pris","Criminological research into borders, the mass movement of people and, perhaps more importantly, the associated (perceived) necessity to control migrant populations has become a burgeoning and essential field of study. In an ever more global society where people are increasingly mobile and able to cross borders, it is unsurprising that there has become a perceived need for control of migrant popul",Studentship,0,Social Sciences,https://gtr.ukri.org/projects?ref=B322A237-8D39-42A1-B698-0143E645A1B9,0.0,Bad Fit
PAIR_0153,00D084A2-59CF-46B8-9085-AB3881AF13A1,Gino Poulin,Social Sciences,"social, inequality, education, poverty, policy, community",https://gtr.ukri.org/person/00D084A2-59CF-46B8-9085-AB3881AF13A1,C9A24933-11F5-4870-85A0-002E47C2E6BF,"Learning, Approximating and Minimising Streaming Automata for Large-scale Optimisation","The proposed research lies at the interface of the areas of verification and machine learning, interactions of which are attracting a lot of attention currently and of potential huge benefits for both sides.

Verification is this domain of computer science aiming at checking and certifying computer systems. Computer systems are increasingly used at all levels of society and peoples' lives and it i",Research Grant,0,Artificial Intelligence,https://gtr.ukri.org/projects?ref=C9A24933-11F5-4870-85A0-002E47C2E6BF,0.0588,Average Fit
PAIR_0253,00FAA1C0-3601-4DEA-B4C2-783E49E49868,Liam Morrison,Climate & Environment,"climate, carbon, greenhouse, sustainability, renewable, net zero",https://gtr.ukri.org/person/00FAA1C0-3601-4DEA-B4C2-783E49E49868,C2C6F6A3-0243-4E98-A00D-00351CB6B4E9,Optimising the Mobility of Nanoporous Oxides,"The project aims to develop practical strategies to improve the mobility of nanoporous metal oxide films by reducing charge trapping at surface and interfaces. It will combine first principles theoretical modelling with structural, spectroscopic and photophysical materials characterisation, in order to understand charge trapping at an atomistic level and guide material modification strategies to i",Studentship,0,Data Science & Statistics,https://gtr.ukri.org/projects?ref=C2C6F6A3-0243-4E98-A00D-00351CB6B4E9,0.0,Bad Fit
PAIR_0063,00D084A2-59CF-46B8-9085-AB3881AF13A1,Gino Poulin,Social Sciences,"social, inequality, education, poverty, policy, community",https://gtr.ukri.org/person/00D084A2-59CF-46B8-9085-AB3881AF13A1,D0FCC262-276C-41D3-9A3C-01EBBF3C8092,Feeling the untouchable: Haptic touch experiences for naturalistic learning,"As we confront the global sustainability challenges of our time, schools need to address modern culture's disassociation with the natural world. Our transformative vision is to bring to life naturalistic learning through touch experiences, thereby creating cognitive and affective connections between school students' science learning and their personal and societal relevance. We will co-design new ",Research and Innovation,0,Climate & Environment,https://gtr.ukri.org/projects?ref=D0FCC262-276C-41D3-9A3C-01EBBF3C8092,0.1765,Good Fit
PAIR_0015,00FAA1C0-3601-4DEA-B4C2-783E49E49868,Liam Morrison,Climate & Environment,"climate, carbon, greenhouse, sustainability, renewable, net zero",https://gtr.ukri.org/person/00FAA1C0-3601-4DEA-B4C2-783E49E49868,B3526568-5A5F-4D1E-BB3B-0157D4D652CD,South American Biomass Burning Analysis (SAMBBA),"Biomass burning aerosol (BBA) exerts a considerable impact on regional radiation budgets as it significantly perturbs the surface fluxes and atmospheric heating rates and its cloud nucleating (CCN) properties perturb cloud microphysics and hence affect cloud radiative properties, precipitation and cloud lifetime. It is likely that such large influences on heating rates and CCN will affect regional",Research Grant,0,Climate & Environment,https://gtr.ukri.org/projects?ref=B3526568-5A5F-4D1E-BB3B-0157D4D652CD,0.2667,Good Fit
PAIR_0140,0114B0BD-9EB7-4D48-9BD6-3FED2BC45FDD,Chittur Srinivasan,Social Sciences,"social, inequality, education, poverty, policy, community",https://gtr.ukri.org/person/0114B0BD-9EB7-4D48-9BD6-3FED2BC45FDD,AEA7A0C1-1767-4D72-B7C8-00C238E4A0B8,"Shifting climate as a predictor for change in marine biodiversity at local, regional and global scales","Climate change affects everyone and every living thing on the planet. There is a general agreement among scientists that the world is warming, and that burning coal, gas and oil by people is the main reason for this, through the production of greenhouse gases, primarily carbon dioxide. 
 
As people living in poverty are vulnerable to the effects of change, so are those organisms living near their ",Research Grant,0,Climate & Environment,https://gtr.ukri.org/projects?ref=AEA7A0C1-1767-4D72-B7C8-00C238E4A0B8,0.0588,Average Fit
PAIR_0298,013D7260-5109-427D-BE5E-0A01B01E462E,Robert Janes,Social Sciences,"social, inequality, education, poverty, policy, community",https://gtr.ukri.org/person/013D7260-5109-427D-BE5E-0A01B01E462E,C3405A47-EB4C-45BD-85D4-00E340EEE253,Bioinformatic analysis,"Abstracts are not currently available in GtR for all funded research. This is normally because the abstract was not required at the time of proposal submission, but may be because it included sensitive information such as personal details.",Institute Project,0,Artificial Intelligence,https://gtr.ukri.org/projects?ref=C3405A47-EB4C-45BD-85D4-00E340EEE253,0.0,Bad Fit
PAIR_0263,0162C637-4178-4CDC-B689-28716D3C4F53,Mike Barrett,Cybersecurity & Computing,"cybersecurity, security, encryption, network, privacy, blockchain",https://gtr.ukri.org/person/0162C637-4178-4CDC-B689-28716D3C4F53,CB193A33-9836-49D5-B74C-020AB71DF312,New insights into the deposit architecture and emplacement mechanisms of block-and-ash flows using ground penetrating radar,"Block-and-ash flows (BAFs) are amongst the most dangerous volcanic phenomena on the planet. Generated by gravitational or explosive collapses of viscous lava domes or by the collapse of vulcanian-type eruption columns, BAFs are common at many active subduction zone volcanoes, including Colima (Mexico), Unzen (Japan), Soufri&egrave;re Hills (Montserrat), Arenal (Costa Rica) and Merapi (Indonesia), ",Research Grant,0,Artificial Intelligence,https://gtr.ukri.org/projects?ref=CB193A33-9836-49D5-B74C-020AB71DF312,0.0,Bad Fit
PAIR_0213,0066B5FC-8A64-4FF0-9F26-19CCCAEFA2A6,Mark Saunders,Biology & Life Sciences,"biology, genetics, cell, molecular, microbiology, neuroscience",https://gtr.ukri.org/person/0066B5FC-8A64-4FF0-9F26-19CCCAEFA2A6,B6549991-C248-4CD8-9E40-00EF475F0A28,Business Engagement Award,"Abstracts are not currently available in GtR for all funded research. This is normally because the abstract was not required at the time of proposal submission, but may be because it included sensitive information such as personal details.",Research Grant,0,Artificial Intelligence,https://gtr.ukri.org/projects?ref=B6549991-C248-4CD8-9E40-00EF475F0A28,0.0,Bad Fit
PAIR_0078,003D7630-E76C-44A3-BF57-0CBEAED99FBC,John Aston,Data Science & Statistics,"data science, statistical, big data, analytics, regression, bayesian",https://gtr.ukri.org/person/003D7630-E76C-44A3-BF57-0CBEAED99FBC,977F5498-4E0A-47CE-BC4E-009747B0AACA,Optipress Stepped change in precision and strength optimisation capability for steel fabrications,"The fuel rail is a pressure reservoir which feeds fuel injectors with fuel from a high pressure fuel pump, it works in a very demanding environment experiencing high cycle fatigue due to high frequency pressure fluctuation. The Optipress project will innovate fuel rails design by connecting design tools for FEA, distortion prediction and fatigue design to maximise the potential for autonomous desi",Collaborative R&D,0,Artificial Intelligence,https://gtr.ukri.org/projects?ref=977F5498-4E0A-47CE-BC4E-009747B0AACA,0.1429,Good Fit
PAIR_0046,02A2D0C2-DA3F-48DF-8FD8-F27140FAA0FA,Terence Sloan,Climate & Environment,"climate, carbon, greenhouse, sustainability, renewable, net zero",https://gtr.ukri.org/person/02A2D0C2-DA3F-48DF-8FD8-F27140FAA0FA,D0FCC262-276C-41D3-9A3C-01EBBF3C8092,Feeling the untouchable: Haptic touch experiences for naturalistic learning,"As we confront the global sustainability challenges of our time, schools need to address modern culture's disassociation with the natural world. Our transformative vision is to bring to life naturalistic learning through touch experiences, thereby creating cognitive and affective connections between school students' science learning and their personal and societal relevance. We will co-design new ",Research and Innovation,0,Climate & Environment,https://gtr.ukri.org/projects?ref=D0FCC262-276C-41D3-9A3C-01EBBF3C8092,0.2,Good Fit
PAIR_0101,003D7630-E76C-44A3-BF57-0CBEAED99FBC,John Aston,Data Science & Statistics,"data science, statistical, big data, analytics, regression, bayesian",https://gtr.ukri.org/person/003D7630-E76C-44A3-BF57-0CBEAED99FBC,B1AC346A-A171-4C1F-B95D-01ABEFAF5E91,Industrial CASE Account - University of Leeds 2015,"Doctoral Training Partnerships: a range of postgraduate training is funded by the Research Councils. For information on current funding routes, see the common terminology at https://www.ukri.org/apply-for-funding/how-we-fund-studentships/. Training grants may be to one organisation or to a consortia of research organisations. This portal will show the lead organisation only.",Training Grant,0,Artificial Intelligence,https://gtr.ukri.org/projects?ref=B1AC346A-A171-4C1F-B95D-01ABEFAF5E91,0.0,Average Fit
PAIR_0139,002C2C0C-07F0-4DBF-BAEC-C97B047EF4AE,Holly Blake,Climate & Environment,"climate, carbon, greenhouse, sustainability, renewable, net zero",https://gtr.ukri.org/person/002C2C0C-07F0-4DBF-BAEC-C97B047EF4AE,BBAD08CB-426F-4ED0-8C04-00981DAE0912,INNATE Investigating the nature and origins of exoplanets in the Neptunian desert,"Our knowledge of exoplanets has undergone a step change since the discovery of 51 Peg b 25 years ago. Planets are now commonplace, with most stars found to be hosting planetary systems. In the set of over 4300 planets known, trends and gaps in the distribution are seen with respect to planet size, composition and host star properties, arising from the formation and evolution processes which sculpt",Research Grant,0,Biology & Life Sciences,https://gtr.ukri.org/projects?ref=BBAD08CB-426F-4ED0-8C04-00981DAE0912,0.0,Average Fit
PAIR_0225,0162C637-4178-4CDC-B689-28716D3C4F53,Mike Barrett,Cybersecurity & Computing,"cybersecurity, security, encryption, network, privacy, blockchain",https://gtr.ukri.org/person/0162C637-4178-4CDC-B689-28716D3C4F53,11647C16-2E6A-461E-9CEF-016441EC199F,Is ice loss from West Antarctica driven by ocean forcing or ice and ocean feedbacks?,"The Antarctic Ice Sheet is a mass of ice larger than Europe, in some places several kilometres from top to bottom. Fed by snowfall over its interior, it spreads out under its own weight, going afloat at its edge in the form of enormous ice shelves with areas ranging from that of Greater London to that of France. The ice shelves are then melted from below by waters from the Southern Ocean. The inpu",Research Grant,0,Climate & Environment,https://gtr.ukri.org/projects?ref=11647C16-2E6A-461E-9CEF-016441EC199F,0.0,Bad Fit
PAIR_0118,002C7B10-8094-4247-BF32-E7A274FB304C,Roy Sanderson,Biomedical & Health,"cancer, diabetes, drug, clinical, biomedical, genomic",https://gtr.ukri.org/person/002C7B10-8094-4247-BF32-E7A274FB304C,A4331025-F7E6-452F-ADDB-0000EE4638E3,Open Access Block Award 2022 - Edinburgh Napier University,"Abstracts are not currently available in GtR for all funded research. This is normally because the abstract was not required at the time of proposal submission, but may be because it included sensitive information such as personal details.",Research Grant,0,Artificial Intelligence,https://gtr.ukri.org/projects?ref=A4331025-F7E6-452F-ADDB-0000EE4638E3,0.0,Average Fit
PAIR_0119,002C7B10-8094-4247-BF32-E7A274FB304C,Roy Sanderson,Biomedical & Health,"cancer, diabetes, drug, clinical, biomedical, genomic",https://gtr.ukri.org/person/002C7B10-8094-4247-BF32-E7A274FB304C,BFBBAC21-1735-42FA-A8C4-0067E0E2EC5E,SA-ISO and CREST certification,"We are a specialist IT/Data Security &amp; Compliance company with many years of direct security experience and industry relevant qualifications, providing a niche service offering to forward thinking businesses. We specialise in the following services:Penetration Testing (Ethical hacking)Cybersecurity Consultancy3rd Party Audit and Due DiligenceWebsite SecurityApplication/Software SecurityNetwork",Vouchers,0,Cybersecurity & Computing,https://gtr.ukri.org/projects?ref=BFBBAC21-1735-42FA-A8C4-0067E0E2EC5E,0.0,Average Fit
PAIR_0169,003D7630-E76C-44A3-BF57-0CBEAED99FBC,John Aston,Data Science & Statistics,"data science, statistical, big data, analytics, regression, bayesian",https://gtr.ukri.org/person/003D7630-E76C-44A3-BF57-0CBEAED99FBC,AE88FD6C-7C12-45E7-BCF4-00859BF82052,Improving predictive validity of tumour markers. Developing and validating predictive models using a nationally representative UK primary care databas,Improving predictive validity of tumour markers. Developing and validating predictive models using a nationally representative UK primary care database,Studentship,0,Engineering & Physics,https://gtr.ukri.org/projects?ref=AE88FD6C-7C12-45E7-BCF4-00859BF82052,0.0,Average Fit
PAIR_0135,0172F194-864E-4641-95A2-BD92C8CB1834,Martin Brand,Biology & Life Sciences,"biology, genetics, cell, molecular, microbiology, neuroscience",https://gtr.ukri.org/person/0172F194-864E-4641-95A2-BD92C8CB1834,B45F1AB9-E8B4-4136-9F17-003D5077FA4C,Development of Parallel Search Algorithms,"Many computational tools in the materials and chemistry discipline make use of geometry optimisation techniques, often minimisation of the energy with respect to the atomic positions to find equilibrium structures, or saddle points on the potential energy surface to locate transition states for a chemical reaction. Traditionally these stationary points are found by performing energy and force calc",Research Grant,0,Artificial Intelligence,https://gtr.ukri.org/projects?ref=B45F1AB9-E8B4-4136-9F17-003D5077FA4C,0.0556,Average Fit
PAIR_0124,01CA7C61-491E-45B1-AE34-CA0BE91A04C8,Francisca Mutapi,Social Sciences,"social, inequality, education, poverty, policy, community",https://gtr.ukri.org/person/01CA7C61-491E-45B1-AE34-CA0BE91A04C8,C2C6F6A3-0243-4E98-A00D-00351CB6B4E9,Optimising the Mobility of Nanoporous Oxides,"The project aims to develop practical strategies to improve the mobility of nanoporous metal oxide films by reducing charge trapping at surface and interfaces. It will combine first principles theoretical modelling with structural, spectroscopic and photophysical materials characterisation, in order to understand charge trapping at an atomistic level and guide material modification strategies to i",Studentship,0,Data Science & Statistics,https://gtr.ukri.org/projects?ref=C2C6F6A3-0243-4E98-A00D-00351CB6B4E9,0.0,Average Fit
PAIR_0212,015782DF-483F-4813-AA42-AEEC01AF732A,Ilik Saccheri,Social Sciences,"social, inequality, education, poverty, policy, community",https://gtr.ukri.org/person/015782DF-483F-4813-AA42-AEEC01AF732A,D1C2648B-6D66-4C94-92C1-00F0E2E1366D,Developing nutrient-enriched cereal grains with large embryos.,"Abstracts are not currently available in GtR for all funded research. This is normally because the abstract was not required at the time of proposal submission, but may be because it included sensitive information such as personal details.",Research Grant,0,Artificial Intelligence,https://gtr.ukri.org/projects?ref=D1C2648B-6D66-4C94-92C1-00F0E2E1366D,0.0,Bad Fit
PAIR_0286,01103B71-79AE-4060-AFAD-291F3A9F8ECE,Yonghong Peng,Data Science & Statistics,"data science, statistical, big data, analytics, regression, bayesian",https://gtr.ukri.org/person/01103B71-79AE-4060-AFAD-291F3A9F8ECE,0355D174-E641-4AEC-A421-00DB6DF1D88B,Disruption to the development of maternal sensitivity: the impact of depression and alcohol use during pregnancy on mother-infant interactions.,"Abstracts are not currently available in GtR for all funded research. This is normally because the abstract was not required at the time of proposal submission, but may be because it included sensitive information such as personal details.",Research Grant,0,Artificial Intelligence,https://gtr.ukri.org/projects?ref=0355D174-E641-4AEC-A421-00DB6DF1D88B,0.0,Bad Fit
PAIR_0067,00AF0809-D14D-4147-BE92-6FC2CF313B28,Peter Keightley,Artificial Intelligence,"machine learning, deep learning, neural, artificial intelligence, computer vision, natural language",https://gtr.ukri.org/person/00AF0809-D14D-4147-BE92-6FC2CF313B28,045FB772-28BF-4EE1-B494-005C814D548E,Cuba: Application of 'omics in the metabolic study of high cell density continuous cell cultures of recombinant NS0 myeloma cell lines,"Abstracts are not currently available in GtR for all funded research. This is normally because the abstract was not required at the time of proposal submission, but may be because it included sensitive information such as personal details.",Research Grant,0,Artificial Intelligence,https://gtr.ukri.org/projects?ref=045FB772-28BF-4EE1-B494-005C814D548E,0.0714,Good Fit
PAIR_0062,0010221C-C855-4F35-8E36-087BFA9AF15D,David Bunton,Cybersecurity & Computing,"cybersecurity, security, encryption, network, privacy, blockchain",https://gtr.ukri.org/person/0010221C-C855-4F35-8E36-087BFA9AF15D,B675C972-377A-47D2-A9DD-00D4BF6D112B,'Single truth' Customer Information Services,"The project will develop a cloud-based information management solution that will provide passengers with a

'Single Truth’ of data across on-platform customer information displays and mobile devices. It will provide

passengers with more details about their journey including predicted train capacity, timetable information and

variations, delays, train facilities and journey planning options to he",Collaborative R&D,0,Cybersecurity & Computing,https://gtr.ukri.org/projects?ref=B675C972-377A-47D2-A9DD-00D4BF6D112B,0.2,Good Fit
PAIR_0278,014CFEB2-3043-440B-973B-8ABD8974DBF3,Kenneth Carslaw,Biomedical & Health,"cancer, diabetes, drug, clinical, biomedical, genomic",https://gtr.ukri.org/person/014CFEB2-3043-440B-973B-8ABD8974DBF3,B5AE8966-C340-4779-A034-0009F7270306,Peatlands and the global Carbon cycle during the past millennium: a global assessment using observations and models,Future climate change is one of the most challenging issues facing humankind and an enormous research effort is directed at attempting to construct realistic projections of 21st century climate based on underlying assumptions about greenhouse gas emissions. Climate models now include many of the components of the earth system that influence climate over a range of timescales. Understanding and qua,Research Grant,0,Climate & Environment,https://gtr.ukri.org/projects?ref=B5AE8966-C340-4779-A034-0009F7270306,0.0,Bad Fit
PAIR_0187,0010221C-C855-4F35-8E36-087BFA9AF15D,David Bunton,Cybersecurity & Computing,"cybersecurity, security, encryption, network, privacy, blockchain",https://gtr.ukri.org/person/0010221C-C855-4F35-8E36-087BFA9AF15D,ABD6A8B6-507A-4A9E-83D8-0103E9C13468,Vaginal drug delivery system using advanced material,"Liberum health is a UK based biotech company. Our mission is to address the unmet needs of women's health by providing smart solutions to help manage chronic condition such as pelvic pain and endometriosis, menopause, incontinence and pelvic infections.

Our solution is a drug delivery system made for women, comprised of a biodegradable material. It serves as a vehicle to deliver established treat",Grant for R&D,0,Biomedical & Health,https://gtr.ukri.org/projects?ref=ABD6A8B6-507A-4A9E-83D8-0103E9C13468,0.0,Average Fit
PAIR_0133,009A36C7-DBA2-40E0-9F7C-D03301FF9E2D,David Shanks,Engineering & Physics,"engineering, materials, nanotechnology, quantum, photonics, semiconductor",https://gtr.ukri.org/person/009A36C7-DBA2-40E0-9F7C-D03301FF9E2D,AAFB46EB-D814-41AD-9C47-01DEFD11D555,Aberrant gene expression from chromosome X in autoimmunity,"Autoimmune diseases predominantly affect women. The reason for this sex bias has been historically attributed to 'hormones'. Although sex hormones clearly have some influence on the immune system and autoimmunity, it is becoming increasingly apparent that genetic differences between males and females also contribute to sex related differences in immune function that are likely involved in autoimmu",Research Grant,0,Biomedical & Health,https://gtr.ukri.org/projects?ref=AAFB46EB-D814-41AD-9C47-01DEFD11D555,0.0,Average Fit
PAIR_0222,012897B8-0FC0-4398-A0A0-AEB37D2F3BEA,Peter Moody,Biomedical & Health,"cancer, diabetes, drug, clinical, biomedical, genomic",https://gtr.ukri.org/person/012897B8-0FC0-4398-A0A0-AEB37D2F3BEA,BD8EF978-1B54-4EC7-A178-013756B652AB,Optimising interactions with virtual environments,"Virtual and Mixed Reality systems enable users to experience different configurations of digital media and computation that give different senses of how a &quot;virtual environment&quot; relates to their local physical environment. In Human-Computer Interaction (HCI), new computational models capable of representing physical and virtual space have been recently developed, thus solving the problems",Studentship,0,Artificial Intelligence,https://gtr.ukri.org/projects?ref=BD8EF978-1B54-4EC7-A178-013756B652AB,0.0,Bad Fit
PAIR_0164,00AA76AB-2766-48AE-96D9-C5BF1E10C26A,Aniko Varadi,Biology & Life Sciences,"biology, genetics, cell, molecular, microbiology, neuroscience",https://gtr.ukri.org/person/00AA76AB-2766-48AE-96D9-C5BF1E10C26A,C7888BF7-1889-4456-B1A6-00BAC18104B4,Graphene-enhanced membrane for rechargeable Copper/Zinc battery energy storage,"This project tests the proof of concept that a novel membrane is impermeable to metal ions, which increases the cycle life of a rechargeable Copper/Zinc battery energy storage.",Grant for R&D,0,Social Sciences,https://gtr.ukri.org/projects?ref=C7888BF7-1889-4456-B1A6-00BAC18104B4,0.0,Average Fit
PAIR_0038,0060F773-2DEB-4A82-80A5-0B4B1AF6A6CD,Adam Eyre-Walker,Climate & Environment,"climate, carbon, greenhouse, sustainability, renewable, net zero",https://gtr.ukri.org/person/0060F773-2DEB-4A82-80A5-0B4B1AF6A6CD,AE28BBD7-D7D1-4776-A0E5-0036217369EB,Improved Earthworks Drainage for Safer Reliable Railways,"Recent study of NR earthworks failures has confirmed a statistically significant link between poor drainage condition and incidents of failure in certain geological conditions. However, with 10,000km of earthworks on the network a prioritisation approach is required to determine where and when to intervene to improve earthwork drainage condition. This project will develop models of the precipitati",Studentship,0,Artificial Intelligence,https://gtr.ukri.org/projects?ref=AE28BBD7-D7D1-4776-A0E5-0036217369EB,0.0667,Good Fit
PAIR_0236,0162C637-4178-4CDC-B689-28716D3C4F53,Mike Barrett,Cybersecurity & Computing,"cybersecurity, security, encryption, network, privacy, blockchain",https://gtr.ukri.org/person/0162C637-4178-4CDC-B689-28716D3C4F53,C8A9F245-35FE-4AF1-A625-01E060E37A8D,Environmental Informatics. Masters Training Grant (MTG) to provide funding for 5 full studentships for two years.,"Doctoral Training Partnerships: a range of postgraduate training is funded by the Research Councils. For information on current funding routes, see the common terminology at https://www.ukri.org/apply-for-funding/how-we-fund-studentships/. Training grants may be to one organisation or to a consortia of research organisations. This portal will show the lead organisation only.",Training Grant,0,Artificial Intelligence,https://gtr.ukri.org/projects?ref=C8A9F245-35FE-4AF1-A625-01E060E37A8D,0.0,Bad Fit
PAIR_0228,013D7260-5109-427D-BE5E-0A01B01E462E,Robert Janes,Social Sciences,"social, inequality, education, poverty, policy, community",https://gtr.ukri.org/person/013D7260-5109-427D-BE5E-0A01B01E462E,AD63307D-EECA-474C-BA7A-00CCD12C3BBB,Exploring the Efficiency and Sustainability of Green Hydrogen Production: Utilizing Solid State Electrocatalysts and 3D printed cells in Water Electro,"The project aims to utilize our library of solid state electrocatalysts, including thin films, to find efficient ways for hydrogen generation using commercial and 3D printed electrolysis cells. The PhD scholar will also investigate improving the water oxidation reaction efficiency and exploring opportunities to implement electrolysers that can split water. Overall, the focus is on advancing hydrog",Studentship,0,Artificial Intelligence,https://gtr.ukri.org/projects?ref=AD63307D-EECA-474C-BA7A-00CCD12C3BBB,0.0,Bad Fit
PAIR_0175,00549524-FBFA-487B-BCFD-5E09C2330D59,Luc Bussiere,Biology & Life Sciences,"biology, genetics, cell, molecular, microbiology, neuroscience",https://gtr.ukri.org/person/00549524-FBFA-487B-BCFD-5E09C2330D59,C0A2438E-7310-4A33-A22B-002189C5267A,OSI - One Step Interconnect for Thin Film PV Modules,"The purpose of this project is to use a novel cell interconnect process to enable perovskite based semi-transparent Photovoltaic (PV) modules with non-standard dimensions for Building Integrated Photovoltaics (windows of high rise buildings), flexible PV modules using the material CIGS or for industrial roofs, and conventional thin film PV modules (CIGS/CdTe). In this project, the interconnect is ",Collaborative R&D,0,Artificial Intelligence,https://gtr.ukri.org/projects?ref=C0A2438E-7310-4A33-A22B-002189C5267A,0.0556,Average Fit
PAIR_0086,00549524-FBFA-487B-BCFD-5E09C2330D59,Luc Bussiere,Biology & Life Sciences,"biology, genetics, cell, molecular, microbiology, neuroscience",https://gtr.ukri.org/person/00549524-FBFA-487B-BCFD-5E09C2330D59,B20F339C-09A1-4C63-9FD1-012058FCCB9B,Whole genome SNP panels for genotyping experimental chicken lines- a vital BBSRC resource,"The chicken DNA sequence bridges the evolutionary gap not previously covered by any other animal, sharing a common ancestor with mammals as long as 310 million years ago. Like genetic studies in mice, the chicken may also provide important evolutionary data on vital genes and how they influence such things as disease resistance and health. Identifying these qualities is only possible when the full",Research Grant,0,Biomedical & Health,https://gtr.ukri.org/projects?ref=B20F339C-09A1-4C63-9FD1-012058FCCB9B,0.1667,Good Fit
PAIR_0110,002C2C0C-07F0-4DBF-BAEC-C97B047EF4AE,Holly Blake,Climate & Environment,"climate, carbon, greenhouse, sustainability, renewable, net zero",https://gtr.ukri.org/person/002C2C0C-07F0-4DBF-BAEC-C97B047EF4AE,0096EA78-5A08-49FA-9F1F-003344C4FA97,Investigating the Regulation and Replication of R-loops at Telomeres,"Eukaryotic chromosomes are capped at each end by specialised nucleoprotein structures called telomeres, which are mutated or altered in essentially all incidences of cancer. Telomeres are transcribed into a non-coding RNA called TERRA, which forms a three-stranded R-loop structure in which the RNA remains bound to the template. R-loops are particularly prevalent at telomeres in ALT-type cancer cel",Studentship,0,Biomedical & Health,https://gtr.ukri.org/projects?ref=0096EA78-5A08-49FA-9F1F-003344C4FA97,0.0,Average Fit
PAIR_0184,00CBBEF2-B62B-4720-B01C-CB8B2294324E,Sophia Ananiadou,Data Science & Statistics,"data science, statistical, big data, analytics, regression, bayesian",https://gtr.ukri.org/person/00CBBEF2-B62B-4720-B01C-CB8B2294324E,B1BA32CF-C94E-49CA-8541-00790F999A88,Bangor University And Aneurin Bevan Health Board,To create and disseminate nationally a bespoke interactive self-management package that greatly advances the independent living capabilities of patients.,Knowledge Transfer Partnership,0,Biomedical & Health,https://gtr.ukri.org/projects?ref=B1BA32CF-C94E-49CA-8541-00790F999A88,0.0,Average Fit
PAIR_0177,00549524-FBFA-487B-BCFD-5E09C2330D59,Luc Bussiere,Biology & Life Sciences,"biology, genetics, cell, molecular, microbiology, neuroscience",https://gtr.ukri.org/person/00549524-FBFA-487B-BCFD-5E09C2330D59,D110F86D-8C6C-483D-BF5F-01732039F7A3,Compressible Alfven waves in fusion plasmas,"An essential aspect towards the successful development of viable fusion energy using magnetically confined plasmas, as envisaged in the international ITER and DEMO tokamak programs, is a deep understanding of the physical processes at play in the stability and transport of the fusion plasma. Through the fusion process energy is produced in the form of energetic neutrons, whose energy will generate",Research Grant,0,Data Science & Statistics,https://gtr.ukri.org/projects?ref=D110F86D-8C6C-483D-BF5F-01732039F7A3,0.0556,Average Fit
PAIR_0085,01222E1F-13BA-40DE-A5AB-251A80992C3C,Edward Codling,Cybersecurity & Computing,"cybersecurity, security, encryption, network, privacy, blockchain",https://gtr.ukri.org/person/01222E1F-13BA-40DE-A5AB-251A80992C3C,A620F69A-3E8B-45B2-B022-0077C8AB1BDD,PLanCompS: Programming Language Components and Specifications,"Software comes in many different shapes and sizes: ranging from games and social networking systems through databases and office software to control system for vehicles and medical instrumentation. Regardless of its purpose, software is almost always written in high-level programming languages, which are significantly easier to use than the low-level machine languages which can be executed directl",Research Grant,0,Cybersecurity & Computing,https://gtr.ukri.org/projects?ref=A620F69A-3E8B-45B2-B022-0077C8AB1BDD,0.2,Good Fit
PAIR_0234,0107EC77-84F3-4182-B8B2-AD73ED7E4BB0,Michelle McKinley,Biomedical & Health,"cancer, diabetes, drug, clinical, biomedical, genomic",https://gtr.ukri.org/person/0107EC77-84F3-4182-B8B2-AD73ED7E4BB0,9B545D57-99D7-44DE-A3C2-00C2232E1E0B,"Forgotten Faces? The Memory of Irish Contributions to the Allied War Effort in Ireland, 1939-2015.","&quot;Your father is a traitor; you should be ashamed of him&quot;. Paddy Reid Jr.'s father was outcast for his Second World War service in the British army; there was nothing honourable about aiding Ireland's former colonial ruler. Throughout WWII, Ireland remained neutral and outlawed citizens from volunteering with belligerents' militaries, so much so that draconian governmental censorship laws",Studentship,0,Social Sciences,https://gtr.ukri.org/projects?ref=9B545D57-99D7-44DE-A3C2-00C2232E1E0B,0.0,Bad Fit
PAIR_0300,01222E1F-13BA-40DE-A5AB-251A80992C3C,Edward Codling,Cybersecurity & Computing,"cybersecurity, security, encryption, network, privacy, blockchain",https://gtr.ukri.org/person/01222E1F-13BA-40DE-A5AB-251A80992C3C,0E760BBF-BDAF-4776-B438-0134A1B6E2BB,EBI Metagenomics Portal - Towards a better understanding of community metabolism,"Abstracts are not currently available in GtR for all funded research. This is normally because the abstract was not required at the time of proposal submission, but may be because it included sensitive information such as personal details.",Research Grant,0,Artificial Intelligence,https://gtr.ukri.org/projects?ref=0E760BBF-BDAF-4776-B438-0134A1B6E2BB,0.0,Bad Fit
PAIR_0052,009A36C7-DBA2-40E0-9F7C-D03301FF9E2D,David Shanks,Engineering & Physics,"engineering, materials, nanotechnology, quantum, photonics, semiconductor",https://gtr.ukri.org/person/009A36C7-DBA2-40E0-9F7C-D03301FF9E2D,C31054BF-7307-4304-BA4D-00EA6AEB36A3,Fundamental biochemistry of N-glycosylationand the dolichol cycle,"The addition of sugars to proteins is an essential and highly regulated process in healthy humans. N-glycosylation describes the process in which sugar moieties are added to asparagine residues in a protein, and has important functions in protein stability, localisation, and function, with defects in many of the steps in N-glycosylation leading to congenital disorders of glycosylation. Sugar molec",Studentship,0,Biomedical & Health,https://gtr.ukri.org/projects?ref=C31054BF-7307-4304-BA4D-00EA6AEB36A3,0.0625,Good Fit
PAIR_0012,01714BCA-091E-4307-BE4D-816D46710A6A,Alessandro Sardini,Engineering & Physics,"engineering, materials, nanotechnology, quantum, photonics, semiconductor",https://gtr.ukri.org/person/01714BCA-091E-4307-BE4D-816D46710A6A,0525139E-02B2-4AEB-A8FF-00A621E82482,Designing and exploring new quantum materials based on Fermi surface topological transitions,"Abstracts are not currently available in GtR for all funded research. This is normally because the abstract was not required at the time of proposal submission, but may be because it included sensitive information such as personal details.",Research Grant,0,Engineering & Physics,https://gtr.ukri.org/projects?ref=0525139E-02B2-4AEB-A8FF-00A621E82482,0.125,Good Fit
PAIR_0004,0156670F-81A5-4840-BD67-700164999012,Deborah Smith,Data Science & Statistics,"data science, statistical, big data, analytics, regression, bayesian",https://gtr.ukri.org/person/0156670F-81A5-4840-BD67-700164999012,B32D3003-D40D-4F43-A29B-010C33E00EE3,Transformative Imaging for Quantitative Biology (TIQBio) Partnership,"The Transformative Imaging for Quantitative Biology (TIQBio) partnership aims to develop disruptive technology for the benefit of UK Plc and for solving problems in industry and academia. The mainstay of current imaging methods to look at pre-clinical biological samples is fluorescence microscopy. This technique relies on the use of tags, which emit light when illuminated by the microscope, allowi",Research Grant,0,Biomedical & Health,https://gtr.ukri.org/projects?ref=B32D3003-D40D-4F43-A29B-010C33E00EE3,0.0714,Good Fit
PAIR_0295,00549524-FBFA-487B-BCFD-5E09C2330D59,Luc Bussiere,Biology & Life Sciences,"biology, genetics, cell, molecular, microbiology, neuroscience",https://gtr.ukri.org/person/00549524-FBFA-487B-BCFD-5E09C2330D59,C14969E0-7BF8-4219-94E4-0116B8822196,People's Trust: A Survey-based Experiment,"Abstracts are not currently available in GtR for all funded research. This is normally because the abstract was not required at the time of proposal submission, but may be because it included sensitive information such as personal details.",Research Grant,0,Artificial Intelligence,https://gtr.ukri.org/projects?ref=C14969E0-7BF8-4219-94E4-0116B8822196,0.0,Bad Fit
PAIR_0076,00F53268-2492-40BB-9C1B-E3394E229112,Dave Rodger,Artificial Intelligence,"machine learning, deep learning, neural, artificial intelligence, computer vision, natural language",https://gtr.ukri.org/person/00F53268-2492-40BB-9C1B-E3394E229112,095A3C0E-E4E6-4D44-945E-0036610164BA,Novel Time-Resolved Thermal Imaging: AlGaN/GaN Heterostructure Field Effect Transistors,"The increasing complexity of tasks required by communication, radar, aircraft, automotive systems benefits from the use of novel materials in high speed devices. Such devices, for example, radio-frequency (RF) transistors used in mobile communication base stations or phased array radars, have to meet certain performance standards. Electrical characterization is mostly used today to tackle challeng",Research Grant,0,Engineering & Physics,https://gtr.ukri.org/projects?ref=095A3C0E-E4E6-4D44-945E-0036610164BA,0.0714,Good Fit
PAIR_0150,06C04367-189B-463C-AB59-358739FA3954,Vardhman Rakyan,Climate & Environment,"climate, carbon, greenhouse, sustainability, renewable, net zero",https://gtr.ukri.org/person/06C04367-189B-463C-AB59-358739FA3954,0AE039A7-9A84-4943-AA36-001DB5763245,Ferroelectrics for Nanoelectronics (FERN),The evolution of silicon technology since the 1960's has focussed on doubling performance and functionality every 18-24 months through miniaturization. Critical dimensions measured in tens of nanometres are now common place and billions of components connected by miles of wiring can be packed onto a wafer no larger than a thumb nail. Today the focus is shifting away from more scaling (called more ,Research Grant,0,Engineering & Physics,https://gtr.ukri.org/projects?ref=0AE039A7-9A84-4943-AA36-001DB5763245,0.0,Average Fit
PAIR_0073,009A36C7-DBA2-40E0-9F7C-D03301FF9E2D,David Shanks,Engineering & Physics,"engineering, materials, nanotechnology, quantum, photonics, semiconductor",https://gtr.ukri.org/person/009A36C7-DBA2-40E0-9F7C-D03301FF9E2D,C0955A07-EC72-459E-9594-01888FC4795E,Mapping the chemistry of phosphorus-containing analogues of urea. From fundamental chemistry to high-performance compounds and materials.,"The isolobal analogy is frequently invoked to draw comparisons between the fundamental chemistry of small inorganic molecules and more established organic species. For example, the diagonal relationship between a methine fragment (C-H) and phosphorous has led to the latter being nicknamed a &quot;carbon-copy&quot;. This has resulted in extensive chemistry aimed at developing phosphorus-containing ",Research Grant,0,Biology & Life Sciences,https://gtr.ukri.org/projects?ref=C0955A07-EC72-459E-9594-01888FC4795E,0.0625,Good Fit
PAIR_0288,013D30AF-EA7A-4373-A2EF-8BE82CE5DF44,David Choi,Data Science & Statistics,"data science, statistical, big data, analytics, regression, bayesian",https://gtr.ukri.org/person/013D30AF-EA7A-4373-A2EF-8BE82CE5DF44,C23E381B-E09E-43E6-A47B-01769E863533,Understanding how disease-causing NMDA-R mutations influence synaptic development and function across brain regions.,"Neuroscience and Mental health Short summary: Neurodevelopmental disorders are a major global health burden. One main challenge is understanding how, despite influencing the same genes, individual mutations can cause distinct symptoms, that emerge at distinct stages of development. This project combines mouse genetics, high-throughput imaging, and sophisticated circuit and behavioural analyses to ",Studentship,0,Biomedical & Health,https://gtr.ukri.org/projects?ref=C23E381B-E09E-43E6-A47B-01769E863533,0.0,Bad Fit
PAIR_0264,013D30AF-EA7A-4373-A2EF-8BE82CE5DF44,David Choi,Data Science & Statistics,"data science, statistical, big data, analytics, regression, bayesian",https://gtr.ukri.org/person/013D30AF-EA7A-4373-A2EF-8BE82CE5DF44,C28D840C-40C1-4558-B2C5-00852D410BD7,Wild minds: how do apes learn about and use their physical environments?,"Project background
Wild orangutans (Pongo spp.) face a diverse range of physical, cognitive, and emotional challenges, including fluctuating food availability, navigating a dynamic forest canopy, gaining mechanically complex nest-building skills, travelling for long distances, and coping with threats such as snakes, habitat loss, and lethal conflict with humans. Because of these difficulties, reha",Studentship,0,Artificial Intelligence,https://gtr.ukri.org/projects?ref=C28D840C-40C1-4558-B2C5-00852D410BD7,0.0,Bad Fit
PAIR_0057,00AF0809-D14D-4147-BE92-6FC2CF313B28,Peter Keightley,Artificial Intelligence,"machine learning, deep learning, neural, artificial intelligence, computer vision, natural language",https://gtr.ukri.org/person/00AF0809-D14D-4147-BE92-6FC2CF313B28,D1B1EDEB-9F88-4E4D-ACC6-01AB54F75647,Building resilient and future-proofed ecologies in an Anthropocene landscape,"Overview: 
The English Midlands is a highly human-modified landscape that is farmed, managed, and urban, with remnant woodlands. Into these landscapes non-native species have been introduced (e.g., Jenkin's spire snail, Indian balsam and Japanese knotweed) reflecting a global phenomenon of accelerating biosphere homogenisation. Introduced species can be beneficial, neutral or damaging. Many prolif",Studentship,0,Climate & Environment,https://gtr.ukri.org/projects?ref=D1B1EDEB-9F88-4E4D-ACC6-01AB54F75647,0.0714,Good Fit
PAIR_0103,00D084A2-59CF-46B8-9085-AB3881AF13A1,Gino Poulin,Social Sciences,"social, inequality, education, poverty, policy, community",https://gtr.ukri.org/person/00D084A2-59CF-46B8-9085-AB3881AF13A1,0CB9A4A7-4DC8-45F0-9A0C-01AC782A2E0E,Using Artificial Intelligence to Understand Zeolite Catalysts,"Electron microscopy provides a unique tool for studying the local structure of materials at the atomic scale. However, a major challenge lies in correlating bulk measurements of properties with highly selective structural data. One approach is to take advantage of fast electron detectors to acquire large data sets of millions of images and to develop automated analysis tools based on deep learning",Studentship,0,Artificial Intelligence,https://gtr.ukri.org/projects?ref=0CB9A4A7-4DC8-45F0-9A0C-01AC782A2E0E,0.0,Average Fit
PAIR_0284,0162C637-4178-4CDC-B689-28716D3C4F53,Mike Barrett,Cybersecurity & Computing,"cybersecurity, security, encryption, network, privacy, blockchain",https://gtr.ukri.org/person/0162C637-4178-4CDC-B689-28716D3C4F53,12FD8D95-EB12-4393-9337-006441A98FAA,Sensors for Wave scattering: using acoustics waves to measure particulates,"Early Mesopotamian people discovered that a mixture of mud and straw creates strong durable buildings, what we call today a composite material. Today these materials have enabled amazing advances in areas including aerospace, automobile, food science, communications technology, biotechnology.
This project focuses on using sound to measure particulates materials like powders. The aim is to develop ",Studentship,0,Engineering & Physics,https://gtr.ukri.org/projects?ref=12FD8D95-EB12-4393-9337-006441A98FAA,0.0,Bad Fit
PAIR_0017,002398B2-6E97-4D5A-BD3B-D195463D7AE2,Nicola Festuccia,Artificial Intelligence,"machine learning, deep learning, neural, artificial intelligence, computer vision, natural language",https://gtr.ukri.org/person/002398B2-6E97-4D5A-BD3B-D195463D7AE2,A9086373-AA79-4F10-9743-005D1737539F,Battery and BMS Certification Pilot (BBCP),"In regions like Asia, notably India, electric bus OEMs grapple with battery pack challenges due to scorching climates, where temperatures often exceed 40&deg;C for over half the year. This leads to premature battery replacement, despite buses being designed to last 12 years. Faraday Battery (FaradayB) aims to combat this by developing a pilot battery pack operable from -20&deg;C to 50&deg;C, tailo",Collaborative R&D,0,Artificial Intelligence,https://gtr.ukri.org/projects?ref=A9086373-AA79-4F10-9743-005D1737539F,0.0714,Good Fit
PAIR_0020,002398B2-6E97-4D5A-BD3B-D195463D7AE2,Nicola Festuccia,Artificial Intelligence,"machine learning, deep learning, neural, artificial intelligence, computer vision, natural language",https://gtr.ukri.org/person/002398B2-6E97-4D5A-BD3B-D195463D7AE2,D156C9F7-D60B-4D7B-8C58-0015CE7DA531,Role of NETs in thrombolytic resistance of ischaemic stroke thrombi: a novel quantitative approach,"Acute ischaemic stroke is a major cause of death and disability in the UK. It occurs if a blood vessel within the head becomes blocked, leading to loss of blood supply and damage to a part of the brain. The blockage is usually made up of thrombus or blood clot, which may have formed where the blood vessel is already narrowed by fatty deposits which develop as people age. Sometimes, the thrombus ma",Research Grant,0,Biomedical & Health,https://gtr.ukri.org/projects?ref=D156C9F7-D60B-4D7B-8C58-0015CE7DA531,0.0714,Good Fit
PAIR_0273,01714BCA-091E-4307-BE4D-816D46710A6A,Alessandro Sardini,Engineering & Physics,"engineering, materials, nanotechnology, quantum, photonics, semiconductor",https://gtr.ukri.org/person/01714BCA-091E-4307-BE4D-816D46710A6A,AA1C99C1-A022-47D7-8C77-0124BEE7C023,University of Central Lancashire and SignHealth,"To enhance and develop new innovative specialist psychological therapies within the Northwest, improving the the well being of the sign language community and to develop the business strategically..",Knowledge Transfer Partnership,0,Biomedical & Health,https://gtr.ukri.org/projects?ref=AA1C99C1-A022-47D7-8C77-0124BEE7C023,0.0,Bad Fit
PAIR_0022,00E88C58-EA16-4756-856A-E77DF428EDF0,Nicola Holden,Engineering & Physics,"engineering, materials, nanotechnology, quantum, photonics, semiconductor",https://gtr.ukri.org/person/00E88C58-EA16-4756-856A-E77DF428EDF0,095A3C0E-E4E6-4D44-945E-0036610164BA,Novel Time-Resolved Thermal Imaging: AlGaN/GaN Heterostructure Field Effect Transistors,"The increasing complexity of tasks required by communication, radar, aircraft, automotive systems benefits from the use of novel materials in high speed devices. Such devices, for example, radio-frequency (RF) transistors used in mobile communication base stations or phased array radars, have to meet certain performance standards. Electrical characterization is mostly used today to tackle challeng",Research Grant,0,Engineering & Physics,https://gtr.ukri.org/projects?ref=095A3C0E-E4E6-4D44-945E-0036610164BA,0.1875,Good Fit
PAIR_0270,012897B8-0FC0-4398-A0A0-AEB37D2F3BEA,Peter Moody,Biomedical & Health,"cancer, diabetes, drug, clinical, biomedical, genomic",https://gtr.ukri.org/person/012897B8-0FC0-4398-A0A0-AEB37D2F3BEA,B10C0B15-61A6-4A9A-8D66-00FBF661195B,To observe and document SES-related individual differences in L1 ultimate attainment,"This project seeks to observe and document SES-related individual differences in L1 ultimate attainment, by recording adult native speakers' grammatical competence in online reading and comprehension tasks and exploring the potential relationship between SES-related correlates and lateacquired, syntactically complex constructions. A growing body of research has demonstrated that some native speake",Studentship,0,Social Sciences,https://gtr.ukri.org/projects?ref=B10C0B15-61A6-4A9A-8D66-00FBF661195B,0.0,Bad Fit
PAIR_0259,0174F950-DD73-4DE1-B2DC-6F7E227CA073,Patrick Baker,Climate & Environment,"climate, carbon, greenhouse, sustainability, renewable, net zero",https://gtr.ukri.org/person/0174F950-DD73-4DE1-B2DC-6F7E227CA073,13D7C04A-A7F2-4916-839D-003985589FB7,Engineering Sulfatases for Biomedical Applications,"Heparin, which is obtained from pig tissue, has been used as an anti-coagulant for a century. However, a contamination scare in 2008, which caused fatalities worldwide, has amplified the need for homogenous synthetic heparins. Given the difficulties often associated with chemical synthesis of large polysaccharides, enzymatic approaches are much more tractable. Ultra low molecular weight heparins (",Studentship,0,Biomedical & Health,https://gtr.ukri.org/projects?ref=13D7C04A-A7F2-4916-839D-003985589FB7,0.0,Bad Fit
PAIR_0239,0060F773-2DEB-4A82-80A5-0B4B1AF6A6CD,Adam Eyre-Walker,Climate & Environment,"climate, carbon, greenhouse, sustainability, renewable, net zero",https://gtr.ukri.org/person/0060F773-2DEB-4A82-80A5-0B4B1AF6A6CD,AA851386-D0EA-423B-BA20-00BE3BE7E399,Molecularly aware robotics for surgery (MARS),"Summary
The proposed project is aimed at the development of a semi-autonomous surgical robotics platform for the removal of tumours with unprecedented accuracy. Currently, when surgeons remove tumours, they use information collected before the surgery (ultrasound, X-ray) to locate the tumour and assess its actual extension based on what they see or feel with their fingertips. Unfortunately, it is ",Research Grant,0,Biomedical & Health,https://gtr.ukri.org/projects?ref=AA851386-D0EA-423B-BA20-00BE3BE7E399,0.0,Bad Fit
PAIR_0008,015782DF-483F-4813-AA42-AEEC01AF732A,Ilik Saccheri,Social Sciences,"social, inequality, education, poverty, policy, community",https://gtr.ukri.org/person/015782DF-483F-4813-AA42-AEEC01AF732A,ABE24E15-98C8-4EEC-8C01-0138FDC213C7,Listen to us! The psychosocial impact of COVID-19 on adolescents - A mixed-methods study,"The continued impact of COVID-19 on adolescent mental health, educational attainment and future prospects is of great concern. The aim of our proposed study is to capture the experiences of adolescents as the pandemic unfolds and longer-term societal and economic consequences emerge. Adolescents may be of particular risk for adverse effects due to COVID-19 as this is a period of increased risk for",Research Grant,0,Social Sciences,https://gtr.ukri.org/projects?ref=ABE24E15-98C8-4EEC-8C01-0138FDC213C7,0.3529,Good Fit
PAIR_0013,008014C3-24AB-4258-B493-9A4B3CC93A69,Jeffrey Hammond,Artificial Intelligence,"machine learning, deep learning, neural, artificial intelligence, computer vision, natural language",https://gtr.ukri.org/person/008014C3-24AB-4258-B493-9A4B3CC93A69,B322A237-8D39-42A1-B698-0143E645A1B9,"&quot;Deportation, regardless of justice: An examination of the experiences and effects of the 'deport first, appeal later' policy on foreign national pris","Criminological research into borders, the mass movement of people and, perhaps more importantly, the associated (perceived) necessity to control migrant populations has become a burgeoning and essential field of study. In an ever more global society where people are increasingly mobile and able to cross borders, it is unsurprising that there has become a perceived need for control of migrant popul",Studentship,0,Social Sciences,https://gtr.ukri.org/projects?ref=B322A237-8D39-42A1-B698-0143E645A1B9,0.0714,Good Fit
PAIR_0201,01222E1F-13BA-40DE-A5AB-251A80992C3C,Edward Codling,Cybersecurity & Computing,"cybersecurity, security, encryption, network, privacy, blockchain",https://gtr.ukri.org/person/01222E1F-13BA-40DE-A5AB-251A80992C3C,C3F99E9A-9BBA-43F4-8C0E-0125805DC417,"Empire against Melancholy: Healing the Body Politic in Britain, c. 1558-1630","My research explores the idea of the diseased body politic in the context of colonisation in early seventeenth-century Britain. I will challenge the current understanding of early modern empire by arguing that idleness as a pathological sign of melancholy played a central role in the expansionist discourse. Accordingly, I propose that the allegory of the organic body and the state was conceived mu",Studentship,0,Biomedical & Health,https://gtr.ukri.org/projects?ref=C3F99E9A-9BBA-43F4-8C0E-0125805DC417,0.0,Bad Fit
PAIR_0176,00CBBEF2-B62B-4720-B01C-CB8B2294324E,Sophia Ananiadou,Data Science & Statistics,"data science, statistical, big data, analytics, regression, bayesian",https://gtr.ukri.org/person/00CBBEF2-B62B-4720-B01C-CB8B2294324E,BCC5E25C-186A-41BC-A428-0000EBA9072C,Improving the control of liver fluke infection in cattle in the UK,"Abstracts are not currently available in GtR for all funded research. This is normally because the abstract was not required at the time of proposal submission, but may be because it included sensitive information such as personal details.",Research Grant,0,Artificial Intelligence,https://gtr.ukri.org/projects?ref=BCC5E25C-186A-41BC-A428-0000EBA9072C,0.0,Average Fit
PAIR_0170,00D084A2-59CF-46B8-9085-AB3881AF13A1,Gino Poulin,Social Sciences,"social, inequality, education, poverty, policy, community",https://gtr.ukri.org/person/00D084A2-59CF-46B8-9085-AB3881AF13A1,C5199A27-F1B0-4F0B-A238-01A93D081375,Cyber Local Meet The Buyer,"UMi and Innovation SuperNetwork (ISN) in partnership with CyberNorth, is excited to announce the upcoming Cyber Local Supplier Village at Venturefest North East 2025. This addition to the established event will connect the North East's thriving cyber security sector with businesses and decision makers from across the North East, offering a unique opportunity for businesses to showcase their Cyber ",Collaborative R&D,0,Cybersecurity & Computing,https://gtr.ukri.org/projects?ref=C5199A27-F1B0-4F0B-A238-01A93D081375,0.0,Average Fit
PAIR_0243,0114B0BD-9EB7-4D48-9BD6-3FED2BC45FDD,Chittur Srinivasan,Social Sciences,"social, inequality, education, poverty, policy, community",https://gtr.ukri.org/person/0114B0BD-9EB7-4D48-9BD6-3FED2BC45FDD,C10D98F1-F9B3-4BB9-8390-01DBEC2E1D43,Rapid-Transfer Dynamic Nuclear Polarization,"Nuclear magnetic resonance (NMR) is a powerful method that probes the structure and dynamics of small and large molecules. NMR is also at the heart of magnetic resonance imaging (MRI). In both cases the signal arises from nuclear spins, which can be pictured as tiny magnets. These nuclear magnets can be aligned in an external magnetic field, but because they are so weak, the net alignment in a typ",Fellowship,0,Biomedical & Health,https://gtr.ukri.org/projects?ref=C10D98F1-F9B3-4BB9-8390-01DBEC2E1D43,0.0,Bad Fit
PAIR_0296,00DD045C-4D5B-4C92-9996-2E487F5AFD95,David Littlewood,Cybersecurity & Computing,"cybersecurity, security, encryption, network, privacy, blockchain",https://gtr.ukri.org/person/00DD045C-4D5B-4C92-9996-2E487F5AFD95,9B630DA3-3B77-4839-95AB-01CCCD6A3439,University College London &amp; Oleeo plc,"To use Data Science and Machine Learning techniques to develop intelligent models to support recruitment process, particularly in identifying the best candidate applications for a given role or the best role for a given candidate.",Knowledge Transfer Partnership,0,Artificial Intelligence,https://gtr.ukri.org/projects?ref=9B630DA3-3B77-4839-95AB-01CCCD6A3439,0.0,Bad Fit
PAIR_0089,002398B2-6E97-4D5A-BD3B-D195463D7AE2,Nicola Festuccia,Artificial Intelligence,"machine learning, deep learning, neural, artificial intelligence, computer vision, natural language",https://gtr.ukri.org/person/002398B2-6E97-4D5A-BD3B-D195463D7AE2,BD94EFCE-6B29-4EBB-95CE-01C8BEF59E6A,Continuous-flow Synthesis of Functional Polymeric Materials,"In recent years, the field of continuous flow chemistry has become a powerful technique for multi-step synthesis of a wide range of organic compounds. It can provide a faster, cleaner and cheaper means of organic synthesis, while complex, multi-step syntheses can be conducted in series with relatively high yields through the rapid progression of intermediates. At present, most industrial scale pol",Studentship,0,Artificial Intelligence,https://gtr.ukri.org/projects?ref=BD94EFCE-6B29-4EBB-95CE-01C8BEF59E6A,0.0714,Good Fit
PAIR_0070,00CBBEF2-B62B-4720-B01C-CB8B2294324E,Sophia Ananiadou,Data Science & Statistics,"data science, statistical, big data, analytics, regression, bayesian",https://gtr.ukri.org/person/00CBBEF2-B62B-4720-B01C-CB8B2294324E,AD3AD9B4-2705-4A8E-90FF-00F8EF7A7324,Environmental Surveillance of Coronavirus in Malawi,"With early and prolonged gastrointestinal shedding of SARS-CoV-2 during and after infection
regardless of presentation of symptoms, environmental surveillance provides a promising
monitoring tool for estimating circulating COVID-19 in a community, in the absence of clinical
testing. However, current methods of concentrating virus from wastewater (ultrafiltration, PEG
precipitation, and electronega",Studentship,0,Biomedical & Health,https://gtr.ukri.org/projects?ref=AD3AD9B4-2705-4A8E-90FF-00F8EF7A7324,0.0714,Good Fit
PAIR_0244,0066B5FC-8A64-4FF0-9F26-19CCCAEFA2A6,Mark Saunders,Biology & Life Sciences,"biology, genetics, cell, molecular, microbiology, neuroscience",https://gtr.ukri.org/person/0066B5FC-8A64-4FF0-9F26-19CCCAEFA2A6,BBA44037-4849-4E33-AE27-00427902DFA8,''The Regions of Poetic Thought': A critical edition of the Selected Literary Criticism of Sara Coleridge',"Between 1830 and 1850 women readers and writers made up the larger part of the literary world, and a woman literary critic, selecting and shaping the literary audience, was an important voice. ''The Regions of Poetic Thought': Selected Literary Criticism of Sara Coleridge' enables us to hear one such voice. \n\nShe emerges as a critic of rare intelligence and theoretical reach as well as a lively ",Research Grant,0,Social Sciences,https://gtr.ukri.org/projects?ref=BBA44037-4849-4E33-AE27-00427902DFA8,0.0,Bad Fit
PAIR_0171,001743F2-D7F0-4DC0-912A-ACB441351939,Laura Conforti,Biology & Life Sciences,"biology, genetics, cell, molecular, microbiology, neuroscience",https://gtr.ukri.org/person/001743F2-D7F0-4DC0-912A-ACB441351939,D2EF4418-2DB6-4A2E-9F68-014A76451B33,High Performance Road Lane Inspection for Safer Cycling,"The target product is an imaging system delivering low-cost, automated inspection of cycleways, footways and the near kerb lanes on cycling permissible roads (515,600 lane-miles in the UK). It will support prioritizing road maintenance towards safer cycling. One unique capability is the identification of potholes that become hidden by rain ponding. Whereas these may damage a vehicle wheel they can",Collaborative R&D,0,Biomedical & Health,https://gtr.ukri.org/projects?ref=D2EF4418-2DB6-4A2E-9F68-014A76451B33,0.0,Average Fit
PAIR_0158,06958A48-8D6D-4E9C-B204-570E76AB3CAA,Pat Doyle,Cybersecurity & Computing,"cybersecurity, security, encryption, network, privacy, blockchain",https://gtr.ukri.org/person/06958A48-8D6D-4E9C-B204-570E76AB3CAA,BC81F57D-7DED-4607-922B-0103955DB7C7,Quiet Aerofoils of the Next Generation,"Abstracts are not currently available in GtR for all funded research. This is normally because the abstract was not required at the time of proposal submission, but may be because it included sensitive information such as personal details.",Research Grant,0,Artificial Intelligence,https://gtr.ukri.org/projects?ref=BC81F57D-7DED-4607-922B-0103955DB7C7,0.0,Average Fit
PAIR_0186,002C2C0C-07F0-4DBF-BAEC-C97B047EF4AE,Holly Blake,Climate & Environment,"climate, carbon, greenhouse, sustainability, renewable, net zero",https://gtr.ukri.org/person/002C2C0C-07F0-4DBF-BAEC-C97B047EF4AE,03E282E3-DFF0-4794-ADE0-00B1A7BA0ED8,Wittos - Mobile Internet Analytics &amp; Predictive Content Over WiFi,"The increasing availability and uptake of smart mobile devices offering broadband
connectivity has raised demand for a smarter in-store experience, specifically a means for
bricks and mortar retailers to connect to and engage with their customers. Whilst analytics of
traditional Internet user behaviour has matured, and a myriad of solutions offering insight and
engagement have evolved, no comparab",GRD Proof of Concept,0,Artificial Intelligence,https://gtr.ukri.org/projects?ref=03E282E3-DFF0-4794-ADE0-00B1A7BA0ED8,0.0,Average Fit
PAIR_0266,014B5D50-1B76-4A7B-8435-A653096C475F,Giuseppe Battaglia,Cybersecurity & Computing,"cybersecurity, security, encryption, network, privacy, blockchain",https://gtr.ukri.org/person/014B5D50-1B76-4A7B-8435-A653096C475F,B1DC0121-F76E-4643-BF9E-0080812885A4,Intelligent engineering of multicomponent drug crystals,"Only one in five thousand drug molecules that are developed, reaches the market. One of the main factors for this low statistic is the fact that these drugs cannot be formulated in a way that can be easily dissolved and made readily available in the body to have the therapeutic effect required. For decades, researchers in academia and industry have been trying to improve this physical property of ",Research Grant,0,Artificial Intelligence,https://gtr.ukri.org/projects?ref=B1DC0121-F76E-4643-BF9E-0080812885A4,0.0,Bad Fit
PAIR_0134,00D084A2-59CF-46B8-9085-AB3881AF13A1,Gino Poulin,Social Sciences,"social, inequality, education, poverty, policy, community",https://gtr.ukri.org/person/00D084A2-59CF-46B8-9085-AB3881AF13A1,B20F339C-09A1-4C63-9FD1-012058FCCB9B,Whole genome SNP panels for genotyping experimental chicken lines- a vital BBSRC resource,"The chicken DNA sequence bridges the evolutionary gap not previously covered by any other animal, sharing a common ancestor with mammals as long as 310 million years ago. Like genetic studies in mice, the chicken may also provide important evolutionary data on vital genes and how they influence such things as disease resistance and health. Identifying these qualities is only possible when the full",Research Grant,0,Biomedical & Health,https://gtr.ukri.org/projects?ref=B20F339C-09A1-4C63-9FD1-012058FCCB9B,0.0588,Average Fit
PAIR_0160,01714BCA-091E-4307-BE4D-816D46710A6A,Alessandro Sardini,Engineering & Physics,"engineering, materials, nanotechnology, quantum, photonics, semiconductor",https://gtr.ukri.org/person/01714BCA-091E-4307-BE4D-816D46710A6A,027CDB72-517A-4A0D-AE08-00FDFAE8F76C,Establishing a test methodology for PFAS-free barrier materials for the hydrogen economy,"This project addresses the technical challenges associated with accurately measuring hydrogen permeation in rubber materials used in key industries such as energy and automotive. As the UK government advances ambitious hydrogen production goals and global hydrogen demand continues to rise, the establishment of reliable, standardised testing methodologies for hydrogen permeation is critical to ensu",Grant for R&D,0,Artificial Intelligence,https://gtr.ukri.org/projects?ref=027CDB72-517A-4A0D-AE08-00FDFAE8F76C,0.0625,Average Fit
PAIR_0148,00122ACF-107C-4C9D-A646-FD492352D7D0,Simon Beddows,Engineering & Physics,"engineering, materials, nanotechnology, quantum, photonics, semiconductor",https://gtr.ukri.org/person/00122ACF-107C-4C9D-A646-FD492352D7D0,A3E48C13-1CE2-41E2-81A3-014C09CD4A12,Ecological consequences of genetic variation: does genetic variation in a keystone parasitic plant species drive community response to infection?,"This work is concerned with the ecological consequences of genetic variation. Ecological communities are made up of populations of many interacting species. Different types of interactions between species (e.g. parasitism, competition, predator-prey interactions) will have different consequences for the individual players involved. The effects of interactions between two species can often also be ",Fellowship,0,Climate & Environment,https://gtr.ukri.org/projects?ref=A3E48C13-1CE2-41E2-81A3-014C09CD4A12,0.0,Average Fit
PAIR_0233,00FAA1C0-3601-4DEA-B4C2-783E49E49868,Liam Morrison,Climate & Environment,"climate, carbon, greenhouse, sustainability, renewable, net zero",https://gtr.ukri.org/person/00FAA1C0-3601-4DEA-B4C2-783E49E49868,07828D21-A20E-4368-9D88-015A30686E6F,Role of avian dendritic cells,"Abstracts are not currently available in GtR for all funded research. This is normally because the abstract was not required at the time of proposal submission, but may be because it included sensitive information such as personal details.",Institute Project,0,Artificial Intelligence,https://gtr.ukri.org/projects?ref=07828D21-A20E-4368-9D88-015A30686E6F,0.0,Bad Fit
PAIR_0274,01222E1F-13BA-40DE-A5AB-251A80992C3C,Edward Codling,Cybersecurity & Computing,"cybersecurity, security, encryption, network, privacy, blockchain",https://gtr.ukri.org/person/01222E1F-13BA-40DE-A5AB-251A80992C3C,9854FCC6-B535-45DB-9C43-013D824467CD,Representation theory over local rings,"Abstracts are not currently available in GtR for all funded research. This is normally because the abstract was not required at the time of proposal submission, but may be because it included sensitive information such as personal details.",Research Grant,0,Artificial Intelligence,https://gtr.ukri.org/projects?ref=9854FCC6-B535-45DB-9C43-013D824467CD,0.0,Bad Fit
PAIR_0107,00AA76AB-2766-48AE-96D9-C5BF1E10C26A,Aniko Varadi,Biology & Life Sciences,"biology, genetics, cell, molecular, microbiology, neuroscience",https://gtr.ukri.org/person/00AA76AB-2766-48AE-96D9-C5BF1E10C26A,C4EC8F39-99B7-4BCD-994B-013AF6D38DB9,Ethical Subject: Levinas and Cultural Theory,"This study is a critical investigation of themes in the work of the Jewish theologian and foremost ethical thinker of the twentieth century, Emmanuel Levinas, from the perspective of their relevance to contemporary cultural inquiry. Its primary focus will be the relationship between the formation of modern ethical subjectivities- the ethical dimension of the way individuals experience their lives-",Research Grant,0,Artificial Intelligence,https://gtr.ukri.org/projects?ref=C4EC8F39-99B7-4BCD-994B-013AF6D38DB9,0.0556,Average Fit
PAIR_0280,00E88C58-EA16-4756-856A-E77DF428EDF0,Nicola Holden,Engineering & Physics,"engineering, materials, nanotechnology, quantum, photonics, semiconductor",https://gtr.ukri.org/person/00E88C58-EA16-4756-856A-E77DF428EDF0,B93DA730-F252-4ED0-8EF0-01EB369FF9CA,Comparison of afferent inputs to the retrosplenial cortex in healthy and pathological conditions using a mouse model of amyloidopathy,"Alzheimer's disease (AD) is a neurodegenerative disorder, currently affecting 50 million people per year. AD is characterised by impaired memory and cognitive function, accompanied by progressive atrophy in multiple brain regions. Most research into AD-related memory loss has focused on the hippocampus, the region of the brain most associated with learning and memory. However, multiple other brain",Studentship,0,Biomedical & Health,https://gtr.ukri.org/projects?ref=B93DA730-F252-4ED0-8EF0-01EB369FF9CA,0.0,Bad Fit
PAIR_0074,014B5D50-1B76-4A7B-8435-A653096C475F,Giuseppe Battaglia,Cybersecurity & Computing,"cybersecurity, security, encryption, network, privacy, blockchain",https://gtr.ukri.org/person/014B5D50-1B76-4A7B-8435-A653096C475F,D245A12A-4FEC-4738-B900-00283332FDFA,Random trees: analysis and applications,"Trees are a mathematical object that arise naturally in various contexts: for example, in computer science, search trees are widely use in databases as an efficient way to store and retrieve data, in biology, phylogenetic trees are key in understanding the evolution of species, and in network theory, trees are meaningful, tractable models for large networks.

This applied probability project focus",Fellowship,0,Cybersecurity & Computing,https://gtr.ukri.org/projects?ref=D245A12A-4FEC-4738-B900-00283332FDFA,0.2,Good Fit
PAIR_0198,06C04367-189B-463C-AB59-358739FA3954,Vardhman Rakyan,Climate & Environment,"climate, carbon, greenhouse, sustainability, renewable, net zero",https://gtr.ukri.org/person/06C04367-189B-463C-AB59-358739FA3954,B555B1DE-A876-4087-A165-00BA34070D43,University of York and Croda International plc,To develop methods to objectively and quantitatively compare the similarity of speciality chemical ingredients manufactured in different locations based on data sets produced by analytical chemistry instrumentation. The data will be related to the molecular structures of their constituents.,Knowledge Transfer Partnership,0,Biology & Life Sciences,https://gtr.ukri.org/projects?ref=B555B1DE-A876-4087-A165-00BA34070D43,0.0,Average Fit
PAIR_0165,002C7B10-8094-4247-BF32-E7A274FB304C,Roy Sanderson,Biomedical & Health,"cancer, diabetes, drug, clinical, biomedical, genomic",https://gtr.ukri.org/person/002C7B10-8094-4247-BF32-E7A274FB304C,AE36B5DD-F362-434D-9D43-00AF1541C49E,From Data to Knowledge: Understanding peace and conflict from afar (seminar series),"This series begins with a set of questions which UN peacekeepers, aid workers, governments, researchers and conflict analysts are increasingly troubled by: how do we know what we know about fragile and conflict-affected regions and how far do our understandings reflect - and take account of - the views and perspectives of communities living in these regions? Bringing together leading scholars and ",Research Grant,0,Social Sciences,https://gtr.ukri.org/projects?ref=AE36B5DD-F362-434D-9D43-00AF1541C49E,0.0,Average Fit
PAIR_0279,0107EC77-84F3-4182-B8B2-AD73ED7E4BB0,Michelle McKinley,Biomedical & Health,"cancer, diabetes, drug, clinical, biomedical, genomic",https://gtr.ukri.org/person/0107EC77-84F3-4182-B8B2-AD73ED7E4BB0,CC4941D0-BCB6-4107-91F2-013D9FA71063,Hyperthermal atomic oxygen effects on satellite systems,"The University of Manchester is developing a unique experimental facility that replicates hyperthermal atomic oxygen flux in very low Earth orbits (VLEO), essentially a rarefied flow wind tunnel, called the Rarefied Orbital Aerodynamics Research Facility (ROAR). It will be a unique facility able to characterise the reemitted flow from surfaces and thereby determine their aerodynamic properties. Th",Studentship,0,Engineering & Physics,https://gtr.ukri.org/projects?ref=CC4941D0-BCB6-4107-91F2-013D9FA71063,0.0,Bad Fit
PAIR_0121,02A2D0C2-DA3F-48DF-8FD8-F27140FAA0FA,Terence Sloan,Climate & Environment,"climate, carbon, greenhouse, sustainability, renewable, net zero",https://gtr.ukri.org/person/02A2D0C2-DA3F-48DF-8FD8-F27140FAA0FA,A9622957-D8F6-40AD-A4F0-01A99E830BB7,To develop periodic calibrations and self calibrations whilst complementing existing methods,"Main focus: Design a digital antenna for radar applications.
- Investigate Beam Forming and where to digitise
- Simulation and further implementation of a Digital Beam Forming system.
- Testing on the relevant hardware",Studentship,0,Cybersecurity & Computing,https://gtr.ukri.org/projects?ref=A9622957-D8F6-40AD-A4F0-01A99E830BB7,0.0,Average Fit
PAIR_0028,014B5D50-1B76-4A7B-8435-A653096C475F,Giuseppe Battaglia,Cybersecurity & Computing,"cybersecurity, security, encryption, network, privacy, blockchain",https://gtr.ukri.org/person/014B5D50-1B76-4A7B-8435-A653096C475F,059C2C14-4452-4CCB-BBE1-0080A54F0866,CULTUral heritage in RurAL remote areas for creative tourism and sustainabilITY,"The main objective of the project is to contribute to the promotion of cultural and creative tourism activities, considering the different capacities, resources, and specificities (material, creative, human...) of the territories, as a mean to help with the sustainable development of peripheral rural areas, favoring job creation and population settlement. For this, the potential of its cultural he",EU-Funded,0,Artificial Intelligence,https://gtr.ukri.org/projects?ref=059C2C14-4452-4CCB-BBE1-0080A54F0866,0.0667,Good Fit
PAIR_0245,00549524-FBFA-487B-BCFD-5E09C2330D59,Luc Bussiere,Biology & Life Sciences,"biology, genetics, cell, molecular, microbiology, neuroscience",https://gtr.ukri.org/person/00549524-FBFA-487B-BCFD-5E09C2330D59,CA171124-34B1-4EDC-B1D5-0132D53AA5E5,Scheduling with Resource and Job Patterns,The project will bring together two streams of scheduling research which involve patterns of different types: resource patterns and job patterns. Resource patterns are typical for personnel scheduling problems and for project management; job patterns are usually studied within machine scheduling. In spite of the differences in the nature of two types of patterns and the differences in application ,Research Grant,0,Biomedical & Health,https://gtr.ukri.org/projects?ref=CA171124-34B1-4EDC-B1D5-0132D53AA5E5,0.0,Bad Fit
PAIR_0137,00122ACF-107C-4C9D-A646-FD492352D7D0,Simon Beddows,Engineering & Physics,"engineering, materials, nanotechnology, quantum, photonics, semiconductor",https://gtr.ukri.org/person/00122ACF-107C-4C9D-A646-FD492352D7D0,C6845530-0293-4A4D-82A2-01B316210197,Loughborough University and Encocam Limited KTP 22_23 R2,To develop a commercially manufactured anthropomorphic neck model and predictive impact modelling software to upgrade industry standards in product design and safety testing.,Knowledge Transfer Partnership,0,Data Science & Statistics,https://gtr.ukri.org/projects?ref=C6845530-0293-4A4D-82A2-01B316210197,0.0,Average Fit
PAIR_0066,01222E1F-13BA-40DE-A5AB-251A80992C3C,Edward Codling,Cybersecurity & Computing,"cybersecurity, security, encryption, network, privacy, blockchain",https://gtr.ukri.org/person/01222E1F-13BA-40DE-A5AB-251A80992C3C,CB887CC7-BE83-4EF7-8451-01D3B37C59A7,Advanced high fidelity modelling of woven composites,"In the last decades, advanced composite laminates have represented one of the most used material technologies able to ensure unparalleled performance in terms of strength to weight ratio and range of applicability. However, the newest aerospace engineering challenges has led to ever increasing demand for better mechanical properties and higher reliability. Traditionally, the composites laminate ex",Studentship,0,Engineering & Physics,https://gtr.ukri.org/projects?ref=CB887CC7-BE83-4EF7-8451-01D3B37C59A7,0.0667,Good Fit
PAIR_0299,01103B71-79AE-4060-AFAD-291F3A9F8ECE,Yonghong Peng,Data Science & Statistics,"data science, statistical, big data, analytics, regression, bayesian",https://gtr.ukri.org/person/01103B71-79AE-4060-AFAD-291F3A9F8ECE,CC4954D1-8CE0-43B9-BFAD-01DFA8571AAE,Improved efficiencies during health emergencies through enhanced visualisation of tubes and lines in the ITU setting,"The Covid-19 pandemic has seen a huge increase in the number of hospital admissions for patients requiring care in intensive therapy/care units (ITU). These patients are often critically ill, immobile and in need of rapid interventions to assist with breathing, feeding and deployment of other health support systems. This influx has also highlighted how inadequate current mobile imaging systems are",Collaborative R&D,0,Biomedical & Health,https://gtr.ukri.org/projects?ref=CC4954D1-8CE0-43B9-BFAD-01DFA8571AAE,0.0,Bad Fit
PAIR_0026,017300FC-1FA7-48B3-8573-2A4C2FF0D83D,Philip Cohen,Artificial Intelligence,"machine learning, deep learning, neural, artificial intelligence, computer vision, natural language",https://gtr.ukri.org/person/017300FC-1FA7-48B3-8573-2A4C2FF0D83D,027CDB72-517A-4A0D-AE08-00FDFAE8F76C,Establishing a test methodology for PFAS-free barrier materials for the hydrogen economy,"This project addresses the technical challenges associated with accurately measuring hydrogen permeation in rubber materials used in key industries such as energy and automotive. As the UK government advances ambitious hydrogen production goals and global hydrogen demand continues to rise, the establishment of reliable, standardised testing methodologies for hydrogen permeation is critical to ensu",Grant for R&D,0,Artificial Intelligence,https://gtr.ukri.org/projects?ref=027CDB72-517A-4A0D-AE08-00FDFAE8F76C,0.0714,Good Fit
PAIR_0223,00DD045C-4D5B-4C92-9996-2E487F5AFD95,David Littlewood,Cybersecurity & Computing,"cybersecurity, security, encryption, network, privacy, blockchain",https://gtr.ukri.org/person/00DD045C-4D5B-4C92-9996-2E487F5AFD95,9BEB5228-05D7-4017-A190-019DB6948D85,Determining how global genome nucleotide excision repair promotes efficient removal of DNA damage from chromatin,Contained within each of our cells is the coded information necessary for life. The information is stored in a compartment of the cell called the nucleus which contains a large molecule with a remarkable structure called deoxyribonucleic acid - DNA. The information within the DNA is divided into units called chromosomes which are further subdivided into genes. DNA is packaged into chromatin in ord,Research Grant,0,Biology & Life Sciences,https://gtr.ukri.org/projects?ref=9BEB5228-05D7-4017-A190-019DB6948D85,0.0,Bad Fit
PAIR_0116,064AF9D4-C0EA-47C5-AAC2-BD5AD0407FCB,Jane Parker,Data Science & Statistics,"data science, statistical, big data, analytics, regression, bayesian",https://gtr.ukri.org/person/064AF9D4-C0EA-47C5-AAC2-BD5AD0407FCB,C89189A6-DAF2-4D02-BBAE-01988F9895EF,Landsaver Solar,"An external expert will be able to provide advice on areas including prototyping, IP and business planning. With regard to developing the prototype the expert should be able to provide recommendations on how to effectively engage partners as well as identifying potential sources of early stage finance. Specific recommendations about how to protect IP in updating and combining technologies will als",Vouchers,0,Biology & Life Sciences,https://gtr.ukri.org/projects?ref=C89189A6-DAF2-4D02-BBAE-01988F9895EF,0.0,Average Fit
PAIR_0246,0066B5FC-8A64-4FF0-9F26-19CCCAEFA2A6,Mark Saunders,Biology & Life Sciences,"biology, genetics, cell, molecular, microbiology, neuroscience",https://gtr.ukri.org/person/0066B5FC-8A64-4FF0-9F26-19CCCAEFA2A6,B89DFBF7-7023-4B5F-8186-01023150D6C4,Shared outcome prototype technology for the music industry,"SHOUT4 is an online deal management software in the creative industries, featuring the sharing of outcomes. The value of a shared outcome deal is its ability to secure the best teams to work on projects while de risking the upfront capital costs. It is a system with a truly democratised outcome. This innovative model offers a real opportunity to reshape how deals are made in the post Covid-19 worl",Collaborative R&D,0,Social Sciences,https://gtr.ukri.org/projects?ref=B89DFBF7-7023-4B5F-8186-01023150D6C4,0.0,Bad Fit
PAIR_0123,001743F2-D7F0-4DC0-912A-ACB441351939,Laura Conforti,Biology & Life Sciences,"biology, genetics, cell, molecular, microbiology, neuroscience",https://gtr.ukri.org/person/001743F2-D7F0-4DC0-912A-ACB441351939,0AF5D063-4580-42D4-B9A9-005CAB06FD35,Literary Mapping: Dickens and the Dynamics of Place,"Along with a large collection of nineteenth-century maps of London and topographical materials, The Museum of London (MoL) holds a series of 41 watercolours painted 1860-1870 by J.L. Stewart of 'real places' in Dickens's novels. The Bishopsgate Institute holds a further 60 Victorian watercolours of Dickensian places. Other holdings at MoL include paintings, panoramas, and stereographic images; the",Training Grant,0,Artificial Intelligence,https://gtr.ukri.org/projects?ref=0AF5D063-4580-42D4-B9A9-005CAB06FD35,0.0556,Average Fit
PAIR_0199,064994EC-762B-454D-9DCA-D4E5169EE34D,Frederick Livesey,Biomedical & Health,"cancer, diabetes, drug, clinical, biomedical, genomic",https://gtr.ukri.org/person/064994EC-762B-454D-9DCA-D4E5169EE34D,12B11A9F-EEC6-4F42-9D0E-002099A6D5D4,C-FORCE: Carbon-Cycle Feedbacks from Response to Carbon Emissions,"The dominant driver of anthropogenic global warming is the increasing amount of the greenhouse gas carbon dioxide in the atmosphere. This is increasing because it is being emitted by the burning of fossil fuel, deforestation and cement making, with only ~45% staying in the atmosphere. The rest is stored in other reservoirs at or near Earth's surface including the ocean, trees, soils, permafrost an",Research Grant,0,Climate & Environment,https://gtr.ukri.org/projects?ref=12B11A9F-EEC6-4F42-9D0E-002099A6D5D4,0.0,Average Fit
PAIR_0156,0172F194-864E-4641-95A2-BD92C8CB1834,Martin Brand,Biology & Life Sciences,"biology, genetics, cell, molecular, microbiology, neuroscience",https://gtr.ukri.org/person/0172F194-864E-4641-95A2-BD92C8CB1834,B8F1E626-8F83-402D-B5A4-00671DEA4A05,Museums in the Metaverse,"This project will create a two-sided Museums in the Metaverse platform empowering online visitors to explore vast cultural assets in engaging new ways; enable novice and expert curators to create new content; and explore models of use to support sustainable economic and cultural growth.

Virtual museums can escape the physical and geographical constraints that curtail traditional museums. Those co",Collaborative R&D,0,Social Sciences,https://gtr.ukri.org/projects?ref=B8F1E626-8F83-402D-B5A4-00671DEA4A05,0.0556,Average Fit
PAIR_0200,0114B0BD-9EB7-4D48-9BD6-3FED2BC45FDD,Chittur Srinivasan,Social Sciences,"social, inequality, education, poverty, policy, community",https://gtr.ukri.org/person/0114B0BD-9EB7-4D48-9BD6-3FED2BC45FDD,CC4954D1-8CE0-43B9-BFAD-01DFA8571AAE,Improved efficiencies during health emergencies through enhanced visualisation of tubes and lines in the ITU setting,"The Covid-19 pandemic has seen a huge increase in the number of hospital admissions for patients requiring care in intensive therapy/care units (ITU). These patients are often critically ill, immobile and in need of rapid interventions to assist with breathing, feeding and deployment of other health support systems. This influx has also highlighted how inadequate current mobile imaging systems are",Collaborative R&D,0,Biomedical & Health,https://gtr.ukri.org/projects?ref=CC4954D1-8CE0-43B9-BFAD-01DFA8571AAE,0.0588,Average Fit
PAIR_0050,064AF9D4-C0EA-47C5-AAC2-BD5AD0407FCB,Jane Parker,Data Science & Statistics,"data science, statistical, big data, analytics, regression, bayesian",https://gtr.ukri.org/person/064AF9D4-C0EA-47C5-AAC2-BD5AD0407FCB,C5DED267-17CB-469B-9AB7-0023D7223985,Workshop on Analytic and Computational Techniques in Spectral Theory and Related Topics,"The Workshop will bring together scientists who work on problems in the area of spectral theory and its applications to real world problems,to discuss open problems at the interface of analytic and computational methods. The workshop will focus on outstanding issues in Harmonic analysis,High contrast problems, Dynamical systems and non-linear problems and on questions at the interface of these top",Research Grant,0,Data Science & Statistics,https://gtr.ukri.org/projects?ref=C5DED267-17CB-469B-9AB7-0023D7223985,0.0714,Good Fit
PAIR_0208,00FAA1C0-3601-4DEA-B4C2-783E49E49868,Liam Morrison,Climate & Environment,"climate, carbon, greenhouse, sustainability, renewable, net zero",https://gtr.ukri.org/person/00FAA1C0-3601-4DEA-B4C2-783E49E49868,CB887CC7-BE83-4EF7-8451-01D3B37C59A7,Advanced high fidelity modelling of woven composites,"In the last decades, advanced composite laminates have represented one of the most used material technologies able to ensure unparalleled performance in terms of strength to weight ratio and range of applicability. However, the newest aerospace engineering challenges has led to ever increasing demand for better mechanical properties and higher reliability. Traditionally, the composites laminate ex",Studentship,0,Engineering & Physics,https://gtr.ukri.org/projects?ref=CB887CC7-BE83-4EF7-8451-01D3B37C59A7,0.0,Bad Fit
PAIR_0152,002C2C0C-07F0-4DBF-BAEC-C97B047EF4AE,Holly Blake,Climate & Environment,"climate, carbon, greenhouse, sustainability, renewable, net zero",https://gtr.ukri.org/person/002C2C0C-07F0-4DBF-BAEC-C97B047EF4AE,A965778C-92A1-4CB3-92FE-01C4EF3B9B33,What does a disability-inclusive pandemic response mean for Liberia and how can it lead to genuine systemic change?,"It is widely recognised that people with disabilities are disproportionately affected by COVID-19 (FCDO,2020; UN,2020a). Yet there is limited empirical evidence on the ways and extent to which the response itself has affected the lives of disabled populations in low-income settings, and how this compares to other epidemics. This research compares how people with disabilities experienced outbreaks ",Studentship,0,Social Sciences,https://gtr.ukri.org/projects?ref=A965778C-92A1-4CB3-92FE-01C4EF3B9B33,0.0,Average Fit
PAIR_0030,00CBBEF2-B62B-4720-B01C-CB8B2294324E,Sophia Ananiadou,Data Science & Statistics,"data science, statistical, big data, analytics, regression, bayesian",https://gtr.ukri.org/person/00CBBEF2-B62B-4720-B01C-CB8B2294324E,CAABF5E9-4CBF-4460-9F40-00675247F686,Genome-wide association mapping and landscape scale modelling of heritable ionomic diversity in Arabidopsis thaliana populations,"The proposed research utilizes genetic approaches to identify the genes that control the way plants take up mineral nutrient found in fertilizers such as potassium and phosphorus and potential toxic substances such as sodium (for the plant), and arsenic and cadmium (for humans that eat the plants). By understanding how different forms of the genes we discover are used by plants to allow them to gr",Research Grant,0,Biology & Life Sciences,https://gtr.ukri.org/projects?ref=CAABF5E9-4CBF-4460-9F40-00675247F686,0.0714,Good Fit
PAIR_0111,00D084A2-59CF-46B8-9085-AB3881AF13A1,Gino Poulin,Social Sciences,"social, inequality, education, poverty, policy, community",https://gtr.ukri.org/person/00D084A2-59CF-46B8-9085-AB3881AF13A1,C7888BF7-1889-4456-B1A6-00BAC18104B4,Graphene-enhanced membrane for rechargeable Copper/Zinc battery energy storage,"This project tests the proof of concept that a novel membrane is impermeable to metal ions, which increases the cycle life of a rechargeable Copper/Zinc battery energy storage.",Grant for R&D,0,Social Sciences,https://gtr.ukri.org/projects?ref=C7888BF7-1889-4456-B1A6-00BAC18104B4,0.0,Average Fit
PAIR_0256,008605AC-4E7A-4CEE-B1FD-0203BCF68AC8,Alan Bowman,Climate & Environment,"climate, carbon, greenhouse, sustainability, renewable, net zero",https://gtr.ukri.org/person/008605AC-4E7A-4CEE-B1FD-0203BCF68AC8,9B545D57-99D7-44DE-A3C2-00C2232E1E0B,"Forgotten Faces? The Memory of Irish Contributions to the Allied War Effort in Ireland, 1939-2015.","&quot;Your father is a traitor; you should be ashamed of him&quot;. Paddy Reid Jr.'s father was outcast for his Second World War service in the British army; there was nothing honourable about aiding Ireland's former colonial ruler. Throughout WWII, Ireland remained neutral and outlawed citizens from volunteering with belligerents' militaries, so much so that draconian governmental censorship laws",Studentship,0,Social Sciences,https://gtr.ukri.org/projects?ref=9B545D57-99D7-44DE-A3C2-00C2232E1E0B,0.0,Bad Fit
PAIR_0257,012897B8-0FC0-4398-A0A0-AEB37D2F3BEA,Peter Moody,Biomedical & Health,"cancer, diabetes, drug, clinical, biomedical, genomic",https://gtr.ukri.org/person/012897B8-0FC0-4398-A0A0-AEB37D2F3BEA,0E38D2AD-A758-47BB-B0F8-0106B23E00DA,Maximising Academic Translational Projects Towards Optimal Commercialisation Outputs and Impact,"Abstracts are not currently available in GtR for all funded research. This is normally because the abstract was not required at the time of proposal submission, but may be because it included sensitive information such as personal details.",Intramural,0,Artificial Intelligence,https://gtr.ukri.org/projects?ref=0E38D2AD-A758-47BB-B0F8-0106B23E00DA,0.0,Bad Fit
PAIR_0054,00122ACF-107C-4C9D-A646-FD492352D7D0,Simon Beddows,Engineering & Physics,"engineering, materials, nanotechnology, quantum, photonics, semiconductor",https://gtr.ukri.org/person/00122ACF-107C-4C9D-A646-FD492352D7D0,D3610DF8-836B-4487-AB55-01FAEEDD2A79,Plasmonic chips for the early detection of pancreatic cancer,"Plasmonic materials have very unique optical properties, including localised surface plasmon resonance. The aim of this project is to design and develop &quot;metal enhanced fluorescence&quot; platform technology, capable of increasing the signal coming from the fluorescent molecules by thousands of times, by exploiting the optical properties of designed plasmonic materials. The sensing chips base",Studentship,0,Engineering & Physics,https://gtr.ukri.org/projects?ref=D3610DF8-836B-4487-AB55-01FAEEDD2A79,0.1875,Good Fit
PAIR_0149,00F321B5-04E7-4C82-BA1A-93F5FAC79B20,Christopher Petkov,Biology & Life Sciences,"biology, genetics, cell, molecular, microbiology, neuroscience",https://gtr.ukri.org/person/00F321B5-04E7-4C82-BA1A-93F5FAC79B20,C4C0FE34-99A7-4628-BE09-012EC86C559A,SUPERGEN: Delivery of Sustainable Hydrogen,"We seek to deliver new technologies capable of clean and cost-effective conversion of low-carbon electricity and various carbon sources, including biomass and waste, into hydrogen. We have set up a consortium to address this target involving 14 University research groups. This will achieve significant critical mass and provide a proactive consortium, well linked to a range of industrial actors, to",Research Grant,0,Climate & Environment,https://gtr.ukri.org/projects?ref=C4C0FE34-99A7-4628-BE09-012EC86C559A,0.0556,Average Fit
PAIR_0230,0156670F-81A5-4840-BD67-700164999012,Deborah Smith,Data Science & Statistics,"data science, statistical, big data, analytics, regression, bayesian",https://gtr.ukri.org/person/0156670F-81A5-4840-BD67-700164999012,09E9D9A8-C863-48AA-B42B-004D4B4A472D,Open Access Block Award 2023 - Armagh Observatory and Planetarium,"Abstracts are not currently available in GtR for all funded research. This is normally because the abstract was not required at the time of proposal submission, but may be because it included sensitive information such as personal details.",Research Grant,0,Artificial Intelligence,https://gtr.ukri.org/projects?ref=09E9D9A8-C863-48AA-B42B-004D4B4A472D,0.0,Bad Fit
PAIR_0277,013D7260-5109-427D-BE5E-0A01B01E462E,Robert Janes,Social Sciences,"social, inequality, education, poverty, policy, community",https://gtr.ukri.org/person/013D7260-5109-427D-BE5E-0A01B01E462E,977F5498-4E0A-47CE-BC4E-009747B0AACA,Optipress Stepped change in precision and strength optimisation capability for steel fabrications,"The fuel rail is a pressure reservoir which feeds fuel injectors with fuel from a high pressure fuel pump, it works in a very demanding environment experiencing high cycle fatigue due to high frequency pressure fluctuation. The Optipress project will innovate fuel rails design by connecting design tools for FEA, distortion prediction and fatigue design to maximise the potential for autonomous desi",Collaborative R&D,0,Artificial Intelligence,https://gtr.ukri.org/projects?ref=977F5498-4E0A-47CE-BC4E-009747B0AACA,0.0,Bad Fit
PAIR_0090,009A36C7-DBA2-40E0-9F7C-D03301FF9E2D,David Shanks,Engineering & Physics,"engineering, materials, nanotechnology, quantum, photonics, semiconductor",https://gtr.ukri.org/person/009A36C7-DBA2-40E0-9F7C-D03301FF9E2D,00CDCA79-8C71-453A-AA24-0181FDBB9BC6,How do cells shape and interpret PIP3 signals?,Multi-cellular organisms rely on a large array of different transmitter substances to allow certain cells to control the behavior of others. The more sophisticated the organism the more complex the cell to cell communication. In mammals this language probably involves hundreds of fundamentally different types of transmitter. Clearly such systems need a large collection of specialized receptor mole,Research Grant,0,Biology & Life Sciences,https://gtr.ukri.org/projects?ref=00CDCA79-8C71-453A-AA24-0181FDBB9BC6,0.0625,Good Fit
PAIR_0006,01222E1F-13BA-40DE-A5AB-251A80992C3C,Edward Codling,Cybersecurity & Computing,"cybersecurity, security, encryption, network, privacy, blockchain",https://gtr.ukri.org/person/01222E1F-13BA-40DE-A5AB-251A80992C3C,B3A32DFA-606B-4523-98A2-0169701F5CA6,Easy Digital to Search Engine Optimisation,"Easy Digital aims to change the way websites are optimised for search engines through innovative technology. We use AI and automation to streamline the process and make it faster and more efficient. By using this cutting-edge technology, we can analyse and improve various aspects of a website in just a matter of minutes, instead of the days or even weeks it would take with traditional methods.

Th",Collaborative R&D,0,Artificial Intelligence,https://gtr.ukri.org/projects?ref=B3A32DFA-606B-4523-98A2-0169701F5CA6,0.0667,Good Fit
PAIR_0192,064994EC-762B-454D-9DCA-D4E5169EE34D,Frederick Livesey,Biomedical & Health,"cancer, diabetes, drug, clinical, biomedical, genomic",https://gtr.ukri.org/person/064994EC-762B-454D-9DCA-D4E5169EE34D,ACB57DB2-B92F-460E-AA8E-00F08E840C6E,fusing MEDICAL IMAGES and CFD for precision VASCULAR INTERVENTIONS (MEDICARE),"Abstracts are not currently available in GtR for all funded research. This is normally because the abstract was not required at the time of proposal submission, but may be because it included sensitive information such as personal details.",Research Grant,0,Artificial Intelligence,https://gtr.ukri.org/projects?ref=ACB57DB2-B92F-460E-AA8E-00F08E840C6E,0.0556,Average Fit
PAIR_0214,0156670F-81A5-4840-BD67-700164999012,Deborah Smith,Data Science & Statistics,"data science, statistical, big data, analytics, regression, bayesian",https://gtr.ukri.org/person/0156670F-81A5-4840-BD67-700164999012,C10D98F1-F9B3-4BB9-8390-01DBEC2E1D43,Rapid-Transfer Dynamic Nuclear Polarization,"Nuclear magnetic resonance (NMR) is a powerful method that probes the structure and dynamics of small and large molecules. NMR is also at the heart of magnetic resonance imaging (MRI). In both cases the signal arises from nuclear spins, which can be pictured as tiny magnets. These nuclear magnets can be aligned in an external magnetic field, but because they are so weak, the net alignment in a typ",Fellowship,0,Biomedical & Health,https://gtr.ukri.org/projects?ref=C10D98F1-F9B3-4BB9-8390-01DBEC2E1D43,0.0,Bad Fit
PAIR_0027,00E88C58-EA16-4756-856A-E77DF428EDF0,Nicola Holden,Engineering & Physics,"engineering, materials, nanotechnology, quantum, photonics, semiconductor",https://gtr.ukri.org/person/00E88C58-EA16-4756-856A-E77DF428EDF0,B6947927-C20D-482C-AE4C-01F082DD89B9,Relaxed Memory Model Design for Theory and Practice,"In the past few years, computer processors have reached a speed limit imposed
by semiconductor physics. Before, increased performance came from running a
single program faster, but now it comes from running more programs
concurrently, on multiple &quot;cores&quot;. Multi-core processors also support
low-power applications, and are becoming popular on mobile devices, such as
smart phones, where sev",Research Grant,0,Cybersecurity & Computing,https://gtr.ukri.org/projects?ref=B6947927-C20D-482C-AE4C-01F082DD89B9,0.125,Good Fit
PAIR_0157,00CBBEF2-B62B-4720-B01C-CB8B2294324E,Sophia Ananiadou,Data Science & Statistics,"data science, statistical, big data, analytics, regression, bayesian",https://gtr.ukri.org/person/00CBBEF2-B62B-4720-B01C-CB8B2294324E,0248EF3F-DD65-4561-BD94-020C64D6F13D,"VANTAGE - An intelligent payload that enables UAVs to autonomously land on maritime vessels, ultimately addressing Urban Air Mobility requirements.","Abstracts are not currently available in GtR for all funded research. This is normally because the abstract was not required at the time of proposal submission, but may be because it included sensitive information such as personal details.",BEIS-Funded Programmes,0,Artificial Intelligence,https://gtr.ukri.org/projects?ref=0248EF3F-DD65-4561-BD94-020C64D6F13D,0.0,Average Fit
PAIR_0204,013D7260-5109-427D-BE5E-0A01B01E462E,Robert Janes,Social Sciences,"social, inequality, education, poverty, policy, community",https://gtr.ukri.org/person/013D7260-5109-427D-BE5E-0A01B01E462E,A35FC1D3-7DA5-48F7-A356-0031E8BD6509,Sperm-induced signalling events in cells of the female tract.,"We know almost nothing of the biology occurring as sperm traverse the female tract, but intriguing new evidence suggests that sperm may activate signaling responses in cells of the female tract and play a key role in preparation for embryo implantation. It may even be that signaling triggered by sperm before embryo implantation in the uterus go on to affect the health of any child born.

A powerfu",Studentship,0,Biology & Life Sciences,https://gtr.ukri.org/projects?ref=A35FC1D3-7DA5-48F7-A356-0031E8BD6509,0.0,Bad Fit
PAIR_0143,0045DBDF-966E-46AB-9209-D8F9CBE4B1FC,Maria Appleyard,Social Sciences,"social, inequality, education, poverty, policy, community",https://gtr.ukri.org/person/0045DBDF-966E-46AB-9209-D8F9CBE4B1FC,D110F86D-8C6C-483D-BF5F-01732039F7A3,Compressible Alfven waves in fusion plasmas,"An essential aspect towards the successful development of viable fusion energy using magnetically confined plasmas, as envisaged in the international ITER and DEMO tokamak programs, is a deep understanding of the physical processes at play in the stability and transport of the fusion plasma. Through the fusion process energy is produced in the form of energetic neutrons, whose energy will generate",Research Grant,0,Data Science & Statistics,https://gtr.ukri.org/projects?ref=D110F86D-8C6C-483D-BF5F-01732039F7A3,0.0,Average Fit
PAIR_0197,06958A48-8D6D-4E9C-B204-570E76AB3CAA,Pat Doyle,Cybersecurity & Computing,"cybersecurity, security, encryption, network, privacy, blockchain",https://gtr.ukri.org/person/06958A48-8D6D-4E9C-B204-570E76AB3CAA,0E38D2AD-A758-47BB-B0F8-0106B23E00DA,Maximising Academic Translational Projects Towards Optimal Commercialisation Outputs and Impact,"Abstracts are not currently available in GtR for all funded research. This is normally because the abstract was not required at the time of proposal submission, but may be because it included sensitive information such as personal details.",Intramural,0,Artificial Intelligence,https://gtr.ukri.org/projects?ref=0E38D2AD-A758-47BB-B0F8-0106B23E00DA,0.0,Average Fit
PAIR_0265,014B5D50-1B76-4A7B-8435-A653096C475F,Giuseppe Battaglia,Cybersecurity & Computing,"cybersecurity, security, encryption, network, privacy, blockchain",https://gtr.ukri.org/person/014B5D50-1B76-4A7B-8435-A653096C475F,C723D537-1AC6-4729-A749-01DD8316D0A3,Ages and Stages: translating research into practice,"This proposal builds on - and extends to new audiences and user communities - our NDA funded research project (2009-2012) entitled Ages and Stages: The Place of Theatre in Representations and Recollections of Ageing. It aims to develop some of the activities and research-led learning from that project and, in so doing, reach out to - and bring together - user communities who may not traditionally ",Research Grant,0,Social Sciences,https://gtr.ukri.org/projects?ref=C723D537-1AC6-4729-A749-01DD8316D0A3,0.0,Bad Fit
PAIR_0005,002398B2-6E97-4D5A-BD3B-D195463D7AE2,Nicola Festuccia,Artificial Intelligence,"machine learning, deep learning, neural, artificial intelligence, computer vision, natural language",https://gtr.ukri.org/person/002398B2-6E97-4D5A-BD3B-D195463D7AE2,CB193A33-9836-49D5-B74C-020AB71DF312,New insights into the deposit architecture and emplacement mechanisms of block-and-ash flows using ground penetrating radar,"Block-and-ash flows (BAFs) are amongst the most dangerous volcanic phenomena on the planet. Generated by gravitational or explosive collapses of viscous lava domes or by the collapse of vulcanian-type eruption columns, BAFs are common at many active subduction zone volcanoes, including Colima (Mexico), Unzen (Japan), Soufri&egrave;re Hills (Montserrat), Arenal (Costa Rica) and Merapi (Indonesia), ",Research Grant,0,Artificial Intelligence,https://gtr.ukri.org/projects?ref=CB193A33-9836-49D5-B74C-020AB71DF312,0.0714,Good Fit
PAIR_0185,0045DBDF-966E-46AB-9209-D8F9CBE4B1FC,Maria Appleyard,Social Sciences,"social, inequality, education, poverty, policy, community",https://gtr.ukri.org/person/0045DBDF-966E-46AB-9209-D8F9CBE4B1FC,0C8BB41D-B4B5-4A91-B6AA-00D48582C5AE,Real-time prediction of cellular states in 3D lattice light sheet microscopy,"Programme overview:
This MRC-funded doctoral training partnership (DTP) brings together cutting-edge molecular and analytical sciences with innovative computational approaches in data analysis to enable students to address hypothesis-led biomedical research questions. This is a 4-year programme whose first year involves a series of taught modules and two laboratory-based research projects that lea",Studentship,0,Biomedical & Health,https://gtr.ukri.org/projects?ref=0C8BB41D-B4B5-4A91-B6AA-00D48582C5AE,0.0588,Average Fit
PAIR_0173,00AA76AB-2766-48AE-96D9-C5BF1E10C26A,Aniko Varadi,Biology & Life Sciences,"biology, genetics, cell, molecular, microbiology, neuroscience",https://gtr.ukri.org/person/00AA76AB-2766-48AE-96D9-C5BF1E10C26A,C32AE720-851F-4A1F-9415-00D594F95B65,A cross-disciplinary soil-proteomics and modelling approach for predicting switches between hydrophilic and hydrophobic soil surface responses,"A strange property of many soils is that they do not readily wet on contact with rain, which has many implications for soil management. Although these soils may not be especially hydrophobic, wetting is slower than would be inferred from the sizes of their pores. This property is usually defined as sub-critical water repellency. Where water repellency is high (critical repellency), it causes pondi",Research Grant,0,Artificial Intelligence,https://gtr.ukri.org/projects?ref=C32AE720-851F-4A1F-9415-00D594F95B65,0.0,Average Fit
PAIR_0193,02A2D0C2-DA3F-48DF-8FD8-F27140FAA0FA,Terence Sloan,Climate & Environment,"climate, carbon, greenhouse, sustainability, renewable, net zero",https://gtr.ukri.org/person/02A2D0C2-DA3F-48DF-8FD8-F27140FAA0FA,A72795E7-6DB1-4F65-9DDB-0158A7609097,"Application of High-Fidelity, High-Speed Remote Entanglement of Trapped Ion Qubits to Fundamental Quantum Information Processing","Trapped ions have many useful properties that make them a suitable candidate for the implementation of quantum algorithms, such as long coherence times and the ability to entangle them in a highly controllable way through the mutual Coulomb repulsion of the ions that mediates a coupling between them. However, the number of qubits must be significantly increased to render quantum information proces",Studentship,0,Artificial Intelligence,https://gtr.ukri.org/projects?ref=A72795E7-6DB1-4F65-9DDB-0158A7609097,0.0,Average Fit
PAIR_0036,002C7B10-8094-4247-BF32-E7A274FB304C,Roy Sanderson,Biomedical & Health,"cancer, diabetes, drug, clinical, biomedical, genomic",https://gtr.ukri.org/person/002C7B10-8094-4247-BF32-E7A274FB304C,A35FC1D3-7DA5-48F7-A356-0031E8BD6509,Sperm-induced signalling events in cells of the female tract.,"We know almost nothing of the biology occurring as sperm traverse the female tract, but intriguing new evidence suggests that sperm may activate signaling responses in cells of the female tract and play a key role in preparation for embryo implantation. It may even be that signaling triggered by sperm before embryo implantation in the uterus go on to affect the health of any child born.

A powerfu",Studentship,0,Biology & Life Sciences,https://gtr.ukri.org/projects?ref=A35FC1D3-7DA5-48F7-A356-0031E8BD6509,0.1111,Good Fit
